Name,Team,G,PA,HR,R,RBI,SB,BB%,K%,ISO,BABIP,AVG,OBP,SLG,wOBA,xwOBA,wRC+,BsR,Off,Def,WAR,NameASCII,PlayerId,MLBAMID
"Aaron Judge","NYY",158,704,58,122,144,10,0.188920454,0.242897727,0.379248659,0.367469879,0.322003577,0.458036984,0.701252236,0.4757340011100992,0.4809395285213695,219.7835722854021,-0.4984457269310951,95.99004813936546,-9.60292387008667,11.330297437783324,"Aaron Judge",15640,592450
"Bobby Witt Jr.","KCR",161,709,32,125,109,31,0.080394922,0.149506346,0.256289308,0.35375494,0.331761006,0.389280677,0.588050314,0.40973835374627793,0.40694056919642857,169.13393177564416,4.4806563928723335,60.56518826975379,17.544815063476562,10.492560516478926,"Bobby Witt Jr.",25764,677951
"Shohei Ohtani","LAD",159,731,54,134,130,59,0.110807113,0.221614227,0.336477988,0.336470588,0.309748427,0.39010989,0.646226415,0.43054929176412915,0.44389798050139273,179.6782932394558,9.730339147150517,79.37994835045562,-17.17592430114746,8.951446299275506,"Shohei Ohtani",19755,660271
"Juan Soto","NYY",157,713,41,128,109,7,0.180925666,0.16690042,0.28125,0.297619047,0.288194444,0.419354838,0.569444444,0.4205848819428188,0.4636422871534512,180.99055562627643,-3.8691037073731422,62.2047314673959,-5.455264925956726,8.300177043050581,"Juan Soto",20123,665742
"Gunnar Henderson","BAL",159,719,37,118,92,21,0.108484005,0.221140472,0.247619048,0.319634703,0.28095238,0.364394993,0.528571428,0.38146476194387025,0.37391566563319495,153.79507079266284,3.979409545660019,48.23590099679988,4.4249608516693115,7.898441636968224,"Gunnar Henderson",26289,683002
"Francisco Lindor","NYM",152,689,33,107,91,29,0.081277213,0.184325108,0.226537217,0.295010845,0.273462783,0.343976777,0.5,0.36288581496572286,0.38103285501169604,136.87564878805517,3.9952303618192673,34.3774973819569,16.919972896575928,7.679843079016928,"Francisco Lindor",12916,596019
"Jarren Duran","BOS",160,735,21,111,75,34,0.073469387,0.217687074,0.207153502,0.344827586,0.284649776,0.341961852,0.491803278,0.3568673902286514,0.33954088805151766,130.74070663303564,8.31229355186224,34.165046308132446,7.673551797866821,6.8354798854178025,"Jarren Duran",24617,680776
"Elly De La Cruz","CIN",160,696,25,105,76,67,0.099137931,0.31321839,0.21197411,0.359042553,0.258899676,0.338616714,0.470873786,0.34864824028373453,0.3298914370329484,119.26510609565474,7.454458713531494,23.488460552384012,16.72847890853882,6.559670865085378,"Elly De La Cruz",26668,682829
"José Ramírez","CLE",158,682,39,114,118,41,0.079178885,0.120234604,0.258064516,0.265346534,0.279032258,0.334801762,0.537096774,0.3642762730118049,0.3333672949729657,141.43936858837043,6.28565289080143,38.622904921905246,0.7662501335144043,6.401190401614799,"Jose Ramirez",13510,608070
"Ketel Marte","ARI",136,583,36,93,95,7,0.111492281,0.181818181,0.267857143,0.299191374,0.291666666,0.372212692,0.559523809,0.3909995480337077,0.39414922007313974,151.5932209536712,0.9280441030859947,36.89655685956827,4.826518893241882,6.3245664556000145,"Ketel Marte",13613,606466
"William Contreras","MIL",155,679,23,99,92,9,0.114874815,0.204712812,0.18487395,0.330275229,0.280672268,0.365243004,0.465546218,0.3587271837346278,0.3591032848867535,131.57793467399807,-2.574955530464649,23.064853173328515,7.36812949180603,5.490434952830821,"William Contreras",20503,661388
"Matt Chapman","SFG",154,647,27,98,78,15,0.098918083,0.244204018,0.215652174,0.293367346,0.246956521,0.327666151,0.462608695,0.34013576694527026,0.3417041044280003,120.6726386704186,3.6776409968733788,19.67180256724052,11.622878789901733,5.46880134461165,"Matt Chapman",16505,656305
"Cal Raleigh","SEA",153,628,34,73,100,6,0.111464968,0.280254777,0.216117216,0.251461988,0.219780219,0.31210191,0.435897435,0.32256641812049425,0.34666320408902235,117.55250684811342,-2.579260155558586,10.03333344550974,21.53172254562378,5.408397580106223,"Cal Raleigh",21534,663728
"Jackson Merrill","SDP",156,593,24,77,90,16,0.048903878,0.170320404,0.207581228,0.31797235,0.292418772,0.32597623,0.5,0.351507786788097,0.3753677679567921,129.64684290775756,3.721352234482765,24.744339628397448,7.149900913238525,5.344037886977723,"Jackson Merrill",29490,701538
"Vladimir Guerrero Jr.","TOR",159,697,30,98,103,2,0.103299856,0.137733142,0.22077922,0.342105263,0.323051948,0.395982783,0.543831168,0.39789022276871394,0.4129388982599432,164.49173188476283,-5.60347693413496,45.829590398498084,-17.401188850402832,5.320504674281295,"Vladimir Guerrero Jr.",19611,665489
"Yordan Alvarez","HOU",147,635,35,88,86,6,0.108661417,0.149606299,0.259057971,0.316901408,0.307971014,0.392125984,0.567028985,0.40158736975397163,0.41476764400735666,167.06348230854238,-2.9030214697122574,45.82350276269233,-16.46976327896118,5.203965302907987,"Yordan Alvarez",19556,670541
"Brent Rooker","OAK",145,614,39,82,112,11,0.096091205,0.288273615,0.269230769,0.362275449,0.293040293,0.364820846,0.562271062,0.39218441668103954,0.3811160639712685,163.63141597278016,0.7522991225123405,45.45621488747716,-16.32298505306244,5.109349153719679,"Brent Rooker",19627,667670
"Bryce Harper","PHI",145,631,30,85,87,7,0.12044374,0.218700475,0.24,0.330729166,0.285454545,0.373015873,0.525454545,0.38021706340771305,0.35910433102277367,143.72135955460536,-0.4990280419588089,32.4911228453969,-4.22253942489624,5.100958873847851,"Bryce Harper",11579,547180
"Willy Adames","MIL",161,688,32,93,112,21,0.107558139,0.251453488,0.211475409,0.296568627,0.250819672,0.331395348,0.462295081,0.34193181539103934,0.341207106096031,120.27350052093948,1.225006341934204,17.904331115212027,6.026105165481567,4.8499808205373265,"Willy Adames",15986,642715
"Marcell Ozuna","ATL",162,688,39,96,104,1,0.107558139,0.247093023,0.244224422,0.359102244,0.301980198,0.378457059,0.54620462,0.39450213334856243,0.40405732985825565,154.4543814593856,-4.611459568142891,40.18900854790613,-17.5,4.721768982848469,"Marcell Ozuna",10324,542303
"Corey Seager","TEX",123,533,30,68,74,1,0.099437148,0.18011257,0.233684211,0.29059829,0.277894736,0.35272045,0.511578947,0.364663478286787,0.39080930856557994,141.93696475653223,-5.235410392284393,20.340423993231827,6.969871997833252,4.643974234065067,"Corey Seager",13624,608369
"Corbin Carroll","ARI",158,684,22,121,74,35,0.106725146,0.190058479,0.196943973,0.255605381,0.23089983,0.321585903,0.427843803,0.3248603077011837,0.329689624927662,107.07697861964971,11.083987765014172,16.87247752910894,2.2796976566314697,4.342664376686033,"Corbin Carroll",25878,682998
"Jurickson Profar","SDP",158,668,24,94,85,10,0.113772455,0.151197604,0.179078015,0.301801801,0.280141843,0.380090497,0.459219858,0.365296050431334,0.3664177068267498,138.92728947203236,-0.7698418125510216,30.325254869092106,-10.680683851242065,4.338203953925522,"Jurickson Profar",10815,595777
"Patrick Bailey","SFG",121,448,8,46,46,4,0.087053571,0.223214285,0.104738154,0.286666666,0.234413965,0.297539149,0.339152119,0.2813692890290979,0.3215222648020541,81.11877081707404,0.47684261202812195,-9.638242983061408,36.52707815170288,4.325808345513024,"Patrick Bailey",27478,672275
"Mookie Betts","LAD",116,516,19,75,75,16,0.118217054,0.110465116,0.202222223,0.293650793,0.288888888,0.372093023,0.491111111,0.3709689515573969,0.3629713448864675,139.57664027743849,0.6050272434949875,25.025266212862523,-0.6675249338150024,4.299486987249459,"Mookie Betts",13611,605141
"Marcus Semien","TEX",159,718,23,101,74,8,0.08913649,0.146239554,0.153846154,0.250478011,0.236923076,0.307799442,0.39076923,0.30588280763373027,0.31968205306172204,100.58944061998207,1.488212339580059,1.9724628783671547,15.622198104858398,4.273462959059796,"Marcus Semien",12533,543760
"Dansby Swanson","CHC",149,593,16,82,66,19,0.091062394,0.242833052,0.147940075,0.299734748,0.241573033,0.311973018,0.389513108,0.30656940884598216,0.32316527285818325,97.49036048581739,4.41912180185318,2.639501623270003,18.40114450454712,4.223103298058348,"Dansby Swanson",18314,621020
"Carlos Correa","MIN",86,367,14,55,54,0,0.108991825,0.166212534,0.206896552,0.342741935,0.310344827,0.387978142,0.517241379,0.3853048369370771,0.3582737959550889,154.25036509244535,-0.5786368399858475,22.202444613024827,6.489273309707642,4.2187471833265855,"Carlos Correa",14162,621043
"Kyle Tucker","HOU",78,339,23,56,49,11,0.16519174,0.159292035,0.296028881,0.282178217,0.288808664,0.407738095,0.584837545,0.4188836233035938,0.402151159338049,179.23002027364984,-0.3261784315109253,30.406122179749644,-0.89585280418396,4.207495434585704,"Kyle Tucker",18345,663656
"Rafael Devers","BOS",138,601,28,87,83,3,0.111480865,0.244592346,0.243809524,0.323033707,0.272380952,0.354409317,0.516190476,0.36402783280133794,0.3657234909188034,135.77750816682595,-0.90182264149189,23.70129645456532,-3.126465320587158,4.1809832921646235,"Rafael Devers",17350,646240
"Steven Kwan","CLE",122,540,14,83,44,12,0.098148148,0.094444444,0.133333334,0.303614457,0.291666666,0.368029739,0.425,0.3494486094185854,0.336855523205158,131.00928721131478,0.17555884271860123,19.335366755359427,3.2554264068603516,4.180502168206569,"Steven Kwan",24610,680757
"Alex Bregman","HOU",145,634,26,79,75,3,0.06940063,0.135646687,0.192771085,0.264270613,0.259896729,0.315457413,0.452667814,0.3307042115295856,0.32537634161454215,117.20282126136706,-2.3225102201104164,10.15691383002782,9.173247575759888,4.165331849380251,"Alex Bregman",17678,608324
"Jazz Chisholm Jr.","- - -",147,621,24,74,73,40,0.085346215,0.244766505,0.179715302,0.30927835,0.256227758,0.323671497,0.43594306,0.32729744707996195,0.3168021708435655,110.69860007689752,6.152857683598995,13.76783569092561,4.28384655714035,4.004322920096629,"Jazz Chisholm Jr.",20454,665862
"Freddie Freeman","LAD",147,638,22,81,89,9,0.122257053,0.156739811,0.193726938,0.306074766,0.282287822,0.377742946,0.47601476,0.36535710949207906,0.3680987024003533,135.79948589731632,-1.4750418737530708,25.837288246276458,-8.95625638961792,3.949078254309285,"Freddie Freeman",5361,518692
"Julio Rodríguez","SEA",143,613,20,76,68,24,0.061990212,0.254486133,0.135802469,0.34351145,0.273368606,0.324632952,0.409171075,0.32055336402522194,0.3484102136948529,116.13648348758166,1.9542818441987038,13.272419710989956,4.602816581726074,3.943228073727987,"Julio Rodriguez",23697,677594
"Colton Cowser","BAL",153,561,24,77,69,9,0.092691622,0.306595365,0.204408818,0.316993464,0.242484969,0.320855614,0.446893787,0.3314574734042923,0.3331306198202007,118.6189228018079,1.1174770668148994,13.068993690508902,6.448368072509766,3.934927564509952,"Colton Cowser",29591,681297
"Riley Greene","DET",137,584,24,82,74,4,0.109589041,0.267123287,0.216796875,0.329341317,0.26171875,0.34819897,0.478515625,0.35539623961366457,0.3551679681108884,133.72925301154325,-0.16676611453294754,22.371742628630983,-3.650297164916992,3.931411684026872,"Riley Greene",25976,682985
"Jackson Chourio","MIL",148,573,21,80,79,22,0.068062827,0.211169284,0.189393939,0.319587628,0.274621212,0.326923076,0.464015151,0.33854969905715593,0.3271342551687197,117.99710439718523,3.9580146446824074,16.289589463892305,2.542464256286621,3.9258624556652437,"Jackson Chourio",28806,694192
"Eugenio Suárez","ARI",158,640,30,90,101,2,0.0765625,0.275,0.213660246,0.308510638,0.255691768,0.31875,0.469352014,0.3372951490804553,0.3366846288525083,115.44647922839142,-1.1144884414970875,10.706961924005876,5.329360246658325,3.8687527990743584,"Eugenio Suarez",12552,553993
"Trea Turner","PHI",121,539,21,88,62,19,0.050092764,0.181818181,0.174257426,0.330749354,0.295049504,0.337662337,0.46930693,0.3490665514084315,0.32174241744107646,122.75492973144709,2.6286616772413254,17.295129990469174,2.063842535018921,3.8627392975415185,"Trea Turner",16252,607208
"Jose Altuve","HOU",153,682,20,94,65,22,0.068914956,0.174486803,0.144904458,0.337423312,0.294585987,0.350439882,0.439490445,0.344237520589548,0.31915624784264546,126.72242722685445,-0.7098936587572098,20.142978707645906,-5.351004958152771,3.860849362094335,"Jose Altuve",5417,514888
"Nico Hoerner","CHC",151,641,7,86,48,31,0.068642745,0.102964118,0.099656357,0.296875,0.273195876,0.335413416,0.372852233,0.3131190129555762,0.31806489708651214,101.89869300171439,4.984221167862415,6.439593329756796,9.117893934249878,3.8227569387151137,"Nico Hoerner",21479,663538
"Byron Buxton","MIN",102,388,18,62,56,7,0.051546391,0.255154639,0.245070422,0.3375,0.278873239,0.335051546,0.523943661,0.3656734152665742,0.3554602728949653,140.44122218308823,2.7675454542040825,20.721561335177793,2.177492380142212,3.692336388978912,"Byron Buxton",14161,621439
"Ezequiel Tovar","COL",157,695,26,83,78,6,0.033093525,0.287769784,0.2,0.344036697,0.26870229,0.294629898,0.46870229,0.3244099165637826,0.29165700797978816,94.34281409814777,0.062325261533260345,-4.6392840668011575,16.868324279785156,3.6656870531959105,"Ezequiel Tovar",24064,678662
"Masyn Winn","STL",150,637,15,85,57,11,0.064364207,0.171114599,0.148211244,0.303418803,0.267461669,0.313880126,0.415672913,0.315483457292614,0.2951017107282366,103.83917595298146,2.218677520751953,5.143090706505829,8.505331993103027,3.61176459827901,"Masyn Winn",27479,691026
"Oneil Cruz","PIT",146,599,21,72,76,22,0.085141903,0.302170283,0.190388171,0.346938775,0.258780036,0.323873121,0.449168207,0.3310161504881952,0.3451237048132945,110.33786992820657,5.249760918319225,12.654660447340987,2.167546272277832,3.6016197242887635,"Oneil Cruz",21711,665833
"Brenton Doyle","COL",149,603,23,82,72,30,0.07628524,0.253731343,0.186346863,0.315508021,0.260147601,0.317195325,0.446494464,0.3279812993811923,0.3308289139359086,96.74659953880382,5.348729178309441,3.002793391342644,11.298272132873535,3.5616259314229737,"Brenton Doyle",25479,686668
"Ian Happ","CHC",153,657,25,89,86,13,0.121765601,0.255707762,0.198594025,0.298941798,0.242530755,0.340943683,0.44112478,0.34104491788439634,0.3470029641653745,120.6947412320549,1.2517164051532745,17.51044772484903,-5.040904521942139,3.5591550333514808,"Ian Happ",17919,664023
"Zach Neto","LAA",155,602,23,70,77,30,0.064784053,0.232558139,0.193726938,0.294736842,0.24907749,0.317725752,0.442804428,0.32995627543435024,0.3190859340181287,114.88853789941251,1.7721381112933159,12.027574600245785,2.3441038131713867,3.5437568302003584,"Zach Neto",31347,687263
"Manny Machado","SDP",152,643,29,77,105,11,0.069984447,0.192846034,0.197301855,0.301801801,0.274873524,0.32503888,0.472175379,0.3396645368923385,0.3401139627291462,121.67552391873824,-0.3652724176645279,16.30112988704574,-3.5459635257720947,3.5402538416010065,"Manny Machado",11493,592518
"Anthony Volpe","NYY",160,689,12,90,60,28,0.06095791,0.226415094,0.120879121,0.302966101,0.2433281,0.293002915,0.364207221,0.28735230665137296,0.27838217547911703,87.27204133519592,5.037129893898964,-4.997089339558881,15.997920989990234,3.493256284645784,"Anthony Volpe",27647,683011
"Austin Wells","NYY",115,414,13,42,55,1,0.11352657,0.210144927,0.166666666,0.260536398,0.228813559,0.322033898,0.395480225,0.3147913115076522,0.3432796441235589,106.57319770127978,-1.847741849720478,1.2660002826631311,18.645169019699097,3.472702220283781,"Austin Wells",27562,669224
"Seiya Suzuki","CHC",132,585,21,74,73,16,0.107692307,0.273504273,0.19921875,0.370149253,0.283203125,0.365811965,0.482421875,0.36487284691882704,0.3484517818063549,136.7325707850044,-0.8167546018958092,24.879420003287027,-11.011937499046326,3.45461827187849,"Seiya Suzuki",30116,673548
"Alec Bohm","PHI",143,606,15,62,97,5,0.0660066,0.141914191,0.167870036,0.305010893,0.279783393,0.331683168,0.447653429,0.3352790382129467,0.34475500979016177,113.47498826994982,-2.625852257013321,7.138924173599454,5.971339643001556,3.4490139996142446,"Alec Bohm",21618,664761
"Teoscar Hernández","LAD",154,652,33,84,99,12,0.081288343,0.288343558,0.229202037,0.344173441,0.271646859,0.339477726,0.500848896,0.359840165041847,0.34669400293270625,132.08620411701298,0.5980126783251762,25.614551478145057,-14.38938045501709,3.413353491625273,"Teoscar Hernandez",13066,606192
"Kyle Schwarber","PHI",150,692,38,110,104,5,0.15317919,0.28468208,0.237347295,0.300578034,0.247818499,0.365606936,0.485165794,0.36580757077696713,0.38023195504094986,134.02278329888222,-2.41894818097353,25.734864572347785,-16.543755412101746,3.3415650664844145,"Kyle Schwarber",16478,656941
"Isaac Paredes","- - -",153,641,19,64,80,1,0.118564742,0.163806552,0.154981549,0.259433962,0.23800738,0.346333853,0.392988929,0.327380766424588,0.30940429257674956,116.36798017405934,-0.7929536923766136,11.050998441303454,-0.34279903769493103,3.306466182405614,"Isaac Paredes",20036,670623
"Salvador Perez","KCR",158,652,27,58,104,0,0.067484662,0.19785276,0.184745763,0.302272727,0.27118644,0.330261136,0.455932203,0.33502383720466283,0.3613753341173342,116.57821504541221,-5.640225894749165,6.727531909029281,3.438927412033081,3.280504714817747,"Salvador Perez",7304,521692
"Fernando Tatis Jr.","SDP",102,438,21,64,49,11,0.07305936,0.219178082,0.216080402,0.315602836,0.276381909,0.340182648,0.492462311,0.3587745542395605,0.39027537470278534,134.5378755115181,0.011784225702285767,18.10146965184258,-1.1164865493774414,3.2683897734766045,"Fernando Tatis Jr.",19709,665487
"Anthony Santander","BAL",155,665,44,91,102,2,0.087218045,0.193984962,0.270588235,0.224824355,0.235294117,0.308270676,0.505882352,0.3451743663437777,0.3271819560502553,128.2676654172403,-2.7301535680890083,18.778696633916187,-9.702302098274231,3.2123991735486292,"Anthony Santander",14551,623993
"Nolan Arenado","STL",152,635,16,70,71,2,0.069291338,0.144881889,0.12283737,0.295597484,0.271626297,0.324921135,0.394463667,0.3136587862538386,0.29794544038318455,102.6110472697124,-2.1046775802969933,-0.12201073654412387,9.866235494613647,3.201633655722989,"Nolan Arenado",9777,571448
"Joey Ortiz","MIL",142,511,11,58,60,11,0.109589041,0.201565557,0.159090909,0.28313253,0.238636363,0.328740157,0.397727272,0.3187137223838821,0.30670558039849927,104.64613241625626,-0.15660104900598526,2.682453700282613,11.19236707687378,3.199549150133995,"Joey Ortiz",25493,687401
"JJ Bleday","OAK",159,642,20,74,60,2,0.10436137,0.194704049,0.194055944,0.278688524,0.243006993,0.324492979,0.437062937,0.33021923363302047,0.3216156578959434,120.0438407845668,-2.599404461681843,12.124452162019812,-2.4247403144836426,3.198089422482911,"JJ Bleday",26368,668709
"Daulton Varsho","TOR",136,513,18,73,58,10,0.093567251,0.26705653,0.193899782,0.262295081,0.213507625,0.29296875,0.407407407,0.304275134421608,0.2658830204272317,98.6409669653947,1.55900027602911,0.7612756741412512,13.036719381809235,3.1800331260306303,"Daulton Varsho",19918,662139
"Brendan Donovan","STL",153,652,14,65,73,5,0.072085889,0.124233128,0.139693356,0.299798792,0.277683134,0.342024539,0.41737649,0.33223725133146975,0.3409130371843798,115.11562774919648,-1.7853486090898514,9.999800132481202,-1.0774469375610352,3.1755236946750767,"Brendan Donovan",24679,680977
"Victor Robles","- - -",91,295,4,44,28,34,0.07118644,0.179661016,0.125984252,0.37,0.307086614,0.380622837,0.433070866,0.357417311222908,0.3312704811493556,141.07545516453135,6.90159147977829,20.651626878667674,-0.11916698515415192,3.1309504870440383,"Victor Robles",18363,645302
"Lawrence Butler","OAK",125,451,22,63,57,18,0.077605321,0.239467849,0.22815534,0.3006993,0.262135922,0.31707317,0.490291262,0.3445680385946963,0.3409686863820643,130.1370832211039,3.7894643768668175,19.341361210975624,-3.999156355857849,3.1274094356282367,"Lawrence Butler",22542,671732
"Wyatt Langford","TEX",134,557,16,74,74,19,0.091561938,0.206463195,0.162324649,0.296495956,0.25250501,0.324955116,0.414829659,0.32110500604667386,0.3321077654885294,111.29704584628975,4.3620322570204735,11.561919479489358,-0.25215768814086914,3.073581004884607,"Wyatt Langford",33333,694671
"Wilyer Abreu","BOS",132,447,15,59,58,8,0.089485458,0.279642058,0.205513784,0.325757575,0.253132832,0.322147651,0.458646616,0.33560124473017067,0.32363778191643794,115.7816655992959,1.2358308881521225,9.30754864038567,5.597100734710693,3.068535429891795,"Wilyer Abreu",23772,677800
"Tyler Stephenson","CIN",138,515,19,69,66,1,0.093203883,0.227184466,0.185995623,0.306501547,0.258205689,0.337864077,0.444201312,0.33936225926434554,0.3246214687824249,113.01500435136597,-3.398150861263275,4.617020854898373,7.766976356506348,3.0594087636378364,"Tyler Stephenson",17988,663886
"Christian Walker","ARI",130,552,26,72,84,2,0.099637681,0.240942028,0.217118998,0.286585365,0.25052192,0.335144927,0.467640918,0.3434478165241924,0.35420117658727307,119.58764615968676,-3.205929897725582,9.723596352780131,1.3853530883789062,3.0556382257668178,"Christian Walker",13419,572233
"Luis García Jr.","WSN",140,528,18,58,70,22,0.051136363,0.162878787,0.162,0.309823677,0.282,0.318181818,0.444,0.3281335896412229,0.3348572649274554,110.26560092143444,0.5329417437314987,7.014502313336147,4.622878193855286,3.027242466971498,"Luis Garcia Jr.",20391,671277
"Christian Yelich","MIL",73,315,11,44,42,21,0.126984126,0.184126984,0.188888889,0.366336633,0.314814814,0.405750798,0.503703703,0.39138049156435073,0.3726688866476411,153.55584910191052,4.68635693192482,24.859740560782054,-6.181968688964844,3.0179911916112547,"Christian Yelich",11477,592885
"Tyler Fitzgerald","SFG",96,341,15,53,34,17,0.064516129,0.316715542,0.216560509,0.380208333,0.280254777,0.33431085,0.496815286,0.35674211146894436,0.29308692684567433,131.84984683581993,3.8837077021598816,16.871131474577112,0.7257604598999023,2.9962455285597747,"Tyler Fitzgerald",26208,666149
"Joc Pederson","ARI",132,449,23,62,64,7,0.122494432,0.233853006,0.239782017,0.322314049,0.275204359,0.392776523,0.514986376,0.3910353168878966,0.38067950411326323,151.61729584435759,-1.1514522954821587,26.562781359691648,-12.638888359069824,2.990275675818223,"Joc Pederson",11899,592626
"Jake McCarthy","ARI",142,495,8,66,56,25,0.062626262,0.157575757,0.115384615,0.328690807,0.285067873,0.348979591,0.400452488,0.3292398854998723,0.3142106518302996,110.02473468136019,4.53840833902359,10.47229668936818,1.7787320613861084,2.9765336499664223,"Jake McCarthy",21622,664983
"Yainer Diaz","HOU",148,619,16,70,84,2,0.038772213,0.17285945,0.141880342,0.338297872,0.299145299,0.324717285,0.441025641,0.3288189165028939,0.3431905771230722,115.87666623872789,-1.5648509562015533,9.680048366441008,-1.5589309930801392,2.9563712214006674,"Yainer Diaz",23003,673237
"Nathaniel Lowe","TEX",140,565,16,62,69,2,0.125663716,0.221238938,0.135802469,0.323782234,0.265432098,0.361061946,0.401234567,0.3372676782574214,0.33229811590337244,122.66619954801395,-0.8481108546257019,13.805098787764774,-4.198951244354248,2.9250041316479902,"Nathaniel Lowe",19566,663993
"Carlos Santana","MIN",150,594,23,63,71,4,0.109427609,0.166666666,0.182341651,0.251870324,0.238003838,0.328282828,0.420345489,0.32645044845171184,0.3326018252615201,112.85098632720843,-0.9551421478390694,7.7791660812836305,0.8514547348022461,2.9234648977359203,"Carlos Santana",2396,467793
"Josh Smith","TEX",149,592,13,67,62,11,0.077702702,0.204391891,0.135755258,0.311224489,0.258126195,0.337288135,0.393881453,0.3227134973367325,0.3092953175154526,112.42849146778795,-0.5781784057617188,7.840535141787148,0.8503320217132568,2.9228448691171147,"Josh Smith",26396,669701
"Willi Castro","MIN",158,635,12,89,60,14,0.08031496,0.236220472,0.137992832,0.315,0.247311827,0.331230283,0.385304659,0.3171236067540262,0.3234887907776651,106.29029540741563,-0.6051355749368668,3.9652240462392614,3.2964653372764587,2.922348526631375,"Willi Castro",17338,650489
"Jonathan India","CIN",151,637,15,84,58,13,0.125588697,0.196232339,0.144465291,0.2925,0.247654784,0.357480314,0.392120075,0.33337109332948217,0.35369952469594096,108.98253900584913,-0.05516776442527771,6.787096260971575,0.16776343574747443,2.920468608491764,"Jonathan India",21523,663697
"Mark Vientos","NYM",111,454,27,58,71,0,0.072687224,0.297356828,0.249394673,0.32421875,0.266343825,0.321585903,0.515738498,0.35599902613572615,0.3326000693618067,132.24036784261304,-1.9833789393305779,15.51980776709372,-2.731890320777893,2.890240307940138,"Mark Vientos",22184,668901
"Taylor Ward","LAA",156,663,25,73,75,6,0.095022624,0.245852187,0.179487179,0.29382716,0.246153846,0.322775263,0.425641025,0.32538151929820824,0.34549720049624716,111.67056100911094,-2.572973035275936,6.280442922771243,-0.8857326507568359,2.8253210471486065,"Taylor Ward",17548,621493
"Miguel Rojas","LAD",103,337,6,41,36,8,0.068249258,0.100890207,0.12703583,0.301115241,0.283387622,0.337313432,0.410423452,0.327027644328217,0.31183229092352405,110.00112850480102,-0.3476674109697342,3.682658743024552,11.903383016586304,2.774741001369855,"Miguel Rojas",7802,500743
"Brandon Nimmo","NYM",151,663,23,88,90,15,0.116138763,0.238310708,0.175131348,0.267175572,0.224168126,0.32730015,0.399299474,0.32051343887234024,0.33825581868489585,108.35613521399686,2.476387642323971,9.101302049726208,-4.449529528617859,2.772496156786681,"Brandon Nimmo",12927,607043
"Alejandro Kirk","TOR",103,386,5,23,54,0,0.090673575,0.132124352,0.105882353,0.276450511,0.252941176,0.318652849,0.358823529,0.29695486263795334,0.3285189668337504,93.49173830063077,-3.504469685256481,-6.378940607823982,20.20322322845459,2.7482724992002696,"Alejandro Kirk",22581,672386
"Jeremy Peña","HOU",157,650,15,78,70,20,0.038461538,0.17076923,0.127906977,0.300829875,0.26578073,0.307573415,0.393687707,0.3050573243998891,0.31361267945476784,99.16227710219016,2.1794853881001472,1.556440480985851,3.4291114807128906,2.73859023094543,"Jeremy Pena",21636,665161
"Andrés Giménez","CLE",152,633,9,64,63,30,0.041074249,0.153238546,0.087478559,0.285714285,0.252144082,0.298412698,0.339622641,0.28149777878259435,0.30095423954658934,83.21128527282949,2.210993878543377,-9.948815506235714,15.415083885192871,2.730079387031723,"Andres Gimenez",19950,665926
"Adley Rutschman","BAL",148,638,19,68,79,1,0.09090909,0.161442006,0.140105079,0.271929824,0.250437828,0.318181818,0.390542907,0.30890228964212374,0.3204838790292815,102.75314592908194,-2.9728979989886284,-0.963085616209769,6.185275852680206,2.7219768871230845,"Adley Rutschman",26288,668939
"Jacob Young","WSN",150,521,3,75,36,33,0.057581573,0.195777351,0.074786325,0.320547945,0.256410256,0.31640625,0.331196581,0.2896075388416648,0.29149270245409387,84.33492792090736,4.272028565406799,-5.487557655879218,14.061349868774414,2.6866421720146465,"Jacob Young",29931,696285
"Willson Contreras","STL",84,358,15,48,36,4,0.125698324,0.268156424,0.205980067,0.336842105,0.262458471,0.379888268,0.468438538,0.37018280752589194,0.3667514243822419,140.65558808979728,-1.684109941124916,15.72051057837826,-1.9381830394268036,2.661057046432203,"Willson Contreras",11609,575929
"Jordan Westburg","BAL",107,447,18,57,63,6,0.049217002,0.217002237,0.216346154,0.304635761,0.264423076,0.311659192,0.48076923,0.3395621362288437,0.3545980752850862,124.31990814331,0.28271834552288055,12.721420272004115,-1.789237380027771,2.6582681106539665,"Jordan Westburg",27815,676059
"Ha-Seong Kim","SDP",121,470,11,60,47,22,0.123404255,0.163829787,0.136476427,0.261006289,0.23325062,0.330472103,0.369727047,0.3083755688749867,0.31775883028450097,100.61590370479183,2.3165777027606964,2.6627337785221004,7.138007640838623,2.637045496357932,"Ha-Seong Kim",27506,673490
"Pete Crow-Armstrong","CHC",123,410,10,46,47,27,0.051219512,0.23902439,0.147849463,0.292134831,0.236559139,0.286069651,0.384408602,0.2894473162293434,0.28563318252563474,85.96601850130516,4.922110095620155,-1.9584856212009596,13.559002757072449,2.6154949472791116,"Pete Crow-Armstrong",27769,691718
"Will Smith","LAD",128,544,20,77,75,1,0.09375,0.193014705,0.18487395,0.272980501,0.247899159,0.327205882,0.432773109,0.3257519090928996,0.3366978773430212,109.14247124469465,-1.2040599174797535,4.74329405058584,2.324014902114868,2.6105697991317025,"Will Smith",19197,669257
"Matt Olson","ATL",162,685,29,78,98,0,0.103649635,0.248175182,0.21,0.293103448,0.246666666,0.332846715,0.456666666,0.33945008884457983,0.3410483591655302,117.40058190255142,-3.6221335232257843,10.631173097202613,-8.306396961212158,2.6082259296177246,"Matt Olson",14344,621566
"Brice Turang","MIL",155,619,7,72,57,50,0.080775444,0.169628432,0.094812165,0.3,0.254025044,0.315960912,0.348837209,0.29423238577694916,0.30165485319544055,88.1685147784398,7.247360780835152,-1.5103621046514952,5.593703508377075,2.561676529069466,"Brice Turang",22186,668930
"Tyler O'Neill","BOS",113,473,31,74,61,4,0.112050739,0.336152219,0.270072993,0.304932735,0.240875912,0.336152219,0.510948905,0.35966480504243803,0.3399524851741954,132.7084653409226,-0.7705774828791618,16.931609180219592,-7.92264461517334,2.5485902380922503,"Tyler O'Neill",15711,641933
"Jose Iglesias","NYM",85,291,4,39,26,6,0.041237113,0.134020618,0.111111111,0.381578947,0.337037037,0.381443298,0.448148148,0.3617972910404205,0.31567737973969556,136.14299757220334,-0.19319278001785278,12.383847213707591,2.487008810043335,2.541850646555011,"Jose Iglesias",10231,578428
"Gabriel Moreno","ARI",97,351,5,39,45,3,0.116809116,0.148148148,0.114754098,0.302788844,0.26557377,0.353276353,0.380327868,0.324803192785808,0.3282281389209124,107.03853636659439,0.06677056103944778,3.0210444750466774,9.736589908599854,2.531029212296724,"Gabriel Moreno",22664,672515
"Otto Lopez","MIA",117,434,6,49,39,20,0.057603686,0.172811059,0.106699751,0.317901234,0.270471464,0.313225058,0.377171215,0.30242097917123073,0.3168405413351037,91.62366958166143,2.3679138496518135,-1.9792380365135127,11.683238744735718,2.502597956045174,"Otto Lopez",19608,672640
"Dylan Moore","SEA",135,441,10,53,42,32,0.120181405,0.278911564,0.16576087,0.266666666,0.201086956,0.320454545,0.366847826,0.3058058915485825,0.2990225177921661,105.76281017956457,4.093847922980785,7.001741522150548,1.725827008485794,2.4100541410123695,"Dylan Moore",18042,664238
"Austin Riley","ATL",110,469,19,63,56,0,0.078891257,0.251599147,0.204705882,0.310344827,0.256470588,0.32196162,0.46117647,0.33795924811983413,0.3668878134619245,116.3971439034069,-1.2109414041042328,7.98513000968471,-0.35920774936676025,2.408977989701845,"Austin Riley",18360,663586
"Kerry Carpenter","DET",87,296,18,37,57,0,0.074324324,0.253378378,0.303030303,0.327586206,0.284090909,0.344709897,0.587121212,0.3904375917699239,0.37692140278063324,158.37805572102616,-1.7170421108603477,18.054791415837048,-4.787203669548035,2.382882259698982,"Kerry Carpenter",25961,681481
"Matt Vierling","DET",144,567,16,80,57,6,0.072310405,0.21340388,0.166023166,0.303108808,0.256756756,0.312169312,0.422779922,0.3174157493316664,0.31111639973083277,107.01300052232018,2.7668678984045982,7.31667031993106,-3.4336915016174316,2.3407703942712916,"Matt Vierling",21558,663837
"Heliot Ramos","SFG",121,518,22,54,72,6,0.071428571,0.26061776,0.2,0.329192546,0.269473684,0.322393822,0.469473684,0.3387795454540918,0.33786463737487793,119.75980864309486,-0.620150052011013,11.619634649884771,-6.497443914413452,2.3197972430442215,"Heliot Ramos",22515,671218
"Max Muncy","LAD",73,293,15,47,48,1,0.153583617,0.262798634,0.261603376,0.264900662,0.23206751,0.358361774,0.493670886,0.3617018884625928,0.3533483834102236,133.33927159314624,-0.5117291510105133,11.169405004037063,1.3896445333957672,2.310006764698022,"Max Muncy",13301,571970
"Brandon Marsh","PHI",135,476,16,55,60,19,0.105042016,0.323529411,0.16985646,0.347826086,0.248803827,0.328421052,0.418660287,0.3257733355070415,0.32654618112664474,107.07699876956016,2.9084096401929855,6.93666837234299,-0.899029016494751,2.269143588918129,"Brandon Marsh",20202,669016
"Luke Raley","SEA",137,455,22,58,58,11,0.059340659,0.296703296,0.22029703,0.305220883,0.242574257,0.3200883,0.462871287,0.3390953546065105,0.32112964029587027,129.17929832078818,0.38573144376277924,15.576923282527439,-8.713237047195435,2.265451551505479,"Luke Raley",19354,670042
"Josh Naylor","CLE",152,633,31,84,108,6,0.091627172,0.165876777,0.213143873,0.245939675,0.243339253,0.319620253,0.456483126,0.33160023488998414,0.3372639124887139,118.45437607436351,-2.5564865097403526,10.809735921576609,-9.877590894699097,2.2618054215606955,"Josh Naylor",18839,647304
"Brandon Lowe","TBR",107,425,21,56,58,5,0.077647058,0.263529411,0.228571428,0.287401574,0.244155844,0.310588235,0.472727272,0.334698090739284,0.34447160003878546,123.27430266211141,0.716841883957386,12.034881638786818,-4.406819820404053,2.2417625073393554,"Brandon Lowe",18882,664040
"Xavier Edwards","MIA",70,303,1,39,26,31,0.108910891,0.171617161,0.094339623,0.398148148,0.328301886,0.397350993,0.422641509,0.3586137106648315,0.3002261098225911,129.44522967220914,6.174859784543514,16.8437404891884,-5.389660120010376,2.2304592742111913,"Xavier Edwards",22266,669364
"Michael Busch","CHC",152,567,21,73,65,2,0.111111111,0.285714285,0.191532259,0.321766561,0.24798387,0.335097001,0.439516129,0.3364596908168321,0.32410807651756085,117.60856911592568,-1.6144369393587112,10.324575635323054,-8.013641476631165,2.1988560072317975,"Michael Busch",26319,683737
"Bryan Reynolds","PIT",156,692,24,73,88,10,0.082369942,0.225433526,0.172025723,0.330337078,0.274919614,0.343930635,0.446945337,0.3427446141990418,0.3532597793068254,118.23192994662918,0.9722859784960747,16.059186345813576,-18.265334129333496,2.1644822458104764,"Bryan Reynolds",19326,668804
"Parker Meadows","DET",82,298,9,39,28,9,0.083892617,0.255033557,0.188888889,0.306451612,0.244444444,0.309764309,0.433333333,0.32112619310918483,0.29535376165331023,109.62300244886809,2.9657721742987633,6.246970397963271,4.711641430854797,2.151258603866792,"Parker Meadows",23800,678009
"Jake Rogers","DET",102,337,10,43,36,1,0.065281899,0.293768545,0.15483871,0.251231527,0.196774193,0.255192878,0.351612903,0.2641894125512668,0.3019914886382411,69.57250826054512,-0.6498040556907654,-12.382603887875758,22.035737991333008,2.1498534529810174,"Jake Rogers",19452,668670
"Logan O'Hoppe","LAA",136,522,20,64,56,2,0.06321839,0.296934865,0.164926931,0.318032786,0.244258872,0.303262955,0.409185803,0.31106662246865185,0.33327742356520434,101.60117024516721,-4.744303852319717,-3.7879609889815202,7.248935505747795,2.143238719728223,"Logan O'Hoppe",24729,681351
"Ernie Clement","TOR",139,452,12,48,51,12,0.024336283,0.090707964,0.14516129,0.266318537,0.262672811,0.284444444,0.407834101,0.2974025495599267,0.2887652601514544,93.80665042405936,0.6498890593647957,-2.553204587900659,8.246063947677612,2.134268008164946,"Ernie Clement",20352,676391
"Cedric Mullins","BAL",147,499,18,69,54,32,0.082164328,0.196392785,0.171171171,0.26060606,0.234234234,0.304878048,0.405405405,0.3102922748501708,0.2921208017240695,103.7308899102351,3.242917202413082,5.373108407208163,-1.2667500972747803,2.131207944748347,"Cedric Mullins",17929,656775
"Lourdes Gurriel Jr.","ARI",133,553,18,72,75,7,0.052441229,0.182640144,0.155945419,0.313283208,0.278752436,0.32188065,0.434697855,0.32670330580161966,0.3247544108957484,108.31744267166582,-0.6980204805731773,4.802151025363917,-2.6779370307922363,2.131172269549201,"Lourdes Gurriel Jr.",19238,666971
"Iván Herrera","STL",72,259,5,37,27,5,0.096525096,0.204633204,0.126637555,0.369942196,0.301310043,0.372093023,0.427947598,0.35088068015815677,0.36996400588217415,127.66393328480997,1.917427659034729,10.485339260041242,1.4152822047472,2.1244636722459944,"Ivan Herrera",20599,671056
"Cody Bellinger","CHC",130,569,18,72,78,9,0.079086115,0.156414762,0.160852714,0.287439613,0.265503875,0.32513181,0.426356589,0.32181783715176837,0.30497690112565334,107.75359795665254,1.3959254026412964,6.6715857663919556,-5.5694499015808105,2.080928307205803,"Cody Bellinger",15998,641355
"Jake Cronenworth","SDP",155,656,17,72,83,5,0.092987804,0.179878048,0.149046793,0.274157303,0.240901213,0.323619631,0.389948006,0.31488512410708,0.3394956897330027,104.99728058093454,0.08897832036018372,4.009093776020904,-5.937067210674286,2.0687550816830838,"Jake Cronenworth",18036,630105
"Pete Alonso","NYM",162,695,34,91,88,3,0.100719424,0.247482014,0.21875,0.275862068,0.240131578,0.329496402,0.458881578,0.3398528206020637,0.3459385178431717,121.37286475824538,-4.223497286438942,13.539196403315188,-16.83577299118042,2.0622365995635334,"Pete Alonso",19251,624413
"Isiah Kiner-Falefa","- - -",133,496,8,53,43,11,0.032258064,0.157258064,0.107526882,0.307086614,0.268817204,0.306288032,0.376344086,0.29883789133590327,0.2887694830807066,92.83747432101116,2.220201663672924,-2.2795684589424194,5.719052791595459,2.059823197721739,"Isiah Kiner-Falefa",16512,643396
"Matt Wallner","MIN",75,261,13,26,37,3,0.091954022,0.363984674,0.263636363,0.38938053,0.259090909,0.371647509,0.522727272,0.38523802583701766,0.3605342587291966,154.2033688002696,-0.10284049808979034,16.084384151345407,-4.909667730331421,2.046997905481715,"Matt Wallner",26466,670242
"Geraldo Perdomo","ARI",98,388,3,61,37,9,0.092783505,0.149484536,0.100890208,0.316725978,0.272997032,0.34383202,0.37388724,0.3171501502277344,0.28805172632610987,101.88751413841415,2.793390356004238,3.6691465615276875,3.0221593379974365,2.0324260804817484,"Geraldo Perdomo",22799,672695
"Xander Bogaerts","SDP",111,463,11,50,44,13,0.060475161,0.170626349,0.11682243,0.296511627,0.264018691,0.306695464,0.380841121,0.2997738561928916,0.3084424860823956,94.82636145546134,2.6292606368660927,-0.23517032182321707,4.337271690368652,2.0243030386430663,"Xander Bogaerts",12161,593428
"Michael Harris II","ATL",110,470,16,58,48,10,0.04893617,0.2,0.154545455,0.3003003,0.263636363,0.304255319,0.418181818,0.3120455870242007,0.34646811414120804,98.95547370436697,-1.3635473996400833,-1.9506020328771658,5.511114239692688,1.9925687911826309,"Michael Harris II",25931,671739
"Randy Arozarena","- - -",154,648,20,77,60,20,0.11265432,0.260802469,0.169398908,0.274725274,0.218579234,0.331790123,0.387978142,0.3203924835464101,0.322468658871776,114.24854061392074,-1.1505189538002014,9.414030924607967,-11.776382088661194,1.9728733442954811,"Randy Arozarena",19290,668227
"J.T. Realmuto","PHI",99,413,14,50,47,2,0.065375302,0.246973365,0.163157895,0.328301886,0.265789473,0.322033898,0.428947368,0.32606597331542414,0.3402486462372643,107.27396407379653,-0.4876171424984932,3.1047646600549728,2.0395500659942627,1.9590843855796605,"J.T. Realmuto",11739,592663
"Shea Langeliers","OAK",137,534,29,58,80,4,0.076779026,0.27153558,0.226141078,0.251592356,0.22406639,0.288389513,0.450207468,0.31521909476671006,0.3280744050678454,109.4924367781867,-2.7949109748005867,3.0050434068824616,-1.7724065780639648,1.954153870137612,"Shea Langeliers",25816,669127
"Jake Meyers","HOU",148,513,13,51,61,11,0.06822612,0.228070175,0.14099783,0.262686567,0.219088937,0.286274509,0.360086767,0.28458094643611537,0.30692627674012674,84.75877468073166,2.2022401988506317,-6.744047411904605,8.572673559188843,1.9438638805521267,"Jake Meyers",20308,676694
"Freddy Fermin","KCR",111,368,6,40,36,2,0.0625,0.179347826,0.09439528,0.318518518,0.27138643,0.318801089,0.36578171,0.30039438133031293,0.28098267855709547,92.21914859223246,-0.45889609307050705,-3.735172599940899,10.231613636016846,1.9298904462116044,"Freddy Fermin",21840,666023
"Ryan McMahon","COL",153,645,20,68,65,4,0.106976744,0.286821705,0.155202822,0.319672131,0.241622574,0.32503888,0.396825396,0.31540381861777744,0.32574901610942436,88.2810928471532,-2.6616612002253532,-11.70040574518271,8.743769645690918,1.9244887990256647,"Ryan McMahon",15112,641857
"José Caballero","TBR",139,483,9,53,44,44,0.055900621,0.275362318,0.120181406,0.301324503,0.226757369,0.283333333,0.346938775,0.27710887074221646,0.26737929690059126,82.76486924839071,2.9237447157502174,-6.60130652315806,9.230670928955078,1.9239302909494356,"Jose Caballero",23401,676609
"Yandy Díaz","TBR",145,621,14,55,65,0,0.080515297,0.152979066,0.13321492,0.31441048,0.280639431,0.341384863,0.413854351,0.3305333292234731,0.33901513355835355,120.34472436052373,-3.638120010495186,10.817909221843333,-12.772931814193726,1.9225724973350016,"Yandy Diaz",16578,650490
"Josh Rojas","SEA",143,476,8,48,31,10,0.096638655,0.226890756,0.111374407,0.282467532,0.225118483,0.304439746,0.33649289,0.2855414129414801,0.29596934217087767,91.50836209292643,-1.6336624175310135,-6.258580312107162,8.922056317329407,1.9035057884057134,"Josh Rojas",19734,668942
"Victor Caratini","HOU",87,274,8,30,30,0,0.083941605,0.193430656,0.13877551,0.310160427,0.269387755,0.335766423,0.408163265,0.32435033915243744,0.32486996931188244,112.73337767462517,-3.4072759598493576,0.5848091409006257,8.616949081420898,1.887709137022379,"Victor Caratini",14968,605170
"Francisco Alvarez","NYM",100,342,11,39,47,1,0.087719298,0.251461988,0.165584415,0.291079812,0.237012987,0.307017543,0.402597402,0.3098268491482874,0.2960755740894991,101.16332780513616,-2.129586398601532,-1.6538246749741485,8.39402961730957,1.878448666820093,"Francisco Alvarez",26121,682626
"Edmundo Sosa","PHI",90,274,7,39,31,7,0.047445255,0.240875912,0.164658634,0.320224719,0.257028112,0.3125,0.421686746,0.3184949926593724,0.30533736499387826,102.17817513070442,1.8213495314121246,2.535031365382733,6.443240642547607,1.8745068799928943,"Edmundo Sosa",17022,624641
"Garrett Mitchell","MIL",69,224,8,33,21,11,0.111607142,0.316964285,0.214285715,0.358974358,0.25510204,0.342342342,0.469387755,0.3512370078950315,0.31086123367240526,126.53653291123945,2.217074476182461,9.325173721035263,1.2329843044281006,1.8648178385184095,"Garrett Mitchell",27555,669003
"Spencer Horwitz","TOR",97,381,12,46,40,0,0.11023622,0.183727034,0.167682927,0.3,0.265243902,0.35695538,0.432926829,0.34409546867838636,0.34008116709525477,126.65140327915627,-3.69581688195467,7.922699213598387,-2.5601173639297485,1.8572619186399284,"Spencer Horwitz",26477,687462
"Travis d'Arnaud","ATL",99,341,15,40,48,1,0.070381231,0.260997067,0.198697068,0.280193236,0.237785016,0.302052785,0.436482084,0.31879015821865225,0.32542269089642695,103.49503243261593,-1.224461480975151,0.20070918106005786,6.2849501967430115,1.8487026571912666,"Travis d'Arnaud",7739,518595
"Gleyber Torres","NYY",154,665,15,80,63,4,0.09774436,0.204511278,0.120954003,0.306306306,0.257240204,0.330316742,0.378194207,0.31267272580982514,0.3136443399264845,105.0829412563799,-4.596015378832817,-0.728408328326676,-3.632664442062378,1.8246080587797067,"Gleyber Torres",16997,650402
"Jose Siri","TBR",130,448,18,50,47,14,0.069196428,0.379464285,0.179104477,0.261467889,0.186567164,0.254504504,0.365671641,0.2707812407532254,0.2984053910989525,78.31388509339176,1.529890850186348,-9.586540132634537,12.38110864162445,1.8212548402209487,"Jose Siri",17452,642350
"CJ Abrams","WSN",138,602,20,79,65,31,0.066445182,0.212624584,0.186691312,0.28463476,0.245841035,0.314475873,0.432532347,0.32224908431238153,0.320060089930592,106.30492547494421,1.6045835092663765,6.143348885003045,-8.68418264389038,1.8187756898805512,"CJ Abrams",25768,682928
"Bryson Stott","PHI",148,571,11,65,57,32,0.092819614,0.162872154,0.110671937,0.274939172,0.245059288,0.315236427,0.355731225,0.2959171467705777,0.3119384603009131,86.98173722315366,4.603472076356411,-4.285477165232354,2.4514420926570892,1.784601482407529,"Bryson Stott",26294,681082
"Paul DeJong","- - -",139,482,24,54,56,2,0.047717842,0.323651452,0.2,0.285185185,0.226966292,0.275933609,0.426966292,0.3023871950094136,0.2929727150691495,95.74027976134981,-2.395916596055031,-4.7451908701215855,6.024019867181778,1.7810289929101446,"Paul DeJong",18015,657557
"Carson Kelly","- - -",91,313,9,32,37,0,0.079872204,0.175718849,0.135231317,0.266055045,0.238434163,0.313099041,0.37366548,0.30414682855240455,0.3192191231289094,98.27293025446896,-2.995927520096302,-3.6144561708088982,10.365189731121063,1.7679944993839873,"Carson Kelly",13620,608348
"David Fry","CLE",122,392,14,44,51,4,0.107142857,0.214285714,0.185074627,0.307053941,0.262686567,0.356410256,0.447761194,0.34722092886662853,0.33190838907666775,129.4422912181214,-1.3517929464578629,11.85396335188667,-8.08067274093628,1.730755268128647,"David Fry",24934,681807
"Colt Keith","DET",148,556,13,54,61,7,0.064748201,0.197841726,0.120155039,0.306329113,0.259689922,0.309352517,0.379844961,0.3007700167838417,0.3159625199589416,95.30405231459929,0.344160795211792,-2.6433098665713146,0.9758993983268738,1.7299070501541882,"Colt Keith",27899,690993
"Lars Nootbaar","STL",109,405,12,39,45,7,0.128395061,0.195061728,0.172413793,0.28076923,0.244252873,0.341584158,0.416666666,0.3307730666737058,0.35826771294892723,114.13013111030143,0.9890880957245827,7.832339562713612,-4.79171359539032,1.7141632136408655,"Lars Nootbaar",21454,663457
"Mike Yastrzemski","SFG",140,474,18,60,57,3,0.080168776,0.261603375,0.205607476,0.282229965,0.231308411,0.302325581,0.436915887,0.31878834445092635,0.3039272551840924,106.30436004811878,1.8444330170750618,5.417824798519941,-4.7173572182655334,1.7110183622231148,"Mike Yastrzemski",14854,573262
"Jose Trevino","NYY",74,234,8,26,28,1,0.085470085,0.175213675,0.138755981,0.228395061,0.215311004,0.287553648,0.354066985,0.28372043192130814,0.2691959168266329,84.7173064811377,-0.892970085144043,-4.984835760502267,13.337586641311646,1.6631828944741678,"Jose Trevino",16725,624431
"David Hamilton","BOS",98,317,8,47,28,33,0.06940063,0.25236593,0.146258504,0.31553398,0.248299319,0.302839116,0.394557823,0.3048386513622777,0.28517367486321965,94.14262920093036,6.146263003349304,4.0217099166808294,1.389565110206604,1.6433425323670974,"David Hamilton",27531,666152
"J.P. Crawford","SEA",105,451,9,55,37,5,0.115299334,0.226164079,0.119897959,0.24822695,0.201530612,0.303769401,0.321428571,0.2831537932355758,0.31217273465774636,89.82886163262253,1.3881686925888062,-3.8605308386296677,4.7411141991615295,1.6338460015181573,"J.P. Crawford",15491,641487
"Jesús Sánchez","MIA",149,537,18,60,64,16,0.076350093,0.260707635,0.165644172,0.315315315,0.251533742,0.313432835,0.417177914,0.31695893931478153,0.34766889873303863,101.40871327945555,0.6554454118013382,1.5600487345556888,-3.984578847885132,1.606074359253096,"Jesus Sanchez",19913,660821
"Randal Grichuk","ARI",106,279,12,40,46,0,0.071684587,0.164874551,0.236220473,0.313131313,0.291338582,0.34767025,0.527559055,0.373031150269252,0.37098274924538355,139.4992575937193,0.6206338927149773,13.798783104115357,-7.650392770767212,1.5995287338788446,"Randal Grichuk",10243,545341
"Bo Naylor","CLE",123,389,13,39,39,6,0.074550128,0.313624678,0.149717514,0.262443438,0.200564971,0.263565891,0.350282485,0.2685594781075117,0.26268770292207794,74.11022035632865,-0.956177681684494,-12.479655302412542,15.005447268486023,1.5916532385291202,"Bo Naylor",21865,666310
"Ryan O'Hearn","BAL",142,494,15,60,59,3,0.093117408,0.139676113,0.162528216,0.281767955,0.264108352,0.334008097,0.426636568,0.3300667288826733,0.35416370399614944,117.64064470398175,-0.32910682260990143,9.642083580589402,-10.799256443977356,1.5704970590670941,"Ryan O'Hearn",16442,656811
"Kyle Higashioka","SDP",84,263,17,29,45,2,0.05703422,0.281368821,0.256097561,0.237179487,0.219512195,0.263358778,0.475609756,0.31389006608315095,0.2989070979693464,104.32753832343454,-1.13727518171072,0.2237242862266937,6.097992658615112,1.562115566431963,"Kyle Higashioka",5517,543309
"Blake Perkins","MIL",121,434,6,54,43,23,0.096774193,0.248847926,0.091383812,0.312727272,0.240208877,0.315668202,0.331592689,0.28822558540119586,0.2795588821516852,84.12552638252333,2.4173770025372505,-5.821164755201012,6.408588171005249,1.5610585516781512,"Blake Perkins",19921,663368
"Ryan Jeffers","MIN",122,465,21,56,64,3,0.068817204,0.202150537,0.206310679,0.237623762,0.225728155,0.299568965,0.432038834,0.316508739159025,0.30743980407714844,105.85778498447152,-0.7956909686326981,2.320987399606531,-2.6461407020688057,1.5572151986539868,"Ryan Jeffers",24618,680777
"Michael Massey","KCR",100,356,14,45,45,1,0.042134831,0.15730337,0.189759036,0.270676691,0.259036144,0.29378531,0.44879518,0.3165411601323244,0.3148532899851164,103.57712254568187,0.49189233779907227,1.9489925582132257,1.2832896709442139,1.551722728046848,"Michael Massey",27684,686681
"Spencer Steer","CIN",158,656,20,74,92,25,0.109756097,0.208841463,0.177700349,0.260143198,0.224738675,0.31859756,0.402439024,0.3164798483593773,0.32053507268885195,97.61357331117141,4.530921816825867,2.6588900196981733,-9.608936846256256,1.5500867439469483,"Spencer Steer",26323,668715
"Sal Frelick","MIL",145,524,2,66,32,18,0.07442748,0.148854961,0.075789474,0.305555555,0.258947368,0.319845857,0.334736842,0.29205405206808926,0.28336377023958836,86.70234687598976,3.2640726417303085,-5.068278646752756,2.2703857421875,1.522571716445249,"Sal Frelick",29622,686217
"Vinnie Pasquantino","KCR",131,554,19,64,97,1,0.072202166,0.128158844,0.183467742,0.264916467,0.262096774,0.314647377,0.445564516,0.3245793902787609,0.3362866000852723,109.23137778473206,-1.4466347992420197,4.4050630922356495,-8.16666316986084,1.506781767376569,"Vinnie Pasquantino",27676,686469
"Kyle Isbel","KCR",136,426,8,62,42,11,0.063380281,0.206572769,0.138020834,0.275862068,0.229166666,0.287081339,0.3671875,0.28624969877694784,0.2826655545680643,82.2694900262207,4.03108025342226,-4.611360950752811,4.968930602073669,1.494303650641632,"Kyle Isbel",21614,664728
"Luis Rengifo","LAA",78,304,6,41,30,24,0.052631578,0.144736842,0.116607774,0.339055793,0.300353356,0.346534653,0.41696113,0.3346977892881966,0.3000701803578795,118.2238155738176,2.056668020784855,8.395635192547918,-4.020169794559479,1.4918925907378189,"Luis Rengifo",19858,650859
"Gavin Lux","LAD",139,487,10,59,50,5,0.090349075,0.225872689,0.132118451,0.311526479,0.250569476,0.320328542,0.382687927,0.3096331884239244,0.31852347777061857,98.29346735824318,0.8248449116945267,-0.1689684815523187,-2.1209092140197754,1.4471248728706634,"Gavin Lux",19955,666158
"Trevor Larnach","MIN",112,400,15,59,52,4,0.1,0.2225,0.174647887,0.304347826,0.259154929,0.3375,0.433802816,0.33586232494889645,0.3432626388779837,119.47149246152105,-1.7138220220804214,7.197965832118722,-6.451236844062805,1.4455473936431942,"Trevor Larnach",21501,663616
"Ryan Mountcastle","BAL",124,507,13,54,63,3,0.053254437,0.224852071,0.154334038,0.326704545,0.270613107,0.307692307,0.424947145,0.3155164792692873,0.33629885586825287,107.40570198559645,-0.8392155393958092,3.456938040601009,-6.376127243041992,1.4329938869462167,"Ryan Mountcastle",18373,663624
"Zack Gelof","OAK",138,547,17,60,49,25,0.069469835,0.34369287,0.150905433,0.296296296,0.211267605,0.270220588,0.362173038,0.2764205327805351,0.2734827424500748,82.200735945859,4.283227130770683,-6.857023962216859,2.5281405448913574,1.4242465609347377,"Zack Gelof",29766,680869
"Jesse Winker","- - -",145,508,14,63,58,14,0.124015748,0.208661417,0.15116279,0.303514376,0.253488372,0.359683794,0.404651162,0.33783508328691364,0.3302987719339038,117.67612396301912,-2.827811235561967,7.909907782877303,-11.521475315093994,1.383223301919722,"Jesse Winker",13590,608385
"Jake Burger","MIA",137,579,29,68,76,1,0.053540587,0.259067357,0.209345795,0.291666666,0.250467289,0.300518134,0.459813084,0.3254176387547207,0.3390461868709988,107.10199781380807,-0.686557374894619,4.2306710377122965,-10.266668319702148,1.3782893387875284,"Jake Burger",22275,669394
"Lane Thomas","- - -",130,528,15,65,63,32,0.083333333,0.259469696,0.163135593,0.298461538,0.237288135,0.308712121,0.400423728,0.3088420941662291,0.31128774422169636,98.80129304021477,3.9868350476026535,3.3807953952436423,-7.6710424721241,1.3755310890055257,"Lane Thomas",16939,657041
"Kevin Newman","ARI",111,311,3,41,28,8,0.048231511,0.154340836,0.097222223,0.322175732,0.277777777,0.311475409,0.375,0.2984641043371276,0.2755295655908364,89.31052439754703,0.8828946724534035,-3.092480067191691,5.983968257904053,1.3737911678177552,"Kevin Newman",17696,621028
"Ben Rortvedt","TBR",112,328,3,27,31,1,0.103658536,0.268292682,0.075862069,0.316582914,0.227586206,0.31707317,0.303448275,0.283089577061374,0.2696756702259274,86.97182020926962,-1.0660282224416733,-5.955514080480161,8.298848450183868,1.3641243270612886,"Ben Rortvedt",20287,666163
"Yasmani Grandal","PIT",72,243,9,26,27,1,0.098765432,0.189300411,0.172093024,0.248447204,0.227906976,0.304166666,0.4,0.3082559163371722,0.327454662322998,95.01867221816315,-1.0572646260261536,-2.5047449806460667,7.506447792053223,1.3566450707591011,"Yasmani Grandal",11368,518735
"Rob Refsnyder","BOS",93,307,11,32,40,2,0.091205211,0.254071661,0.1875,0.358695652,0.283088235,0.359477124,0.470588235,0.35831892098251145,0.32713259958197966,131.76174300797626,-1.2102284282445908,9.946794107482223,-7.0479583740234375,1.349652833437657,"Rob Refsnyder",13770,608701
"Nick Gonzales","PIT",94,387,7,42,49,5,0.046511627,0.19121447,0.128133704,0.319148936,0.270194986,0.310880829,0.39832869,0.3070752961294992,0.32173537212003306,94.22403389143035,0.1982768476009369,-2.4747103930058785,2.484861135482788,1.3389544231946535,"Nick Gonzales",27490,693304
"Max Schuemann","OAK",133,459,7,55,34,14,0.102396514,0.259259259,0.088383839,0.291970802,0.219696969,0.310572687,0.308080808,0.28090951227406574,0.300053634307458,85.35837579404581,2.23338183760643,-5.456285441520006,3.2154572010040283,1.33884223663763,"Max Schuemann",24488,680474
"LaMonte Wade Jr.","SFG",117,401,8,45,34,2,0.154613466,0.224438902,0.120845921,0.330508474,0.259818731,0.38,0.380664652,0.3374564818189114,0.35563551504400714,118.8692961257012,-1.97159094363451,7.076591671092173,-7.6186575293540955,1.3303224494941077,"LaMonte Wade Jr.",18126,664774
"Joey Bart","PIT",80,282,13,38,45,0,0.078014184,0.258865248,0.197628458,0.321428571,0.264822134,0.336879432,0.462450592,0.3469483698090763,0.33606085096086774,121.06134562344147,-1.490071065723896,5.612187967183802,-2.191148042678833,1.3282255408071486,"Joey Bart",21524,663698
"Ozzie Albies","ATL",99,435,10,52,53,8,0.062068965,0.149425287,0.152882205,0.274390243,0.250626566,0.303448275,0.403508771,0.3070691708860726,0.3077458324520269,95.60600452924389,0.30688801407814026,-1.9787641875045905,0.158516526222229,1.3158568708913494,"Ozzie Albies",16556,645277
"Michael Conforto","SFG",130,488,20,56,66,0,0.086065573,0.241803278,0.212328767,0.277227722,0.237442922,0.309426229,0.449771689,0.32669340829829663,0.3526939785357603,111.62500987908453,-1.7262875139713287,5.057534377072177,-8.691122770309448,1.311806604441227,"Michael Conforto",16376,624424
"James Wood","WSN",79,336,9,43,41,14,0.116071428,0.288690476,0.162711865,0.365079365,0.264406779,0.354166666,0.427118644,0.34206041827130673,0.35438569577154283,119.6393112199534,0.3602086901664734,8.251113676826598,-6.8263609409332275,1.3087381013249397,"James Wood",29518,695578
"Richie Palacios","TBR",92,316,5,46,21,19,0.142405063,0.212025316,0.09469697,0.279792746,0.223484848,0.346031746,0.318181818,0.30282458691551284,0.3251031973423102,100.85382916243945,3.050907574594021,3.3596267986492103,-1.2252302765846252,1.3014928929580916,"Richie Palacios",24589,680700
"Jeff McNeil","NYM",129,472,12,57,44,5,0.074152542,0.144067796,0.146226415,0.256484149,0.238207547,0.307855626,0.384433962,0.3035550645057191,0.2926733463368517,96.94198683400211,-1.9458427727222443,-3.6718500954417133,0.09378752112388611,1.262227238593709,"Jeff McNeil",15362,643446
"Andy Pages","LAD",116,443,13,65,46,1,0.065462753,0.243792325,0.158808933,0.304195804,0.248138957,0.305429864,0.40694789,0.3098208853022545,0.3238623408358841,98.41980022325755,-0.5244755446910858,-1.3615748985506357,-1.2829129248857498,1.2583881914890018,"Andy Pages",24816,681624
"Maikel Garcia","KCR",157,626,7,84,58,37,0.067092651,0.164536741,0.100869566,0.268085106,0.231304347,0.281350482,0.332173913,0.27008225181861706,0.3051139610756632,70.89697766953812,8.062238052487373,-12.783536335372222,4.191580653190613,1.2542304528844153,"Maikel Garcia",22715,672580
"Harrison Bader","NYM",143,437,12,57,51,17,0.048054919,0.217391304,0.136815921,0.275747508,0.236318407,0.28375286,0.373134328,0.2853290042199126,0.2997695396686422,84.67459893540745,-1.645505741238594,-9.654068258200182,6.973327279090881,1.233901317996112,"Harrison Bader",18030,664056
"Leody Taveras","TEX",151,529,12,59,44,23,0.079395085,0.211720226,0.122916667,0.272222222,0.229166666,0.288973384,0.352083333,0.28214366399743257,0.2994106190414721,83.89084219336124,1.595536932349205,-8.155125362922115,2.136252984404564,1.1881291266341227,"Leody Taveras",18900,665750
"Alex Call","WSN",30,113,3,15,14,5,0.10619469,0.168141592,0.181818182,0.402597402,0.343434343,0.424778761,0.525252525,0.4119153708483266,0.31910293714135096,166.65648259228635,0.36323512345552444,9.370275724783387,-1.8368056416511536,1.1686944322592365,"Alex Call",19296,669743
"Paul Goldschmidt","STL",154,654,22,70,65,11,0.071865443,0.264525993,0.168614357,0.307881773,0.245409015,0.301538461,0.414023372,0.30982255549342547,0.3324428593780234,100.02900100910847,-0.06190603971481323,-0.039225564891350206,-10.642970204353333,1.157724631370187,"Paul Goldschmidt",9218,502671
"Justin Turner","- - -",139,539,11,59,55,0,0.109461966,0.176252319,0.123913043,0.299168975,0.258695652,0.354359925,0.382608695,0.32655321508368523,0.333037392387177,116.46404160788208,-4.559204265475273,5.594647701395552,-12.288478210568428,1.152631656312126,"Justin Turner",5235,457759
"Royce Lewis","MIN",82,325,16,40,47,0,0.086153846,0.227692307,0.219178082,0.251207729,0.232876712,0.295384615,0.452054794,0.3174114555766339,0.318437327509341,106.49277414759028,-1.125806286931038,1.288649541049549,-1.042081356048584,1.1373118741364545,"Royce Lewis",20437,668904
"Connor Wong","BOS",126,487,13,54,52,8,0.057494866,0.234086242,0.14541387,0.347826086,0.279642058,0.333333333,0.425055928,0.3301827815390125,0.29075034953052215,111.97020793659279,-0.2003241553902626,6.469836023050966,-11.68089485168457,1.1278734494862184,"Connor Wong",19896,657136
"Luis Arraez","- - -",150,672,4,83,46,9,0.035714285,0.043154761,0.078492936,0.323966942,0.313971742,0.346268656,0.392464678,0.3227873320343612,0.3302921483899164,109.21884083893246,-0.9765040352940559,6.431596618790984,-18.093318283557892,1.118789610462657,"Luis Arraez",18568,650333
"Johan Rojas","PHI",120,363,3,47,32,25,0.035812672,0.190082644,0.079881657,0.296992481,0.24260355,0.278873239,0.322485207,0.26546722213986895,0.2580012361768266,66.48685072161118,4.760837696492672,-9.786487604246974,8.423584342002869,1.1141776034479924,"Johan Rojas",24336,679032
"Mauricio Dubón","HOU",137,428,4,45,47,3,0.037383177,0.128504672,0.092039801,0.298850574,0.268656716,0.296470588,0.360696517,0.2863087520879858,0.27550820425047096,85.97414846092626,-1.5973758772015572,-8.466140179289386,5.022435426712036,1.1085587952648406,"Mauricio Dubon",16530,643289
"Michael Siani","STL",124,334,2,42,20,20,0.062874251,0.275449101,0.05704698,0.321951219,0.228187919,0.284829721,0.285234899,0.25681112332978856,0.2456755118206654,64.34867343344483,2.829223521053791,-11.409906167289085,10.633343577384949,1.074477009076223,"Michael Siani",22557,672279
"Jonah Bride","MIA",71,272,11,30,39,0,0.110294117,0.202205882,0.185344828,0.306358381,0.275862068,0.356617647,0.461206896,0.3511037305272373,0.3044175433056821,124.39049825938962,-1.6440169587731361,6.289227933315262,-5.087640404701233,1.064434319958325,"Jonah Bride",24703,681146
"Jorge Soler","- - -",142,574,21,84,64,1,0.118466898,0.245644599,0.200811359,0.292537313,0.24137931,0.338003502,0.442190669,0.33977710313429554,0.35220611304567573,119.58796962459358,-4.405471481382847,9.039583998975942,-17.95876657962799,1.0632348989253606,"Jorge Soler",14221,624585
"Brayan Rocchio","CLE",143,442,8,50,36,10,0.099547511,0.203619909,0.109660574,0.244827586,0.206266318,0.297727272,0.315926892,0.2758581871866908,0.2790691950549818,79.24428137441816,-2.2058150470256805,-12.702826022305358,8.341902017593384,1.0617254155406144,"Brayan Rocchio",23690,677587
"George Springer","TOR",145,614,19,74,56,16,0.097719869,0.187296416,0.150458715,0.244552058,0.220183486,0.303425774,0.370642201,0.2983212936760745,0.3252579235639729,94.45291379764271,3.4390335753560066,-0.45804258647663953,-9.692097902297974,1.0522518562080458,"George Springer",12856,543807
"Mike Tauchman","CHC",109,350,7,50,29,6,0.134285714,0.2,0.117449665,0.301801801,0.248322147,0.357142857,0.365771812,0.3253509421007974,0.33222526397267865,110.13161976808792,0.03131867200136185,4.271732200657163,-5.833522796630859,1.0486943897600733,"Mike Tauchman",15274,643565
"Jose Miranda","MIN",121,429,9,44,49,2,0.041958041,0.153846153,0.157107232,0.318181818,0.284289276,0.321678321,0.441396508,0.3278782245154693,0.3113827928204403,113.8553131680205,-3.555722564458847,3.245378774336297,-7.387937307357788,1.0398038308049975,"Jose Miranda",20538,669304
"Wenceel Pérez","DET",112,425,9,51,37,9,0.075294117,0.216470588,0.141388175,0.294117647,0.241645244,0.300236406,0.383033419,0.29876415132067163,0.2966077156614459,93.89308558469209,1.5263777524232864,-1.4433481781548494,-2.6448006629943848,1.031738871057704,"Wenceel Perez",22857,672761
"Ceddanne Rafaela","BOS",152,571,15,70,75,19,0.026269702,0.264448336,0.143382353,0.312335958,0.246323529,0.274165202,0.389705882,0.28604016988210273,0.27597564374896844,80.91939343147581,0.5796210616827011,-11.88657325991008,2.9559320211410522,1.0310930761743655,"Ceddanne Rafaela",24262,678882
"Zach McKinstry","DET",118,325,4,32,23,16,0.073846153,0.212307692,0.121212121,0.265486725,0.215488215,0.276923076,0.336700336,0.27027658737622773,0.3019558706401307,73.85435134267033,5.037252984941006,-4.6854806789816,3.7181813716888428,1.0119463955126684,"Zach McKinstry",19392,656716
"Tyrone Taylor","NYM",130,345,7,47,35,11,0.055072463,0.231884057,0.153605016,0.309012875,0.247648902,0.299418604,0.401253918,0.3036750242244398,0.30530926228959776,97.0227279474779,0.5150949656963348,-0.7131893328660166,-1.1368489265441895,1.001639217284356,"Tyrone Taylor",13675,621438
"Jake Fraley","CIN",116,382,5,44,26,20,0.068062827,0.183246073,0.108571428,0.330935251,0.277142857,0.329842931,0.385714285,0.31398372625181187,0.28985292535079155,95.93351203322158,1.5795908272266388,-0.27797468283351773,-2.8609412908554077,0.9964403541932871,"Jake Fraley",19260,641584
"Josh Lowe","TBR",106,387,10,37,34,25,0.082687338,0.317829457,0.150141643,0.337837837,0.240793201,0.302325581,0.390934844,0.29874266905821956,0.29748859853719606,97.98252478205855,3.330639749765396,2.4372832920817644,-5.7450350522994995,0.9823359524344917,"Josh Lowe",19953,666139
"Oswaldo Cabrera","NYY",109,326,8,47,36,4,0.064417177,0.193251533,0.117056856,0.285714285,0.247491638,0.296296296,0.364548494,0.2897587115014041,0.2926744496600228,88.96475564950256,-0.4587065652012825,-4.57498895925298,3.076392114162445,0.9604962593715011,"Oswaldo Cabrera",21707,665828
"Max Kepler","MIN",105,399,8,43,42,1,0.055137844,0.200501253,0.127717391,0.300353356,0.252717391,0.301507537,0.380434782,0.2980898906238115,0.30219683021005955,92.90159078123989,-0.8723991513252258,-4.11310442298999,0.06201457977294922,0.9466184904808275,"Max Kepler",12144,596146
"Ronald Acuña Jr.","ATL",49,222,4,38,15,16,0.121621621,0.238738738,0.114583333,0.325925925,0.25,0.351351351,0.364583333,0.32185090957461177,0.3497789477870475,105.55512789789567,2.5497844889760017,4.024500247828796,-2.310574784874916,0.944491336226497,"Ronald Acuna Jr.",18401,660670
"Pavin Smith","ARI",60,158,9,26,36,1,0.11392405,0.196202531,0.277372263,0.28,0.270072992,0.348101265,0.547445255,0.3774610286272025,0.39620269099368327,142.48086937972263,-1.5876566991209984,6.4385763814505825,-2.759049892425537,0.9262383620374194,"Pavin Smith",19892,656976
"Mike Trout","LAA",29,126,10,17,14,6,0.126984126,0.214285714,0.321100917,0.194444444,0.220183486,0.325396825,0.541284403,0.365490749835968,0.40723031616210936,139.88421286665803,1.2170358821749687,6.967159454780529,-2.21167229115963,0.9221903968688233,"Mike Trout",10155,545361
"Jacob Stallings","COL",82,281,9,31,36,0,0.096085409,0.231316725,0.189300412,0.323529411,0.263374485,0.357142857,0.452674897,0.352632313646296,0.3205215233758038,113.33842187131926,-3.492564857006073,0.9894372212095028,-1.6155716180801392,0.9067854440044794,"Jacob Stallings",13723,607732
"Ramón Urías","BAL",100,301,11,39,37,1,0.07641196,0.182724252,0.169117647,0.280193236,0.25367647,0.322259136,0.422794117,0.3252721706102061,0.3313096258727419,114.2680545022634,-0.6296240165829659,4.284395337011466,-5.51702481508255,0.9024380827353117,"Ramon Urias",18795,602104
"Nicky Lopez","CHW",124,445,1,40,21,5,0.083146067,0.150561797,0.052763819,0.287878787,0.24120603,0.312072892,0.293969849,0.2751438505014146,0.2725661290835028,77.2715264897333,-0.4635537639260292,-12.036285526171927,5.966568470001221,0.8955083507451459,"Nicky Lopez",19339,670032
"Ramón Laureano","- - -",98,309,11,35,33,8,0.048543689,0.310679611,0.178321679,0.35,0.258741258,0.310679611,0.437062937,0.32408985736686435,0.3133974167907122,107.97904954957181,-0.7619345784187317,2.3974959577120503,-4.150663435459137,0.8841949213544056,"Ramon Laureano",17128,657656
"Masataka Yoshida","BOS",108,421,10,45,56,2,0.064133016,0.123515439,0.134920635,0.301886792,0.28042328,0.349168646,0.415343915,0.33647743681547476,0.3270965721148493,116.39799700540044,-2.493182599544525,5.405933662525889,-10.914553889655508,0.8713515421786882,"Masataka Yoshida",31837,807799
"Jonny DeLuca","TBR",107,362,6,29,31,16,0.066298342,0.212707182,0.114457832,0.26506024,0.216867469,0.277777777,0.331325301,0.26887733275511805,0.27662726697151374,76.9746373265509,0.6452271416783333,-8.89196774847387,5.073489427566528,0.8440625903603568,"Jonny DeLuca",26365,676356
"Jason Heyward","- - -",87,258,10,33,37,5,0.085271317,0.205426356,0.201754386,0.226190476,0.210526315,0.287937743,0.412280701,0.30021066759146897,0.29259989205307846,93.01913708660175,2.6356975063681602,0.47042251153397396,-0.9411632418632507,0.8411210358612399,"Jason Heyward",4940,518792
"Mark Canha","- - -",125,462,7,46,42,7,0.11038961,0.207792207,0.1043257,0.298305084,0.241730279,0.344155844,0.346055979,0.309831370478091,0.2926722443622092,101.35053264332015,0.8761737197637558,1.6239888108327662,-8.82003016769886,0.8404068979688,"Mark Canha",11445,592192
"Sean Murphy","ATL",72,264,10,19,25,0,0.102272727,0.253787878,0.158798283,0.222929936,0.193133047,0.284090909,0.35193133,0.28139100781864995,0.31131127602295855,78.32284064567278,-0.3640977591276169,-7.207429309191951,6.470684656873345,0.8365907999463302,"Sean Murphy",19352,669221
"Giancarlo Stanton","NYY",114,459,27,49,72,0,0.082788671,0.31154684,0.242206235,0.281124497,0.232613908,0.298474945,0.474820143,0.3298972602485306,0.35361228640384085,117.19903053424487,-4.37401419878006,4.658783014940017,-11.774690628051758,0.8353551074786167,"Giancarlo Stanton",4949,519317
"Orlando Arcia","ATL",157,602,17,50,46,2,0.068106312,0.212624584,0.136116153,0.249394673,0.217785843,0.271214642,0.353901996,0.2726847584048907,0.26586151123046875,72.46293801034192,-1.0974321588873863,-20.920705884304414,8.795073390007019,0.8288794379372694,"Orlando Arcia",13185,606115
"Tommy Edman","LAD",37,153,6,20,20,6,0.071895424,0.196078431,0.179856116,0.257142857,0.237410071,0.294117647,0.417266187,0.30703503360935286,0.27187910890267564,96.54473107452908,1.6930851712822914,1.0609141708162553,1.7934077382087708,0.8237274983328864,"Tommy Edman",19470,669242
"Luis Torrens","NYM",48,130,3,14,15,0,0.069230769,0.215384615,0.144067796,0.272727272,0.228813559,0.292307692,0.372881355,0.29180257182854874,0.3237966097318209,89.03175367415045,-1.0396823957562447,-2.7447508990158065,6.042589783668518,0.7900191267180443,"Luis Torrens",15905,620443
"Donovan Solano","SDP",96,309,8,31,35,2,0.071197411,0.210355987,0.130742049,0.345971563,0.286219081,0.343042071,0.41696113,0.3331028579894007,0.3125218725823737,117.2590642392403,-3.165662042796612,3.2116403292886018,-5.973198771476746,0.7830431030264315,"Donovan Solano",8623,456781
"Brendan Rodgers","COL",135,539,13,67,54,1,0.057513914,0.244897959,0.139720559,0.337988826,0.267465069,0.314126394,0.407185628,0.31360177787322574,0.29945947173842813,87.06819590311625,-0.8698706477880478,-9.204939015751492,-1.4624803066253662,0.7616817197988374,"Brendan Rodgers",17907,663898
"Jorge Mateo","BAL",68,208,5,30,18,13,0.048076923,0.23076923,0.171875,0.274647887,0.229166666,0.266990291,0.401041666,0.28582991789845585,0.2777928236054211,86.52356846832944,3.85053089261055,0.6431993785421426,-0.1906093955039978,0.7583244638348003,"Jorge Mateo",17273,622761
"Adrian Del Castillo","ARI",25,87,4,12,19,1,0.08045977,0.32183908,0.2125,0.4375,0.3125,0.367816091,0.525,0.383930592016242,0.2982922696519172,146.8353290042033,-0.8327260538935661,4.039799353233807,0.26520659774541855,0.745380823803454,"Adrian Del Castillo",29554,680728
"Christian Vázquez","MIN",93,315,7,29,27,3,0.034920634,0.206349206,0.105442177,0.256637168,0.221088435,0.248387096,0.326530612,0.25004671965875935,0.2724122816516507,59.107043202858364,-2.5424298495054245,-17.281316362002848,13.92285692691803,0.7307821334564025,"Christian Vazquez",9774,543877
"Andy Ibáñez","DET",99,244,5,30,32,2,0.061475409,0.258196721,0.116071429,0.310126582,0.241071428,0.295081967,0.357142857,0.2869353824463047,0.271197255452474,85.57248799530191,-0.17563720792531967,-4.203613243524985,3.1639633178710938,0.7273677367882833,"Andy Ibanez",18819,628451
"Rece Hinds","CIN",24,51,5,9,11,2,0.078431372,0.31372549,0.456521739,0.28,0.260869565,0.333333333,0.717391304,0.4332526349553875,0.3954307705748315,176.2096630151336,1.1095392927527428,5.757275831994804,-0.6157332584261894,0.7073200475932967,"Rece Hinds",27493,677956
"Nolan Schanuel","LAA",147,607,13,62,54,10,0.112026359,0.169686985,0.111753372,0.285365853,0.250481695,0.343283582,0.362235067,0.3154721189889544,0.32231627605520746,104.700086465124,-3.4820773974061012,-0.21770162488816913,-13.05583643913269,0.7057269749535444,"Nolan Schanuel",33189,694384
"Abraham Toro","OAK",94,364,6,34,26,4,0.054945054,0.17032967,0.109792284,0.278810408,0.240356083,0.292817679,0.350148367,0.2830058539343012,0.297054935360219,86.83298532864347,0.6134737804532051,-4.870486625103329,-0.41194943338632584,0.6997104936069615,"Abraham Toro",19844,647351
"Gio Urshela","- - -",128,461,9,34,52,0,0.04989154,0.156182212,0.111111111,0.278089887,0.25,0.286334056,0.361111111,0.2813197794167892,0.3068714433999761,80.39614628953665,-2.7025896459817886,-13.078202594821947,4.368025243282318,0.6824480746837756,"Gio Urshela",10681,570482
"Sam Hilliard","COL",58,158,10,26,27,5,0.088607594,0.354430379,0.268115942,0.31081081,0.239130434,0.305194805,0.507246376,0.341869484365376,0.30068224708505925,106.09430001475887,0.6909055709838867,1.8423479283461335,-0.5746403336524963,0.6771511824553945,"Sam Hilliard",17954,656541
"Nathan Lukes","TOR",22,91,1,13,10,1,0.109890109,0.098901098,0.144736843,0.318840579,0.302631578,0.370786516,0.447368421,0.35107741864879477,0.3290220824154941,131.5626494713879,0.44991764426231384,3.736317870808862,-0.2841373682022095,0.6678504885386797,"Nathan Lukes",18123,664770
"Junior Caminero","TBR",43,177,6,15,18,2,0.062146892,0.214689265,0.175757576,0.289256198,0.248484848,0.299435028,0.424242424,0.3093870064190456,0.3030593915917407,105.46996905675994,-0.12348031252622604,0.9843257647634773,-0.40338316559791565,0.6655273443816778,"Junior Caminero",28163,691406
"Dane Myers","MIA",44,108,3,17,19,4,0.074074074,0.333333333,0.178947369,0.379310344,0.263157894,0.333333333,0.442105263,0.3348583391419164,0.31292381993046514,113.45623629804764,0.10908690840005875,1.8469223291369068,0.9686478972434998,0.6641548383970142,"Dane Myers",22054,667472
"Trevor Story","BOS",26,106,2,8,10,6,0.103773584,0.311320754,0.138297873,0.372881355,0.255319148,0.339622641,0.393617021,0.31758052282608473,0.25945476385263294,103.10552179880825,-0.0812528058886528,0.2954042042557634,2.587804913520813,0.6604044251810964,"Trevor Story",12564,596115
"Alec Burleson","STL",152,595,21,71,78,9,0.058823529,0.127731092,0.151736745,0.276315789,0.268738574,0.314189189,0.420475319,0.31856830126127683,0.33302860583289196,105.91548739806633,-3.0388134494423866,1.1700882584183416,-14.71260690689087,0.6583468013184852,"Alec Burleson",27615,676475
"Kevin Pillar","- - -",100,314,8,38,45,12,0.050955414,0.219745222,0.147887324,0.271428571,0.228873239,0.290734824,0.376760563,0.2925059909637744,0.27858532731906294,88.63006003430426,1.428551271557808,-2.6564615786516343,-1.4874513000249863,0.6462412178079548,"Kevin Pillar",12434,607680
"Triston Casas","BOS",63,243,13,28,32,0,0.12345679,0.316872427,0.221698113,0.311475409,0.240566037,0.337448559,0.46226415,0.342131487245839,0.32826999055237327,120.37517154324489,-2.1926842853426933,3.4724884299448266,-5.283239841461182,0.6443090587492528,"Triston Casas",22514,671213
"Enrique Hernández","LAD",126,393,12,44,42,0,0.06870229,0.195928753,0.143646409,0.257246376,0.229281767,0.280612244,0.372928176,0.2851201274565288,0.2890635704507633,81.79449705125262,0.47016359865665436,-8.085555474728803,0.9806183241307735,0.6248670296692196,"Enrique Hernandez",10472,571771
"Jhonkensy Noel","CLE",67,198,13,25,28,0,0.065656565,0.318181818,0.268156425,0.25,0.217877094,0.287878787,0.486033519,0.3305375124468948,0.3248105289960148,117.70683540533226,-0.5616360902786255,3.4499096451920446,-4.05134117603302,0.6152568419668203,"Jhonkensy Noel",24257,678877
"Alex Verdugo","NYY",149,621,13,74,61,2,0.078904991,0.149758454,0.123434705,0.252699784,0.232558139,0.290791599,0.355992844,0.2834208144509927,0.30673150892381545,84.5065494338301,-2.496940031647682,-13.505876320258002,-1.1296467781066895,0.6129591950446825,"Alex Verdugo",17027,657077
"Miguel Amaya","CHC",117,363,8,32,47,0,0.063360881,0.170798898,0.125,0.260536398,0.231707317,0.287709497,0.356707317,0.28308923717317636,0.30265874541207644,81.68659547466942,-2.734204649925232,-10.68365311210895,4.33312726020813,0.5990672663504859,"Miguel Amaya",21693,665804
"Will Wagner","TOR",24,86,2,8,11,0,0.046511627,0.186046511,0.146341464,0.359375,0.304878048,0.337209302,0.451219512,0.3415291163810464,0.3671436975168627,124.84617866401932,-0.4401182755827904,2.004796146922352,0.9430395811796188,0.5986575688094267,"Will Wagner",29634,695238
"Starling Marte","NYM",94,370,7,46,40,16,0.072972972,0.218918918,0.119402985,0.333333333,0.268656716,0.326975476,0.388059701,0.31305298876892673,0.3421676927576951,103.33474090927403,2.1134712174534798,3.588923286540984,-10.188837051391602,0.5975109004466013,"Starling Marte",9241,516782
"J.D. Martinez","NYM",120,495,16,46,69,0,0.098989898,0.284848484,0.170506912,0.308243727,0.235023041,0.3197556,0.405529953,0.3184588671701746,0.3526300858478157,106.97326762546105,-2.3074781596660614,1.8201713833684323,-12.638888359069824,0.5939426891843942,"J.D. Martinez",6184,502110
"Rafael Marchán","PHI",17,56,3,8,6,0,0.053571428,0.142857142,0.25490196,0.3,0.294117647,0.345454545,0.549019607,0.38196159492839465,0.37624228234384577,144.8955488489419,-0.5168305337429047,2.489609851082697,1.302173137664795,0.5852055504216119,"Rafael Marchan",21646,665561
"Nick Fortes","MIA",110,335,4,28,29,0,0.03283582,0.122388059,0.090909091,0.246268656,0.227272727,0.259146341,0.318181818,0.2524887932146468,0.24701326702712872,58.01588577381421,-2.2476658150553703,-19.06631401305291,13.41099500656128,0.5740672448095885,"Nick Fortes",21538,663743
"Brett Wisely","SFG",91,272,4,25,31,2,0.047794117,0.238970588,0.107142857,0.301075268,0.238095238,0.277777777,0.345238095,0.2723225388262007,0.26259121555514103,75.02968781063545,-1.203391708433628,-9.325226675616724,5.6589133739471436,0.5616885743510565,"Brett Wisely",27735,689172
"Luis Robert Jr.","CHW",100,425,14,47,35,23,0.065882352,0.331764705,0.155216285,0.30962343,0.223918575,0.278301886,0.37913486,0.28526280544945415,0.2825585227114571,84.38940604609681,0.9300888255238533,-6.661172899124878,-2.0796056985855103,0.5512258331902863,"Luis Robert Jr.",20043,673357
"Danny Jansen","- - -",94,324,9,35,24,0,0.12345679,0.188271604,0.143884892,0.227488151,0.205035971,0.308641975,0.348920863,0.2942591960783358,0.294214906159395,90.14526188489567,-1.083804339170456,-4.737191558839602,-0.6700827479362488,0.5499747908443372,"Danny Jansen",16535,643376
"Jarred Kelenic","ATL",131,449,15,49,45,7,0.071269487,0.296213808,0.162621359,0.299625468,0.230582524,0.285714285,0.393203883,0.2941608500960689,0.3113518699970288,86.91781982188918,1.7717921882867813,-5.2522603554281595,-4.649242162704468,0.5296429201245489,"Jarred Kelenic",22558,672284
"Leo Jiménez","TOR",63,210,4,18,19,0,0.057142857,0.28095238,0.12849162,0.310924369,0.229050279,0.328571428,0.357541899,0.30816414923894975,0.3129441397530692,101.37657940807239,-1.4767392426729202,-1.1459691987968441,-0.7292894124984741,0.5247516807850174,"Leo Jimenez",23782,677870
"Trent Grisham","NYY",76,209,9,21,31,1,0.105263157,0.272727272,0.195530726,0.217391304,0.189944134,0.289855072,0.38547486,0.29526050634754514,0.3030832161023779,92.83483050009183,-1.1041738092899323,-2.8176511358980676,0.937223881483078,0.5207968077607217,"Trent Grisham",18564,663757
"Connor Joe","PIT",123,416,9,49,36,2,0.10576923,0.21875,0.14010989,0.278195488,0.228021978,0.319711538,0.368131868,0.3049523913716695,0.27879475395460634,92.79517347246482,-0.3978808522224426,-3.9819645552580365,-4.906322717666626,0.5202004758673395,"Connor Joe",16572,656582
"Kyle Farmer","MIN",107,242,5,26,25,3,0.078512396,0.202479338,0.139534884,0.251533742,0.213953488,0.293388429,0.353488372,0.28496870386155315,0.29573647181193036,83.6718800561812,-3.157883457839489,-7.6791192325135365,4.684093594551086,0.5185788381354295,"Kyle Farmer",14813,571657
"Andrew McCutchen","PIT",120,515,20,66,50,3,0.112621359,0.258252427,0.178571428,0.282828282,0.232142857,0.328155339,0.410714285,0.32450418655510543,0.3237934967695389,105.95487183118608,-2.8716816380620003,0.7955718630619666,-13.105422139167786,0.5090842603555124,"Andrew McCutchen",9847,457705
"Dairon Blanco","KCR",88,132,4,37,13,31,0.06060606,0.242424242,0.133333333,0.317647058,0.258333333,0.307692307,0.391666666,0.3056062542475187,0.2844767350416917,95.88528643732,4.095004305243492,3.4735357681051346,-2.9668551683425903,0.5039097052854971,"Dairon Blanco",19779,680118
"Austin Barnes","LAD",54,156,1,12,11,3,0.089743589,0.23076923,0.042857143,0.349514563,0.264285714,0.331168831,0.307142857,0.2893326820491196,0.27497192481895544,84.62983504646165,0.09552810341119766,-2.771714302378112,2.385123133659363,0.49938471881640056,"Austin Barnes",12158,605131
"Nick Ahmed","- - -",71,228,2,20,17,2,0.048245614,0.22368421,0.066666667,0.2875,0.228571428,0.266666666,0.295238095,0.24845846520529852,0.2658179428960596,58.688072297776394,-0.4947051778435707,-11.758159235077073,8.919687382876873,0.4950728072232029,"Nick Ahmed",12147,605113
"Garrett Hampson","KCR",113,231,0,16,16,7,0.06060606,0.255411255,0.070422535,0.314102564,0.230046948,0.27510917,0.300469483,0.25504547097276914,0.24969484094987837,60.319798946461056,1.4094377681612968,-9.07853259023349,6.192921632900834,0.49224719765803615,"Garrett Hampson",19262,641658
"Elias Díaz","- - -",96,351,6,27,39,0,0.056980056,0.196581196,0.116923077,0.317460317,0.264615384,0.313390313,0.381538461,0.30250530973888057,0.28096077009305487,80.76345030590231,-2.9069227799773216,-10.981049842316295,3.8671414144337177,0.47874138732743216,"Elias Diaz",11680,553869
"Pedro Pagés","STL",68,218,7,19,27,2,0.059633027,0.266055045,0.138613861,0.294964028,0.237623762,0.28110599,0.376237623,0.2856715068839113,0.2831092302189317,83.7736898335252,-0.3888036832213402,-4.618776254541094,1.9547498226165771,0.4785179176917907,"Pedro Pages",25782,686780
"Brett Baty","NYM",50,171,4,15,16,0,0.093567251,0.245614035,0.098039216,0.289719626,0.228758169,0.305882352,0.326797385,0.2822889675050092,0.2837056492912699,82.62844584346738,0.10162383317947388,-3.4505652020646513,2.3450995683670044,0.4769978209267279,"Brett Baty",26123,683146
"Will Brennan","CLE",114,353,8,37,30,4,0.053824362,0.135977337,0.124242424,0.287272727,0.263636363,0.308781869,0.387878787,0.30253500952000634,0.3058113250297699,98.00930298881285,-0.4252897799015045,-1.2293442619479644,-5.982310652732849,0.4628334099864051,"Will Brennan",25660,686823
"David Peralta","SDP",91,260,8,35,28,2,0.084615384,0.207692307,0.148305085,0.316091954,0.266949152,0.334615384,0.415254237,0.32920125952133766,0.31822046133188103,114.63302103068335,-0.5909114181995392,3.9586405385523795,-8.185279846191406,0.4623339168566352,"David Peralta",2136,444482
"Whit Merrifield","- - -",95,335,4,44,15,17,0.104477611,0.15522388,0.092150171,0.257383966,0.221843003,0.311178247,0.313993174,0.2832089419451365,0.2979239603368247,79.07661072376965,3.055700398981571,-5.32611567199292,-1.4687675833702087,0.4563756364674132,"Whit Merrifield",11281,593160
"Dylan Crews","WSN",31,132,3,12,8,12,0.083333333,0.196969696,0.134453782,0.252747252,0.218487394,0.287878787,0.352941176,0.2825809396577604,0.32739118037333015,79.60554502382399,1.5638491287827492,-1.655346128850757,1.6393465995788574,0.4546876624039827,"Dylan Crews",33541,686611
"Ryan Bliss","SEA",33,71,2,10,9,5,0.070422535,0.309859154,0.174603174,0.307692307,0.222222222,0.289855072,0.396825396,0.2995942019034123,0.30859997693230123,101.39338083010412,0.032565534114837646,0.14576223965243085,1.6756547763943672,0.43100759219610224,"Ryan Bliss",29547,669208
"Miguel Andujar","OAK",75,319,4,31,30,3,0.040752351,0.131661442,0.092715232,0.319066147,0.284768211,0.319749216,0.377483443,0.3057821045474946,0.28691952505081797,102.85426513893357,-2.0625914856791496,-1.0207764915361397,-5.378545761108398,0.43041299486413986,"Miguel Andujar",15878,609280
"Michael A. Taylor","PIT",113,300,5,35,21,12,0.076666666,0.35,0.096654275,0.288343558,0.19330855,0.253378378,0.289962825,0.24189622176660075,0.2693750290643601,50.354049070646624,2.6046450436115265,-15.205455564971391,9.246618509292603,0.42172133214052143,"Michael A. Taylor",11489,572191
"Jared Triolo","PIT",125,446,9,41,46,8,0.094170403,0.264573991,0.098984772,0.279411764,0.21573604,0.295964125,0.314720812,0.2745213358926132,0.29636004158620083,72.31298720339208,0.0019814670085906982,-14.764337471101904,3.9111827611923218,0.4209870774588458,"Jared Triolo",25807,669707
"Trey Sweeney","DET",36,119,4,11,17,2,0.058823529,0.268907563,0.154545454,0.266666666,0.218181818,0.268907563,0.372727272,0.2793314522054015,0.29156626825747284,80.22372817893127,-0.26658234745264053,-2.9593382808242583,3.0337365865707397,0.41479069654673295,"Trey Sweeney",29575,700242
"Austin Hedges","CLE",66,146,2,12,15,2,0.04109589,0.342465753,0.068181818,0.219512195,0.151515151,0.202797202,0.219696969,0.1914935778904628,0.1706894027603256,19.90049232962589,-0.6573274433612823,-14.038319407028641,13.123939275741577,0.40504072154708115,"Austin Hedges",12976,595978
"Thairo Estrada","SFG",96,381,9,43,47,2,0.026246719,0.199475065,0.126373626,0.24911032,0.217032967,0.24671916,0.343406593,0.25634105749956265,0.26506488197728206,64.27305540880529,0.13267403841018677,-16.1446172901439,7.269402623176575,0.4005513272701159,"Thairo Estrada",16426,642731
"Casey Schmitt","SFG",40,113,6,11,16,0,0.03539823,0.221238938,0.224299066,0.272727272,0.252336448,0.28318584,0.476635514,0.3229154459143107,0.3138562430322698,109.08218222988893,0.3618481531739235,1.5890893893134155,-1.5059699416160583,0.39923913400307426,"Casey Schmitt",27577,669477
"Jonathan Aranda","TBR",44,143,6,22,14,0,0.083916083,0.223776223,0.1953125,0.263736263,0.234375,0.307692307,0.4296875,0.32012464575000577,0.3606765908254704,113.02304384263526,-1.3221072629094124,0.8087489614441861,-1.7180885076522827,0.39529809983627934,"Jonathan Aranda",21837,666018
"Juan Yepez","WSN",62,249,6,32,26,2,0.072289156,0.168674698,0.146017699,0.320441988,0.28318584,0.334677419,0.429203539,0.33125993657496666,0.3037946437432514,112.36984670688723,-1.5594937652349472,2.1237032427346545,-6.685399055480957,0.3897017036039343,"Juan Yepez",18400,660766
"Michael Toglia","COL",116,458,25,62,55,10,0.11790393,0.320960698,0.238095238,0.269565217,0.218045112,0.3107221,0.45614035,0.3292400415127094,0.36121773508797705,97.59381927524072,1.0715906769037247,-0.2462260201001607,-11.364991426467896,0.38418153890135043,"Michael Toglia",25845,669911
"Gary Sánchez","MIL",89,280,11,30,37,0,0.096428571,0.271428571,0.171428571,0.267080745,0.220408163,0.307142857,0.391836734,0.3070861337440354,0.31454732077462333,96.81996823521422,-1.3166888132691383,-2.381446474975009,-3.3514577448368073,0.375912729519322,"Gary Sanchez",11442,596142
"Griffin Conine","MIA",30,89,3,14,12,0,0.06741573,0.314606741,0.18292683,0.372549019,0.268292682,0.325842696,0.451219512,0.33657811397916815,0.28908598011937636,114.61376264746059,-0.5477893278002739,1.0075076940959589,-0.36422818899154663,0.3741202733990211,"Griffin Conine",21626,665052
"Tyler Freeman","CLE",118,383,7,48,32,11,0.073107049,0.138381201,0.112121212,0.227106227,0.209090909,0.305263157,0.321212121,0.28292879375744623,0.307025939619321,84.21789042984936,-0.3292389288544655,-7.245469059690583,-1.869199275970459,0.36892652342911153,"Tyler Freeman",22532,671289
"Davis Schneider","TOR",135,454,13,48,46,6,0.103524229,0.317180616,0.151133501,0.257142857,0.191435768,0.281938325,0.342569269,0.2774735540808035,0.2931440910406872,79.788188020766,-0.4360238090157509,-10.935477678844588,-0.5816051959991455,0.36370638244239967,"Davis Schneider",23565,676914
"Nasim Nuñez","WSN",51,78,0,14,1,8,0.153846153,0.192307692,0.016393442,0.326086956,0.245901639,0.369863013,0.262295081,0.29956116088449136,0.26991073290507,91.03439783819086,-0.292528435587883,-1.1287769335539926,1.9515962600708008,0.3546344004031782,"Nasim Nunez",25979,683083
"Eguy Rosario","SDP",30,57,3,5,6,0,0.035087719,0.350877192,0.283018868,0.333333333,0.245283018,0.285714285,0.528301886,0.34465725826365606,0.27464944975716726,125.03596763345874,-0.8911315873265266,0.8153457359446266,0.6993056647479534,0.3534856916834742,"Eguy Rosario",19964,666703
"Josh Jung","TEX",46,188,7,19,16,4,0.042553191,0.255319148,0.157303371,0.322580645,0.264044943,0.29787234,0.421348314,0.31074903334708925,0.2955621557032808,104.01244316319223,0.2743512913584709,1.1374736169578288,-3.9989672489464283,0.34763208645575266,"Josh Jung",26299,673962
"Emmanuel Rivera","- - -",124,302,5,24,29,2,0.086092715,0.228476821,0.105660377,0.295918367,0.237735849,0.312292358,0.343396226,0.29128454808776955,0.32175589399876386,86.33532009663045,-0.7999628558754921,-5.9787546244178635,-0.8492963552707806,0.3362331673182283,"Emmanuel Rivera",19890,656896
"Heston Kjerstad","BAL",39,114,4,8,14,1,0.087719298,0.289473684,0.141414141,0.338709677,0.252525252,0.350877192,0.393939393,0.3265521962727819,0.29892669405256,115.16845069357507,-0.18952535092830658,1.7890458476415663,-2.3692101538181305,0.33008361962541444,"Heston Kjerstad",31166,677008
"Weston Wilson","PHI",41,98,3,13,10,3,0.081632653,0.295918367,0.204545454,0.385964912,0.284090909,0.346938775,0.488636363,0.3581331840583256,0.3176016266812983,128.8573949875798,0.4159594571683556,3.797732703131132,-3.935514807701111,0.32456809851106777,"Weston Wilson",19358,642215
"Nick Sogard","BOS",31,86,0,13,8,3,0.081395348,0.290697674,0.051948052,0.388888888,0.272727272,0.325581395,0.324675324,0.2887300197468248,0.3087504187295603,82.8114887575353,0.3807067070156336,-1.31067769484214,1.6024526357650757,0.3243456410640222,"Nick Sogard",25483,686765
"Nolan Gorman","STL",107,402,19,42,50,6,0.084577114,0.37562189,0.197260274,0.279187817,0.202739726,0.271144278,0.4,0.290496850846117,0.3070928626191945,87.02147707883658,-0.6972142606973648,-6.936180074235038,-3.3969417810440063,0.32258153750861474,"Nolan Gorman",22263,669357
"Bligh Madris","DET",21,75,1,8,5,0,0.08,0.266666666,0.089552239,0.361702127,0.268656716,0.324324324,0.358208955,0.3012389701765937,0.29365346238419815,95.63392370787035,-0.0665019080042839,-0.4411799059890288,1.045422911643982,0.3189848930817012,"Bligh Madris",20054,676632
"Garrett Stubbs","PHI",56,187,1,18,11,5,0.09090909,0.267379679,0.054878048,0.289473684,0.207317073,0.295698924,0.262195121,0.2577483541862939,0.2491134520499937,61.2915234901811,1.5786136016249657,-7.077221406204597,3.8828572034835815,0.31657506573906047,"Garrett Stubbs",18067,596117
"Tyler Soderstrom","OAK",61,213,9,18,26,0,0.093896713,0.248826291,0.195767196,0.2734375,0.232804232,0.31455399,0.428571428,0.3221122113601217,0.3509878122581626,114.3411957589133,-2.089806742966175,1.4053815321388683,-5.573858179152012,0.298176530501243,"Tyler Soderstrom",27467,691016
"Daniel Schneemann","CLE",73,221,5,17,22,3,0.113122171,0.316742081,0.150259067,0.305785123,0.21761658,0.30316742,0.367875647,0.2952188630988695,0.27967499607828405,92.86297618829073,-2.7894152402877808,-4.594156830636943,0.154733806848526,0.2975623422508152,"Daniel Schneemann",25180,682177
"Bo Bichette","TOR",81,336,4,29,31,5,0.059523809,0.19047619,0.096463023,0.269387755,0.225080385,0.276785714,0.321543408,0.2636339559483884,0.30341795492028184,70.05313206678242,-0.4090491160750389,-11.922255560552872,3.6036922857165337,0.29035628362502414,"Bo Bichette",19612,666182
"TJ Friedl","CIN",85,341,13,35,55,9,0.076246334,0.152492668,0.154882155,0.228813559,0.225589225,0.309734513,0.38047138,0.30498200567071065,0.29672500790928946,89.87473704885883,1.9830818176269531,-2.145700384419097,-6.559261322021484,0.27984980059134545,"TJ Friedl",19522,670770
"Chadwick Tromp","ATL",19,54,0,3,6,0,0.018518518,0.314814814,0.115384615,0.361111111,0.25,0.259259259,0.365384615,0.26644041803148055,0.2570062919899269,68.26006891355027,-0.013012554496526718,-2.062574381148676,2.9409335255622864,0.27739950715876427,"Chadwick Tromp",16953,644433
"Kevin Kiermaier","- - -",116,281,5,31,26,6,0.042704626,0.306049822,0.115830116,0.272189349,0.196911196,0.237226277,0.312741312,0.2408609912343269,0.23749823079389684,53.539053134534726,-0.09284932911396027,-15.176437526103317,8.442059457302094,0.26811611194178664,"Kevin Kiermaier",11038,595281
"Jon Berti","NYY",25,74,1,10,6,5,0.081081081,0.189189189,0.045454546,0.333333333,0.272727272,0.342465753,0.318181818,0.2999132806307649,0.3084517439750776,96.10768694830834,0.9686888009309769,0.6391207605888904,-0.49448758363723755,0.26809636617941923,"Jon Berti",12037,542932
"Austin Shenton","TBR",19,50,1,3,3,0,0.16,0.28,0.19047619,0.296296296,0.214285714,0.34,0.404761904,0.3296003949642181,0.2914113426208496,119.68847935049243,-0.2128034010529518,0.9135840053702262,-0.016092538833618164,0.26374424588025497,"Austin Shenton",25425,668853
"Jorge Polanco","SEA",118,469,16,43,45,4,0.098081023,0.292110874,0.141486811,0.27443609,0.213429256,0.296375266,0.354916067,0.2870646742024647,0.31026648656493094,92.57985517143483,-1.5459630712866783,-5.52786749999739,-7.509694814682007,0.25799072747991997,"Jorge Polanco",13152,593871
"Drew Millas","WSN",20,62,1,7,1,4,0.080645161,0.258064516,0.070175438,0.325,0.245614035,0.306451612,0.315789473,0.2795199896058729,0.27149474236272997,77.54531582256489,1.0407543256878853,-0.6240374626022407,0.9954196810722351,0.2526970544737105,"Drew Millas",25643,686452
"Stuart Fairchild","CIN",94,233,8,33,30,13,0.072961373,0.257510729,0.153110048,0.26056338,0.215311004,0.285714285,0.368421052,0.28830328493407276,0.29847643989662936,78.64881473102221,1.1334849298000336,-4.8154496692859245,-0.5494491755962372,0.2514347716884116,"Stuart Fairchild",20321,656413
"Nick Castellanos","PHI",162,659,23,80,86,6,0.062215477,0.210925644,0.176567657,0.293721973,0.254125412,0.311077389,0.430693069,0.32075803446806006,0.33601245792230705,103.70135739075258,-3.8534433990716934,-0.9366362207156547,-18.76468801498413,0.243535128736729,"Nick Castellanos",11737,592206
"Romy Gonzalez","BOS",89,216,6,25,29,11,0.055555555,0.268518518,0.150753769,0.338129496,0.266331658,0.305555555,0.417085427,0.31094158440828323,0.3174380196465386,98.43555693754746,-0.30625713616609573,-0.6929081205965524,-4.1688999235630035,0.23683403984599877,"Romy Gonzalez",21562,663853
"Eric Haase","MIL",30,69,5,10,14,0,0.04347826,0.405797101,0.242424243,0.393939393,0.272727272,0.304347826,0.515151515,0.35000611992849817,0.30890276812124945,125.7080609371324,-1.8045588210225105,0.3166317882679399,-0.34513598680496216,0.23559754476452824,"Eric Haase",14111,606992
"Derek Hill","- - -",53,172,7,19,25,6,0.029069767,0.325581395,0.179012346,0.32,0.24074074,0.270588235,0.419753086,0.29620820178705104,0.2973438908072079,89.49824867540018,0.30162787064909935,-1.8893480491449952,-1.6339163333177567,0.22912773147154503,"Derek Hill",16947,656537
"Amed Rosario","- - -",103,346,3,29,32,13,0.02601156,0.210982658,0.099397591,0.350194552,0.280120481,0.306358381,0.379518072,0.2989004953748229,0.2842320475964188,96.36473905559566,0.695183590054512,-1.0360010729141087,-8.326541736721992,0.21930697933459972,"Amed Rosario",15518,642708
"Christian Bethancourt","- - -",62,147,5,18,22,3,0.034013605,0.244897959,0.158273381,0.244897959,0.208633093,0.24137931,0.366906474,0.26333866324918026,0.27350931697421604,66.02621175940548,0.4811165863648057,-5.490921855713729,2.6092740297317505,0.21058683723593008,"Christian Bethancourt",10028,542194
"Austin Hays","- - -",85,255,5,26,20,2,0.035294117,0.231372549,0.140425532,0.317919075,0.255319148,0.303149606,0.39574468,0.3032646808228474,0.2937553572276282,96.78422286664988,-0.11898026615381241,-1.1248629708105293,-5.3405046463012695,0.20752802047679808,"Austin Hays",19363,669720
"Dominic Smith","- - -",93,307,6,33,34,1,0.091205211,0.247557003,0.145454546,0.300518134,0.232727272,0.312703583,0.378181818,0.30558141900972746,0.3077929736742007,94.41289142676915,-1.8821365060284734,-3.9162513178053864,-4.26173123717308,0.20670976569606525,"Dominic Smith",15653,642086
"Rhys Hoskins","MIL",131,517,26,59,82,3,0.102514506,0.28820116,0.204899777,0.25,0.213808463,0.302912621,0.41870824,0.31343205418104325,0.30632476212913423,101.09120767772927,-3.3185028359293938,-2.6438827921024624,-12.711021184921265,0.2015122709485262,"Rhys Hoskins",16472,656555
"Luis Urías","SEA",41,109,4,11,16,0,0.082568807,0.311926605,0.20212766,0.25,0.191489361,0.302752293,0.393617021,0.30894377034738524,0.3140440774620126,107.97005820735339,-0.41689710319042206,0.5771194083354265,-2.247029274702072,0.20043183585201874,"Luis Urias",16622,649966
"Ezequiel Duran","TEX",92,285,3,26,20,1,0.049122807,0.221052631,0.074626866,0.310344827,0.246268656,0.287719298,0.320895522,0.26977162068350274,0.25659023875921544,75.18809426861371,-0.9128222316503525,-9.003978516079878,1.358597755432129,0.18540661309788542,"Ezequiel Duran",23733,677649
"Mason McCoy","SDP",19,57,0,7,3,1,0.087719298,0.333333333,0.040816327,0.333333333,0.204081632,0.277777777,0.244897959,0.24089317741217436,0.2450123553006154,55.19562859224856,0.8163651153445244,-2.2375469566844446,2.0730690956115723,0.1800690338449307,"Mason McCoy",22232,669200
"Reese McGuire","BOS",53,158,3,10,18,3,0.082278481,0.246835443,0.086330935,0.26,0.208633093,0.280254777,0.294964028,0.2585388627021935,0.2838851733085437,61.57441233863345,-0.24380436539649963,-7.190579041485758,3.69130802154541,0.17913186691056193,"Reese McGuire",15674,624512
"Kyle McCann","OAK",54,157,5,13,15,0,0.101910828,0.375796178,0.135714286,0.368421052,0.235714285,0.318471337,0.371428571,0.30438493536068845,0.2786287405552008,101.87146780041243,-2.738696038722992,-2.4025038496479576,-1.1345834732055664,0.17180521770645826,"Kyle McCann",25575,668832
"Jose Herrera","ARI",42,114,1,11,13,0,0.078947368,0.236842105,0.092783505,0.3,0.226804123,0.289719626,0.319587628,0.27071823862111455,0.26289248916338076,70.63565489842043,-0.2764780521392822,-4.279486025482885,2.1236783266067505,0.17146494324128408,"Jose Herrera",17040,645444
"James McCann","BAL",66,233,8,27,31,1,0.055793991,0.240343347,0.154205608,0.272727272,0.233644859,0.278969957,0.387850467,0.2883366561242951,0.31530629608022187,88.28685932815415,-1.5010053366422653,-4.623738586337727,-1.5775384902954102,0.15665486338322593,"James McCann",12859,543510
"Brandon Crawford","STL",29,80,1,5,4,0,0.1,0.325,0.112676056,0.25,0.169014084,0.2625,0.28169014,0.24806679859757425,0.2809166968623294,58.463143498877244,0.09262800961732864,-3.8809788574131776,2.6179356575012207,0.14612549773749717,"Brandon Crawford",5343,543063
"Oliver Dunn","MIL",41,104,1,11,7,3,0.057692307,0.384615384,0.094736842,0.37037037,0.221052631,0.281553398,0.315789473,0.2662219329945092,0.2659984699730734,69.31556004718337,0.8181907087564468,-2.9978484682925455,0.9059129357337952,0.1434902990879913,"Oliver Dunn",26295,686554
"Luis Guillorme","- - -",79,187,0,14,10,4,0.122994652,0.192513368,0.068322981,0.259842519,0.204968944,0.301075268,0.273291925,0.26349073263906664,0.2848560553725048,67.4526099610692,0.07354458793997765,-7.0396062784191935,2.07179344445467,0.129198958663035,"Luis Guillorme",16451,641645
"Tomás Nido","- - -",49,140,4,14,12,0,0.035714285,0.25,0.123076923,0.225806451,0.192307692,0.218978102,0.315384615,0.2310289388155415,0.28904080913014657,47.6364039535538,-0.6281853169202805,-9.39453487077145,5.925139062106609,0.12568570848293828,"Tomas Nido",13755,621512
"Mickey Moniak","LAA",124,418,14,48,49,8,0.050239234,0.272727272,0.160714285,0.271698113,0.219387755,0.265550239,0.38010204,0.28058166652204886,0.28603218499419214,80.15742967875556,-1.3029633909463882,-10.793260681894093,-1.8463670909404755,0.12461407129564103,"Mickey Moniak",19956,666160
"David Dahl","PHI",19,62,3,6,8,0,0.048387096,0.338709677,0.189655173,0.257142857,0.206896551,0.241935483,0.396551724,0.2725337532258803,0.270053144361152,71.24311052599064,-0.05023651011288166,-2.182274221033203,1.3024130463600159,0.123471477668916,"David Dahl",13744,621311
"Ke'Bryan Hayes","PIT",96,396,4,38,25,11,0.058080808,0.189393939,0.057534246,0.279310344,0.232876712,0.282828282,0.290410958,0.25572980929024614,0.28500636054662654,59.66500171321371,0.4169636070728302,-18.683262707358097,6.593525052070618,0.12041951604214504,"Ke'Bryan Hayes",18577,663647
"Jo Adell","LAA",130,451,20,54,62,15,0.077605321,0.279379157,0.195061728,0.244274809,0.207407407,0.28,0.402469135,0.2959931448998058,0.3140186600620971,90.99817829772509,-3.052766814827919,-7.698053865526556,-6.098227381706238,0.11805274736969917,"Jo Adell",20220,666176
"Joshua Palacios","PIT",23,78,2,10,9,1,0.128205128,0.153846153,0.119402985,0.245283018,0.223880597,0.333333333,0.343283582,0.30664655795464146,0.34008987326371043,93.93546371140025,-0.04184828698635101,-0.6075057041540957,-0.8675414025783539,0.11731597228258993,"Joshua Palacios",19818,641943
"Evan Carter","TEX",45,162,5,23,15,2,0.092592592,0.265432098,0.173611111,0.226804123,0.1875,0.271604938,0.361111111,0.2782459454036053,0.2847596627694589,81.14910733655807,1.1820307597517967,-2.3122077238877337,-1.9836037307977676,0.110551248477091,"Evan Carter",27790,694497
"Cavan Biggio","- - -",78,224,5,27,19,2,0.107142857,0.321428571,0.106382979,0.288288288,0.19680851,0.313636363,0.303191489,0.2846688582138582,0.2597017076882449,83.50099728851276,0.4224691540002823,-3.9013790693213046,-2.508905166760087,0.10763252731889907,"Cavan Biggio",19252,624415
"Jung Hoo Lee","SFG",37,158,2,15,8,2,0.063291139,0.082278481,0.068965517,0.272727272,0.262068965,0.310126582,0.331034482,0.28445094107072566,0.32367754893697753,83.19293387647001,-0.15506375581026077,-3.330550323710421,-0.9627236723899841,0.10282562948204826,"Jung Hoo Lee",33824,808982
"Kody Clemens","PHI",44,120,5,17,18,0,0.041666666,0.241666666,0.228070176,0.25,0.219298245,0.258333333,0.447368421,0.3009244292974472,0.25695980389912926,90.35198159367181,-0.1609216406941414,-1.545382409586925,-1.4815542697906494,0.10223944984211575,"Kody Clemens",20572,665019
"Lenyn Sosa","CHW",100,369,8,28,35,3,0.032520325,0.208672086,0.105413105,0.303370786,0.253561253,0.283378746,0.358974358,0.27978696946889325,0.3212715880511558,80.53759119167991,-0.7258275151252747,-8.9431165708667,-2.2959136962890625,0.1016323041529933,"Lenyn Sosa",22896,672820
"Hunter Renfroe","KCR",120,424,15,44,52,1,0.08490566,0.198113207,0.163636364,0.2543554,0.228571428,0.297169811,0.392207792,0.3020456982952244,0.29408388317755935,93.38071866799376,-3.6465061977505684,-6.8578167308468,-6.219703435897827,0.0999159428362103,"Hunter Renfroe",15464,592669
"Connor Norby","- - -",45,194,9,32,20,3,0.077319587,0.329896907,0.202247191,0.311320754,0.235955056,0.293814432,0.438202247,0.3156419227418211,0.31614484246244134,101.34341351442401,-1.9338961318135262,-1.558332908521631,-3.983990143984556,0.09712931891437654,"Connor Norby",29592,681393
"Jake Bauers","MIL",117,346,12,45,43,13,0.112716763,0.341040462,0.162251656,0.279069767,0.198675496,0.300578034,0.360927152,0.2941344585971556,0.305205834430197,88.10260307390767,1.0563348084688187,-3.8662061013477675,-6.862904846668243,0.08808587081299446,"Jake Bauers",15194,641343
"Spencer Torkelson","DET",92,381,10,45,37,0,0.086614173,0.275590551,0.15497076,0.285087719,0.219298245,0.294736842,0.374269005,0.29464481692565114,0.28509957449776785,90.99546164756588,-1.2355517148971558,-5.161025082470358,-6.7050043642520905,0.07793006000851288,"Spencer Torkelson",27465,679529
"Jonatan Clase","- - -",26,66,1,7,5,3,0.045454545,0.257575757,0.081967213,0.325581395,0.245901639,0.303030303,0.327868852,0.2825273952700875,0.2141599361713116,87.2816226331196,0.4431767985224724,-0.517287551737267,-0.9630904123187065,0.07290036659947227,"Jonatan Clase",26599,682729
"Brooks Baldwin","CHW",33,121,2,9,8,4,0.049586776,0.256198347,0.105263158,0.271604938,0.210526315,0.25,0.315789473,0.2489004562298457,0.26441529591878254,58.81138702529407,1.2757946699857712,-4.4267427663876395,1.1166688203811646,0.072092221130556,"Brooks Baldwin",31394,681460
"Jace Jung","DET",34,94,0,14,3,0,0.159574468,0.308510638,0.063291139,0.38,0.240506329,0.361702127,0.303797468,0.3080121437285809,0.29087424808078344,100.39831230382232,-0.4208899959921837,-0.37804923439041005,-2.0749608755577356,0.06823901118800509,"Jace Jung",31437,690291
"Estevan Florial","CLE",36,111,3,11,11,2,0.099099099,0.369369369,0.193877551,0.259259259,0.173469387,0.263636363,0.367346938,0.27678382179953837,0.25385013927112926,79.89539166409553,0.9421921223402023,-1.6112393269478513,-1.4289996027946472,0.06574949599492486,"Estevan Florial",19151,664314
"Joey Loperfido","- - -",81,262,4,24,25,4,0.04961832,0.362595419,0.135802469,0.331034482,0.213991769,0.264367816,0.349794238,0.26834626718499194,0.2562084855704472,73.41310217147075,-0.4353317618370056,-8.405629869152756,0.3034370541572571,0.05954355342625059,"Joey Loperfido",29630,694388
"Andrés Chaparro","WSN",33,132,4,12,15,1,0.053030303,0.181818181,0.198347107,0.236559139,0.214876033,0.28030303,0.41322314,0.301315063328454,0.30583049311782373,92.2148944062362,-0.913100428879261,-2.141952831990629,-1.705402135848999,0.05899397146719054,"Andres Chaparro",21797,665953
"Leo Rivas","SEA",43,86,0,10,8,3,0.116279069,0.279069767,0.04109589,0.346938775,0.232876712,0.333333333,0.273972602,0.281922786008744,0.3035486085074289,88.96294601005128,0.29331036657094955,-0.792758153135503,-1.5058926939964294,0.056812347009618444,"Leo Rivas",21009,660844
"Dominic Canzone","SEA",67,188,8,20,17,1,0.09574468,0.281914893,0.184523809,0.229357798,0.196428571,0.271276595,0.38095238,0.2799725596622754,0.3095714610110047,87.59111697107532,0.05575725436210632,-2.6135351299554053,-3.0738736987113953,0.05577798093690206,"Dominic Canzone",26438,686527
"Jacob Wilson","OAK",28,103,0,11,3,0,0.077669902,0.097087378,0.065217391,0.277108433,0.25,0.31372549,0.315217391,0.2811220545394748,0.2911003898171818,85.50788236400159,-0.27393200248479843,-1.9818801545191072,-1.0353885889053345,0.04075326630325156,"Jacob Wilson",33266,805779
"Santiago Espinal","CIN",118,391,9,32,45,11,0.061381074,0.138107416,0.109243697,0.265100671,0.246498599,0.294573643,0.355742296,0.28462399411077943,0.29500324861990973,76.17239980572825,0.8752466589212418,-10.265603834878837,-2.480043038725853,0.03539309292185387,"Santiago Espinal",19997,669289
"Charlie Blackmon","COL",124,499,12,59,52,6,0.086172344,0.172344689,0.155902005,0.292613636,0.256124721,0.328657314,0.412026726,0.32288467776127744,0.30791771121141387,93.31622383481536,-0.48725350201129913,-4.475515930648126,-11.917640209197998,0.03205575517938275,"Charlie Blackmon",7859,453568
"José Tena","- - -",44,168,3,14,15,6,0.041666666,0.244047619,0.086956522,0.341880341,0.267080745,0.297619047,0.354037267,0.2863384158838363,0.306144147034151,82.38674592262004,0.4449796359986067,-3.1199056730274233,-2.24405562505126,0.02667447491192077,"Jose Tena",23691,677588
"Kyle Manzardo","CLE",53,156,5,11,15,0,0.057692307,0.262820512,0.186206897,0.29,0.234482758,0.282051282,0.420689655,0.30264653723973495,0.2756939423389924,98.08775386445173,0.0014810338616371155,-0.3398486021840411,-4.579486902803183,0.025628696431825138,"Kyle Manzardo",29794,700932
"Aaron Schunk","COL",39,98,2,14,7,0,0.040816326,0.31632653,0.095744681,0.327868852,0.234042553,0.265306122,0.329787234,0.2568972663781078,0.22984373569488525,48.902172790999124,-0.6471647545695305,-6.635275083190721,3.596687436103821,0.02497948810599486,"Aaron Schunk",25524,668845
"Ildemaro Vargas","WSN",97,303,1,21,30,9,0.06270627,0.102310231,0.069852941,0.269387755,0.246323529,0.295302013,0.31617647,0.27094010958735576,0.28579154480185975,71.77046845236738,-0.7431665584445,-10.971563748158305,1.0129035413265228,0.019000043281486703,"Ildemaro Vargas",13324,545121
"Ben Gamel","- - -",38,99,1,22,4,1,0.181818181,0.242424242,0.086419753,0.339285714,0.24691358,0.383838383,0.333333333,0.32661508784002186,0.3450772810955437,113.84119515324622,-0.7524347454309464,0.828031497116819,-3.989893317222595,0.01321738292579272,"Ben Gamel",12160,592325
"Avisaíl García","MIA",18,51,2,4,2,0,0.019607843,0.25490196,0.14,0.285714285,0.24,0.25490196,0.38,0.2740822633107503,0.30269301171396296,72.54977129771389,0.0009982362389564514,-1.6730864651306259,-0.010694622993469238,0.002416116115975156,"Avisail Garcia",5760,541645
"Zach DeLoach","CHW",22,75,1,10,5,0,0.106666666,0.28,0.119402985,0.288888888,0.208955223,0.293333333,0.328358208,0.2785143105189006,0.26898528434134816,79.64237689643976,-0.540551096200943,-2.2875552614555534,-0.18395787477493286,0.0013277819839303678,"Zach DeLoach",27471,676113
"José Azocar","SDP",61,79,0,13,2,5,0.063291139,0.240506329,0.02739726,0.296296296,0.219178082,0.269230769,0.246575342,0.23459610037314585,0.26949647756723255,50.95726410460042,0.9993672147393227,-3.633640948145426,0.986781120300293,-0.00024906340787356207,"Jose Azocar",18821,640492
"Eric Wagaman","LAA",18,74,2,6,10,0,0.027027027,0.229729729,0.152777777,0.301886792,0.25,0.27027027,0.402777777,0.2898450292445518,0.30993600087623074,86.67346819105845,0.09621592611074448,-1.0321617029498282,-1.5029020607471466,-0.008656649832499242,"Eric Wagaman",23395,676572
"Willie Calhoun","LAA",68,254,5,26,20,0,0.090551181,0.122047244,0.135371179,0.262886597,0.244541484,0.314960629,0.379912663,0.3045855199866615,0.3114801037452909,97.04223040442868,-1.8029962629079819,-2.6626106277535584,-6.014252126216888,-0.027175591515885555,"Willie Calhoun",17838,641432
"Edouard Julien","MIN",94,301,8,36,21,6,0.109634551,0.338870431,0.12406015,0.288461538,0.19924812,0.292358803,0.32330827,0.2777747092056908,0.2862140401204427,78.61147730189563,-0.24293384701013565,-7.609293042414517,-2.6478978395462036,-0.029598129578557356,"Edouard Julien",27534,666397
"Cristian Pache","- - -",88,183,1,13,16,1,0.092896174,0.349726775,0.078787878,0.316831683,0.2,0.273224043,0.278787878,0.2495609665177559,0.25799913467331365,56.00674871993663,0.2942199220415205,-9.35387761907381,2.8968081679195166,-0.03425426557065803,"Cristian Pache",19948,665506
"Angel Martínez","CLE",43,169,3,16,11,3,0.088757396,0.195266272,0.105960265,0.273504273,0.231788079,0.297619047,0.337748344,0.28160526709897177,0.2813809939793178,83.2868947496598,0.6481935232877731,-2.583643561783635,-3.367575764656067,-0.03646804697349119,"Angel Martinez",26540,682657
"Yuli Gurriel","KCR",18,65,0,7,6,1,0.138461538,0.23076923,0.055555556,0.31707317,0.24074074,0.338461538,0.296296296,0.288963415989509,0.32435132540189304,84.1783741321612,0.08506957814097404,-1.0916421298709102,-1.4945610612630844,-0.04472781947122974,"Yuli Gurriel",19198,493329
"Jackson Holliday","BAL",60,208,5,28,23,4,0.072115384,0.331730769,0.121052631,0.264957264,0.189473684,0.254807692,0.310526315,0.25127773388073993,0.26281246772179234,62.21885661712603,0.7965608090162277,-8.195185375769785,0.8644348457455635,-0.045521272958243625,"Jackson Holliday",31781,702616
"Jacob Hurtubise","CIN",29,68,0,7,4,2,0.088235294,0.264705882,0.055555555,0.27027027,0.185185185,0.296875,0.24074074,0.2530218781903386,0.2683040499687195,54.90200958792006,0.7215323522686958,-2.945606775796806,0.2222074270248413,-0.046182229474691736,"Jacob Hurtubise",27599,674441
"Bryce Johnson","SDP",47,73,0,9,4,1,0.09589041,0.164383561,0.031746032,0.25490196,0.206349206,0.285714285,0.238095238,0.24330893073763166,0.2925988061087472,56.82159617086911,-0.2502455711364746,-4.019458987343583,1.112919270992279,-0.04781094259686493,"Bryce Johnson",20002,669369
"Thomas Saggese","STL",18,52,1,5,4,0,0.038461538,0.269230769,0.102040816,0.264705882,0.204081632,0.25,0.306122448,0.24671022708599383,0.2508290914388803,57.55007788383044,-0.09843514673411846,-2.738055848742594,0.5211581587791443,-0.04918583447979242,"Thomas Saggese",27883,695336
"Anthony Rendon","LAA",57,238,0,21,14,6,0.096638655,0.147058823,0.04854369,0.257142857,0.218446601,0.306722689,0.266990291,0.2640979117205163,0.29907313479652886,68.56241992563189,1.1741159781813622,-7.387025478815993,-1.115140549838543,-0.06387038712453572,"Anthony Rendon",12861,543685
"Jonah Heim","TEX",131,491,13,45,59,1,0.052953156,0.183299389,0.11546841,0.245810055,0.220043572,0.266802443,0.335511982,0.2652030060344704,0.2812835381955517,71.97443742576449,-2.8715474978089333,-18.61650304076736,1.7198032140731812,-0.06530875237301648,"Jonah Heim",16930,641680
"Tommy Pham","- - -",116,478,9,49,39,7,0.073221757,0.221757322,0.120454546,0.306748466,0.247727272,0.30543933,0.368181818,0.29656240730604866,0.32114698701934496,91.57660423101687,-3.1752733439207077,-7.8449076488176885,-8.663571238517761,-0.06691186513167913,"Tommy Pham",2967,502054
"Tyler Black","MIL",18,57,0,4,2,3,0.122807017,0.298245614,0.040816327,0.3125,0.204081632,0.315789473,0.244897959,0.2650295621470401,0.256406215199253,68.51301273440671,0.5898082181811333,-1.5563772432129697,-1.0003129243850708,-0.066993221863514,"Tyler Black",29949,672012
"Josh Bell","- - -",145,603,19,62,71,0,0.084577114,0.199004975,0.156133829,0.286069651,0.249070631,0.319397993,0.40520446,0.31676103881056383,0.31214686435481115,101.48972844108862,-4.084071412682533,-3.00987003338874,-17.86344289779663,-0.07110401509132713,"Josh Bell",13145,605137
"Dillon Dingler","DET",27,87,1,2,11,0,0.034482758,0.344827586,0.142857143,0.245283018,0.166666666,0.195402298,0.309523809,0.2167737271593905,0.2866039714593997,36.21934684863592,0.24373427778482437,-6.10538991689501,2.5243142545223236,-0.07221250897686338,"Dillon Dingler",27464,693307
"Blaze Alexander","ARI",61,185,3,19,21,3,0.081081081,0.264864864,0.096385542,0.333333333,0.246987951,0.320652173,0.343373493,0.29761154982058896,0.2618721049764882,88.73669676858748,0.060832731425762177,-2.4308846927571786,-4.470906734466553,-0.07323384391217574,"Blaze Alexander",23789,677942
"Miguel Sanó","LAA",28,95,2,9,6,0,0.094736842,0.378947368,0.108433735,0.326086956,0.204819277,0.294736842,0.313253012,0.27458578599126715,0.3163030299734562,75.93980486753753,-0.5739677026867867,-3.1893089177493437,-0.7221419811248779,-0.07896437493177474,"Miguel Sano",12164,593934
"Jerar Encarnacion","SFG",35,119,5,13,19,1,0.042016806,0.285714285,0.176991151,0.306666666,0.24778761,0.277310924,0.424778761,0.301149013162661,0.35248109849832826,94.43188098288272,-1.1427574679255486,-1.9351069080875696,-2.964810311794281,-0.09465484958958292,"Jerar Encarnacion",21871,666464
"Jon Singleton","HOU",119,405,13,46,42,0,0.116049382,0.274074074,0.152112676,0.299145299,0.233802816,0.320987654,0.385915492,0.31187060688748774,0.31448121934611506,103.95487914254254,-3.954113133251667,-2.1214027220339062,-12.357174396514893,-0.10978231682761053,"Jon Singleton",10441,572138
"Alex Jackson","TBR",58,155,3,17,12,1,0.077419354,0.341935483,0.115107913,0.166666666,0.122302158,0.201298701,0.237410071,0.20007716874023537,0.2242071226045683,28.57919694455111,0.6056434437632561,-12.061014261340532,5.801960110664368,-0.11615547087839778,"Alex Jackson",17276,656577
"Jared Walsh","TEX",17,60,1,9,7,0,0.116666666,0.35,0.094339622,0.354838709,0.226415094,0.316666666,0.320754716,0.28863024711608887,0.32845385869344074,88.45363722585434,-0.9818267822265625,-1.774514366915978,-1.5444290935993195,-0.13750890735928173,"Jared Walsh",18607,665120
"Andrew Vaughn","CHW",149,619,19,55,70,2,0.061389337,0.213247172,0.15614035,0.285377358,0.245614035,0.297253634,0.401754385,0.3037608829183994,0.32030227809276396,97.40133149930215,-2.469958111643791,-4.310506072020344,-17.54155921936035,-0.1391910327158412,"Andrew Vaughn",26197,683734
"Jasson Domínguez","NYY",18,67,2,8,4,5,0.164179104,0.283582089,0.125,0.228571428,0.178571428,0.313432835,0.303571428,0.2851653917511897,0.31402532982103754,85.73372073396261,-0.12807467579841614,-1.2217568439871673,-2.358534276485443,-0.1405528292276497,"Jasson Dominguez",28080,691176
"Adolis García","TEX",154,637,25,68,85,11,0.070643642,0.277864992,0.175862069,0.2734375,0.224137931,0.284144427,0.4,0.2958071366069824,0.3087941359270258,93.50200785778486,-0.7085940316319466,-5.444730650119096,-17.02932357788086,-0.14184942655693367,"Adolis Garcia",19287,666969
"Andrew Benintendi","CHW",135,522,20,50,64,3,0.078544061,0.183908045,0.167714885,0.244505494,0.22851153,0.28927203,0.396226415,0.29789751367697104,0.31031083327073317,93.27691783511646,-1.8971572816371918,-5.9127025788527305,-12.794651508331299,-0.14625592723043607,"Andrew Benintendi",17901,643217
"Danny Mendick","CHW",47,141,3,13,8,6,0.042553191,0.24822695,0.121212122,0.244680851,0.196969696,0.242857142,0.318181818,0.24723211441721235,0.2610251017979213,57.63784132396944,0.8944444134831429,-5.939993501291289,-0.15283334255218506,-0.14688283420321968,"Danny Mendick",18889,664901
"Matt Thaiss","LAA",57,186,2,14,16,3,0.150537634,0.311827956,0.095541401,0.306122448,0.203821656,0.322580645,0.299363057,0.28602592823325945,0.2945743068572014,83.9870345473123,-1.359991379082203,-4.767918653303008,-2.83765709400177,-0.14916807798497594,"Matt Thaiss",19318,642136
"Taylor Walls","TBR",84,252,1,27,14,16,0.123015873,0.265873015,0.064220184,0.25490196,0.183486238,0.281746031,0.247706422,0.24518908820455038,0.2546540214901879,60.31184235627667,1.2052988037467003,-10.238417615249602,0.31687378883361816,-0.16256556133390354,"Taylor Walls",22458,670764
"Brian Serven","TOR",28,71,0,6,3,0,0.070422535,0.309859154,0.063492064,0.243902439,0.158730158,0.242857142,0.222222222,0.21705837845802306,0.2435291290283203,37.290919709198555,0.08250867575407028,-5.011907109828896,1.0518267154693604,-0.16609233396485895,"Brian Serven",19422,661531
"Luke Williams","ATL",37,52,0,8,4,3,0.076923076,0.25,0.065217392,0.272727272,0.195652173,0.274509803,0.260869565,0.2456925020498388,0.23692568610696232,54.295299268161834,-0.24235450476408005,-3.0843638234315436,-0.28901950269937515,-0.16862504528336109,"Luke Williams",19931,663897
"Austin Slater","- - -",84,212,2,24,18,3,0.122641509,0.283018867,0.056497175,0.294117647,0.209039548,0.320754716,0.265536723,0.2734358378176419,0.30697938406242514,76.20326407470345,-0.7581710675731301,-6.795793162391179,-1.9219844937324524,-0.17029078773114434,"Austin Slater",16153,596103
"Alek Thomas","ARI",39,103,3,13,17,4,0.067961165,0.165048543,0.168421052,0.2,0.189473684,0.245098039,0.357894736,0.26245375941781435,0.3438255833644493,65.07309389637524,0.829436182975769,-3.472447126120871,-1.7892921566963196,-0.1873369571230844,"Alek Thomas",23792,677950
"Trey Cabbage","HOU",45,91,1,12,8,1,0.043956043,0.373626373,0.127906977,0.333333333,0.209302325,0.252747252,0.337209302,0.25821199521913635,0.26059395926339285,66.21031589680902,-0.11587920784950256,-3.634165136042211,-1.2029960453510284,-0.18825390035724976,"Trey Cabbage",21078,663550
"Anthony Rizzo","NYY",92,375,8,38,35,0,0.072,0.173333333,0.106824926,0.259398496,0.228486646,0.301333333,0.335311572,0.2847893614768982,0.3024384765625,85.46921335986151,-2.797164522111416,-9.032014400118165,-5.218476176261902,-0.18885807553852008,"Anthony Rizzo",3473,519203
"Joey Gallo","WSN",76,260,10,24,27,3,0.123076923,0.392307692,0.174887892,0.232142857,0.161434977,0.276923076,0.336322869,0.27580061348584983,0.2863605749653113,75.04192074487909,-0.9369978085160255,-8.696713186072774,-1.8594202995300293,-0.1913618712787754,"Joey Gallo",14128,608336
"Nick Loftin","KCR",57,171,1,15,14,1,0.111111111,0.140350877,0.047297297,0.216,0.189189189,0.282352941,0.236486486,0.24212010432692135,0.28612464455997244,51.22783209025848,0.1092880442738533,-9.433467046617155,1.8410038724541664,-0.1991298506695901,"Nick Loftin",27630,679845
"Niko Kavadas","LAA",30,106,4,11,8,1,0.103773584,0.386792452,0.150537635,0.270833333,0.182795698,0.283018867,0.333333333,0.2776129853050664,0.29117395293037845,78.0691986853155,-0.6122836917638779,-3.2721877556897034,-2.1948465704917908,-0.20198975921117754,"Niko Kavadas",29782,694359
"Matt Carpenter","STL",59,157,4,15,15,0,0.095541401,0.324840764,0.138686131,0.333333333,0.233576642,0.314102564,0.372262773,0.3030310074488322,0.2898409211790407,95.45782364063197,-2.2017737179994583,-3.0545300038719256,-4.170533940196037,-0.20342010161801183,"Matt Carpenter",8090,572761
"DJ Stewart","NYM",74,194,5,16,19,1,0.159793814,0.24742268,0.120253165,0.216981132,0.177215189,0.324742268,0.297468354,0.29001115462214677,0.33014501067640867,87.82600709949088,0.01904238760471344,-2.80516157771678,-5.712846279144287,-0.2090389124596972,"DJ Stewart",17766,621466
"Manuel Margot","MIN",129,343,4,37,31,5,0.061224489,0.157434402,0.098412698,0.273076923,0.238095238,0.289473684,0.336507936,0.2762483206757328,0.31005569906795727,77.53778443852727,0.9006487056612968,-7.914960263919456,-5.503872632980347,-0.21244051213923826,"Manuel Margot",14712,622534
"Ali Sánchez","MIA",31,96,0,5,4,2,0.041666666,0.25,0.023809524,0.229508196,0.166666666,0.211111111,0.19047619,0.1840681744946374,0.21809412638346354,11.964119405311806,-0.1761658675968647,-10.282466896901038,4.998338580131531,-0.21384909724938725,"Ali Sanchez",18551,645305
"Patrick Wisdom","CHC",75,174,8,16,23,5,0.057471264,0.339080459,0.221518988,0.206521739,0.170886075,0.236994219,0.392405063,0.27137000092192193,0.2940554729727812,73.79874616905913,0.6975421011447906,-4.754166158592013,-3.2012487053871155,-0.2200780184219253,"Patrick Wisdom",13602,621550
"Austin Martin","MIN",93,257,1,41,16,7,0.077821011,0.182879377,0.098712446,0.313513513,0.253218884,0.317647058,0.35193133,0.2973696701666888,0.302562848259421,92.39497300359855,0.9568513259291649,-1.2794972165990242,-9.417316675186157,-0.22552835701289542,"Austin Martin",27462,668885
"Chas McCormick","HOU",94,267,5,32,27,8,0.063670411,0.269662921,0.095041322,0.273809523,0.210743801,0.270676691,0.305785123,0.25694491854287627,0.2857537520559211,65.31902828691172,-0.5264491736888885,-11.121623971723057,0.05489826202392578,-0.22952133673602076,"Chas McCormick",19599,676801
"Zach Dezenzo","HOU",19,65,2,5,8,0,0.046153846,0.338461538,0.129032258,0.342105263,0.241935483,0.276923076,0.370967741,0.2826819144762479,0.3045452411358173,83.42295681876556,-0.005067840218544006,-1.237962674069249,-3.1704519987106323,-0.23292168412331907,"Zach Dezenzo",31562,701305
"Esteury Ruiz","OAK",29,65,2,10,8,5,0.061538461,0.307692307,0.181818181,0.257142857,0.2,0.269841269,0.381818181,0.2807173596488105,0.28664940122574095,85.22321171336465,-1.073385164141655,-2.17238851113913,-2.2845696806907654,-0.23793514855697673,"Esteury Ruiz",21780,665923
"Gabriel Arias","CLE",53,161,3,15,15,5,0.03726708,0.329192546,0.130718954,0.31632653,0.222222222,0.254658385,0.352941176,0.26335191208383313,0.27904190632127085,70.4471120681021,-0.9976030141115189,-6.4417696577318955,-1.2249182164669037,-0.24100628214707465,"Gabriel Arias",22563,672356
"Andruw Monasterio","MIL",59,142,1,14,16,6,0.112676056,0.28169014,0.064,0.297619047,0.208,0.302816901,0.272,0.26550943372954783,0.29496894084231956,68.83599920278347,0.9408190920948982,-4.350973762626647,-2.7662334889173508,-0.2441377320049044,"Andruw Monasterio",19455,655316
"MJ Melendez","KCR",135,451,17,44,44,4,0.077605321,0.250554323,0.194174757,0.241134751,0.206310679,0.273333333,0.400485436,0.29195600084313306,0.3205319813319615,86.28341943176704,-1.2016875371336937,-8.279971933432577,-9.028124332427979,-0.24463953448435716,"MJ Melendez",22197,669004
"Travis Jankowski","TEX",104,207,1,19,12,11,0.057971014,0.212560386,0.042105263,0.255172413,0.2,0.265700483,0.242105263,0.2338507886670062,0.2452644679857337,49.9206474649965,1.7845007106661797,-10.076863958189932,0.8379852771759033,-0.2460094834517155,"Travis Jankowski",13768,608671
"Jeimer Candelario","CIN",112,463,20,47,56,4,0.058315334,0.246220302,0.203747073,0.256756756,0.224824355,0.27861771,0.428571428,0.30352834692765107,0.2850767454201125,88.89632507207074,-0.8166125789284706,-6.96426088195058,-10.976738929748535,-0.25225840431320956,"Jeimer Candelario",13621,600869
"Jack López","LAA",27,71,1,4,6,0,0.028169014,0.352112676,0.089552239,0.390243902,0.253731343,0.285714285,0.343283582,0.2767663172313145,0.2032557224881822,77.47363507186628,-0.05307242274284363,-1.8830892010070972,-2.9387752413749695,-0.2550954338390802,"Jack Lopez",13663,605346
"Ben Rice","NYY",50,178,7,20,23,0,0.11235955,0.269662921,0.177631579,0.186274509,0.171052631,0.264044943,0.34868421,0.2687584282307143,0.3397093783603625,74.1927275361404,-0.4733130931854248,-5.729462682017842,-2.699332982301712,-0.26155690034801055,"Ben Rice",29576,700250
"Brett Harris","OAK",36,123,3,15,12,0,0.138211382,0.203252032,0.116504855,0.157894736,0.145631067,0.276422764,0.262135922,0.2520583286518004,0.2758536920314882,65.06386404492507,-1.4360238676345034,-6.3528583400253025,-0.26431572437286377,-0.2626154360187525,"Brett Harris",29788,695391
"David Hensley","MIA",23,58,1,9,4,1,0.103448275,0.293103448,0.076923077,0.294117647,0.211538461,0.293103448,0.288461538,0.2650730681830439,0.21174715276350053,66.48596543113445,0.22289945930242538,-2.1015279676582086,-2.407424211502075,-0.2651612883295383,"David Hensley",25111,682073
"Riley Adams","WSN",41,130,2,10,8,1,0.076923076,0.269230769,0.112068965,0.296296296,0.224137931,0.292307692,0.336206896,0.2749977846478307,0.2869041502013687,74.50156190606693,-0.4201650395989418,-4.384024200366973,-2.5864970684051514,-0.2704737965112009,"Riley Adams",19864,656180
"Grant McCray","SFG",37,130,5,13,10,5,0.046153846,0.43076923,0.177419355,0.317460317,0.201612903,0.238461538,0.379032258,0.26578196057906517,0.25711622971754805,70.62743031886114,1.757954053580761,-2.80815815207555,-4.180696606636047,-0.2723672377275592,"Grant McCray",25690,687529
"Akil Baddoo","DET",31,82,2,7,5,1,0.097560975,0.329268292,0.164383562,0.177777777,0.136986301,0.219512195,0.301369863,0.22960755010930503,0.2989915987340415,45.24691999964433,0.7544295638799667,-4.3827886555114555,-1.0797241926193237,-0.28362840637211195,"Akil Baddoo",22168,668731
"Curtis Mead","TBR",38,132,1,10,7,2,0.045454545,0.227272727,0.049180327,0.304347826,0.237704918,0.282442748,0.286885245,0.25519760009896664,0.2824634522882127,67.35203401329048,0.20382960885763168,-4.727177945672637,-2.4147914946079254,-0.28602550525709386,"Curtis Mead",23986,678554
"Vidal Bruján","MIA",102,278,2,32,16,5,0.089928057,0.194244604,0.096774194,0.276041666,0.221774193,0.303249097,0.318548387,0.2755701622388659,0.2679793529021434,73.55122926607751,-1.032960407435894,-9.825444116686063,-2.3311790227890015,-0.29442861930462244,"Vidal Brujan",20536,660644
"Brooks Lee","MIN",50,185,3,9,27,3,0.059459459,0.145945945,0.098837209,0.243055555,0.220930232,0.264864864,0.319767441,0.25221581700069656,0.2815911638867724,60.632830569757196,0.034490130841732025,-8.298704495744937,-0.727429986000061,-0.2993012261210576,"Brooks Lee",31595,686797
"Keibert Ruiz","WSN",127,485,13,46,57,3,0.03298969,0.111340206,0.130718955,0.231738035,0.228758169,0.259793814,0.359477124,0.26848829947796066,0.2829957441850142,70.12023218660302,-1.145696982741356,-18.47496590689859,-0.7279880046844482,-0.30653348234885436,"Keibert Ruiz",19610,660688
"Alika Williams","PIT",37,96,0,13,5,1,0.03125,0.229166666,0.091954023,0.276923076,0.206896551,0.241758241,0.298850574,0.23698586029010815,0.2537434546502082,47.04903921059694,-0.5392480939626694,-6.617887234205195,0.3832101821899414,-0.31201961248753923,"Alika Williams",27604,675961
"Tyler Wade","SDP",90,156,0,28,8,8,0.07051282,0.185897435,0.02173913,0.275229357,0.217391304,0.284768211,0.239130434,0.2423201957285799,0.28499330432209746,56.15610973579986,1.6761256456375122,-6.502775607556126,-1.7864581644535065,-0.3167822669904506,"Tyler Wade",15730,642180
"Jacob Amaya","- - -",24,72,0,4,3,1,0.055555555,0.388888888,0.014705882,0.3,0.176470588,0.222222222,0.19117647,0.1904137060046196,0.20582886663679448,17.896588587366587,0.22798427194356918,-6.553594043752406,1.093063737032935,-0.3176343269748355,"Jacob Amaya",23296,676070
"Jake Cave","COL",123,346,7,42,37,5,0.052023121,0.283236994,0.145510836,0.334841628,0.250773993,0.289855072,0.396284829,0.2951570868838665,0.28111492402372307,74.6536545547378,0.50084538012743,-9.98618998935034,-4.769351899623871,-0.32775477510876516,"Jake Cave",14477,595909
"Daniel Vogelbach","TOR",31,79,1,5,8,0,0.11392405,0.215189873,0.114285715,0.23076923,0.185714285,0.278481012,0.3,0.2619745987880079,0.3686864778592989,68.88590635333401,-0.6250241100788116,-3.437506767714791,-2.3765430450439453,-0.33019754783840705,"Daniel Vogelbach",14130,596129
"Addison Barger","TOR",69,225,7,20,28,2,0.062222222,0.266666666,0.153846154,0.239436619,0.197115384,0.25,0.350961538,0.2624712219195707,0.29422739389780406,69.23524120594674,0.5323154777288437,-7.387984669717907,-3.2727325558662415,-0.33127452881317376,"Addison Barger",24598,680718
"Cole Tucker","LAA",25,57,0,3,3,3,0.105263157,0.298245614,0.12,0.264705882,0.18,0.263157894,0.3,0.25033894338105855,0.2593997654161955,58.88408061460919,0.8074716329574585,-1.8741065829744086,-3.258569121360779,-0.3350902574736211,"Cole Tucker",17326,657061
"Alex Kirilloff","MIN",57,178,5,20,20,0,0.084269662,0.264044943,0.182389937,0.245454545,0.201257861,0.269662921,0.383647798,0.28212288122498586,0.32101024476821816,81.67007029718198,0.11942261457443237,-3.613821671729551,-5.554734230041504,-0.337957658110879,"Alex Kirilloff",20325,666135
"James Outman","LAD",53,156,4,12,11,2,0.102564102,0.352564102,0.117647059,0.207792207,0.147058823,0.256410256,0.264705882,0.24168985317914915,0.28980321150559646,52.56294548451763,-0.2558435976970941,-9.105035179158868,0.49781280010938644,-0.34962340836011807,"James Outman",24770,681546
"Seth Brown","OAK",124,400,14,32,44,4,0.0625,0.28,0.147849463,0.291497975,0.231182795,0.2825,0.379032258,0.28913666382431985,0.29764019576529216,91.145522206631,-0.6531814411282539,-4.705733026999751,-11.994068622589111,-0.35629067978603796,"Seth Brown",18171,664913
"Michael Stefanic","LAA",40,124,0,8,8,0,0.080645161,0.161290322,0.036363636,0.266666666,0.218181818,0.300813008,0.254545454,0.2577551385251487,0.2577882317023549,64.10078373001824,-0.40402064472436905,-5.497473139458364,-2.1125553846359253,-0.3617341231288306,"Michael Stefanic",25353,683021
"Garrett Cooper","- - -",36,116,1,6,11,0,0.060344827,0.301724137,0.093457944,0.295774647,0.205607476,0.267241379,0.29906542,0.2534630134187896,0.32653091693746633,58.429017199515776,-0.3161030784249306,-5.795539553771833,-1.5691851377487183,-0.3622900102913047,"Garrett Cooper",15279,643265
"Korey Lee","CHW",125,394,12,36,37,6,0.043147208,0.30964467,0.137931035,0.275720164,0.209549071,0.243654822,0.347480106,0.25713620890820693,0.25736693946682676,64.60458364703916,0.9226598218083382,-15.034252342958396,-1.6972095966339111,-0.38008688644276345,"Korey Lee",25543,686676
"Daz Cameron","OAK",66,186,5,22,15,5,0.069892473,0.274193548,0.129411764,0.25,0.2,0.258064516,0.329411764,0.2584324296443693,0.2841714633408413,69.54753685285596,0.513678066432476,-5.967306360405041,-3.89496386051178,-0.3822343595915776,"Daz Cameron",18353,663662
"Mitch Garver","SEA",114,430,15,37,51,0,0.123255813,0.309302325,0.16893733,0.216216216,0.171662125,0.286046511,0.340599455,0.28132105885550035,0.2841285403236087,88.5396788421891,-2.023911215364933,-7.662505557006844,-10.338100254535675,-0.38800276133468564,"Mitch Garver",15161,641598
"Miles Mastrobuoni","CHC",50,106,0,9,4,2,0.066037735,0.160377358,0.030612244,0.231707317,0.193877551,0.245283018,0.224489795,0.21410023435106817,0.2998248872302827,35.25226764491309,0.8330885395407677,-7.374049016057128,0.0649867057800293,-0.3884084661883976,"Miles Mastrobuoni",20017,670156
"Drew Romo","COL",16,53,0,4,6,0,0.037735849,0.339622641,0.058823529,0.272727272,0.176470588,0.207547169,0.235294117,0.19682762532863976,0.17541363554180794,8.471186822132074,-0.45507561042904854,-6.255970350122324,0.7139414697885513,-0.3891407127533395,"Drew Romo",27763,691011
"Curt Casali","SFG",41,125,1,12,8,0,0.104,0.176,0.055555556,0.235294117,0.194444444,0.292682926,0.25,0.2536676017249503,0.2741443665047002,62.47363641739289,-0.24003122933208942,-5.849319754455723,-2.366016387939453,-0.41632105865253305,"Curt Casali",12510,592200
"J.D. Davis","- - -",46,157,4,13,6,0,0.076433121,0.248407643,0.11971831,0.272727272,0.218309859,0.29299363,0.338028169,0.2821557669882562,0.29010517780597395,85.86811740218597,-0.8586941584944725,-3.3973584867097237,-5.859486252069473,-0.41891834199981476,"J.D. Davis",16219,605204
"Zack Short","- - -",42,88,0,11,5,2,0.159090909,0.272727272,0.042857143,0.195652173,0.128571428,0.282352941,0.171428571,0.22848970399183385,0.27627647273680744,44.34894830568857,0.15873432159423828,-5.787736860242863,-1.2287700846791267,-0.4206745823769433,"Zack Short",19562,670097
"Rowdy Tellez","PIT",132,421,13,38,56,1,0.073634204,0.211401425,0.148825065,0.279720279,0.242819843,0.29928741,0.391644908,0.3009369958041683,0.3046903156098865,90.09253701563298,-2.3448804542422295,-7.332643791997658,-10.942033290863037,-0.4319189444859678,"Rowdy Tellez",15679,642133
"Bryan Ramos","CHW",32,108,3,13,11,0,0.064814814,0.203703703,0.131313131,0.226666666,0.202020202,0.252336448,0.333333333,0.2565679639299339,0.29088517661406615,64.20486852481308,-0.61049023270607,-5.033860809389672,-2.736303925514221,-0.4330097041715353,"Bryan Ramos",25621,682868
"Victor Scott II","STL",53,155,2,14,10,5,0.038709677,0.270967741,0.103448276,0.233009708,0.179310344,0.219354838,0.28275862,0.22058107429935087,0.25055111300560734,39.963367005615495,0.8766162469983101,-10.251183727369437,0.7691193521022797,-0.4434322251244381,"Victor Scott II",31349,687363
"Tucker Barnhart","ARI",31,96,0,13,6,1,0.135416666,0.322916666,0.037037037,0.28,0.172839506,0.287234042,0.209876543,0.23851974086558564,0.24451448629190634,48.96385882591975,0.08941355347633362,-5.769409037893773,-1.7636087536811829,-0.446109296299813,"Tucker Barnhart",10200,571466
"Tyler Nevin","OAK",87,278,7,22,20,1,0.089928057,0.230215827,0.126530612,0.242937853,0.204081632,0.287769784,0.330612244,0.2763216570555735,0.3036309259588068,82.13118474171405,-0.6678221151232719,-6.351718627739174,-7.204099893569946,-0.44895745077453986,"Tyler Nevin",17893,663527
"DJ LeMahieu","NYY",67,228,2,19,26,0,0.083333333,0.153508771,0.054726368,0.229411764,0.203980099,0.268722466,0.258706467,0.23860481394545097,0.3045205271716685,52.98205946086362,-2.192671850323677,-14.458702817640646,2.44016170501709,-0.46124429515230236,"DJ LeMahieu",9874,518934
"Luis Campusano","SDP",91,299,8,37,40,0,0.066889632,0.137123745,0.133574007,0.240174672,0.227436823,0.280936454,0.36101083,0.28173693944777933,0.29831823997626,82.68628012481527,-0.5306075029075146,-6.721066613666494,-7.789211273193359,-0.46490918325045394,"Luis Campusano",22217,669134
"Darell Hernaiz","OAK",48,135,1,8,12,1,0.081481481,0.2,0.05,0.234042553,0.191666666,0.261194029,0.241666666,0.23034390273378857,0.2756688132214902,49.789493409454366,-0.731291763484478,-8.487223518021981,-0.5416439771652222,-0.4706368504367802,"Darell Hernaiz",26224,687231
"Nelson Velázquez","KCR",64,230,8,31,27,2,0.082608695,0.265217391,0.165853658,0.237410071,0.2,0.273913043,0.365853658,0.2801629683245783,0.30710548732591714,77.98795952485108,0.49337397515773773,-5.299495540141748,-6.903139710426331,-0.47341498515382374,"Nelson Velazquez",23359,676369
"Kyren Paris","LAA",21,59,1,4,5,1,0.118644067,0.288135593,0.098039216,0.151515151,0.117647058,0.224137931,0.215686274,0.2073715616916788,0.2627039457622327,28.659946868806045,0.21598585695028305,-4.600064812491713,-1.999692663550377,-0.47976499737855693,"Kyren Paris",26420,677347
"Nick Martini","CIN",52,163,5,23,24,1,0.055214723,0.233128834,0.157534246,0.245283018,0.212328767,0.271604938,0.369863013,0.2787828073825365,0.28002953235013983,72.24088074676405,-0.924876756966114,-6.335590667802286,-3.9827583953738213,-0.5021448358007085,"Nick Martini",12005,605361
"Aaron Hicks","LAA",18,63,1,6,5,0,0.095238095,0.365079365,0.052631579,0.212121212,0.140350877,0.222222222,0.192982456,0.196132863324786,0.2536559566374748,20.754416924595677,0.16108743101358414,-5.551346919767877,-1.4961495399475098,-0.5123221938686107,"Aaron Hicks",5297,543305
"Mitch Haniger","SEA",121,423,12,42,44,0,0.094562647,0.29787234,0.12631579,0.275720164,0.207894736,0.286052009,0.334210526,0.27694654563358206,0.2979809729408879,85.46255690704633,-1.5815349146723747,-8.617667304774743,-10.394579410552979,-0.5164302081200977,"Mitch Haniger",14274,571745
"Adam Frazier","KCR",104,294,4,35,22,3,0.074829931,0.200680272,0.091603053,0.246231155,0.202290076,0.281786941,0.293893129,0.26130598209977557,0.29042150228703556,64.72357032326106,0.1751427724957466,-11.691764848640155,-3.077536642551422,-0.519546140031122,"Adam Frazier",15223,624428
"Justyn-Henry Malloy","DET",71,230,8,18,21,1,0.1,0.369565217,0.163366336,0.297297297,0.202970297,0.291304347,0.366336633,0.29052726159925046,0.270955864519011,88.09908914363834,-0.7663460299372673,-3.8982875590266044,-8.802812576293945,-0.5248953067299974,"Justyn-Henry Malloy",29606,669234
"Sean Bouchard","COL",31,108,1,14,8,4,0.111111111,0.305555555,0.10989011,0.27118644,0.186813186,0.289719626,0.296703296,0.2661316188696389,0.26224464345201154,55.1175249971028,0.5010779052972794,-5.295368671795583,-3.449347496032715,-0.529765293774497,"Sean Bouchard",21270,656248
"Ryan Kreidler","DET",35,65,1,9,2,5,0.092307692,0.292307692,0.050847458,0.153846153,0.118644067,0.2,0.169491525,0.17653322586646447,0.2311224130483774,7.913356461137461,-0.024436309933662415,-6.873254029986229,-0.4625259041786194,-0.5352533219915575,"Ryan Kreidler",25867,668952
"Nick Senzel","- - -",74,267,7,25,18,1,0.104868913,0.228464419,0.13559322,0.232142857,0.194915254,0.283018867,0.330508474,0.2733363888480447,0.30111944675445557,72.85317859632364,-0.7323599085211754,-9.181608518057864,-4.972091555595398,-0.5398642681860766,"Nick Senzel",19293,669222
"Chuckie Robinson","CHW",26,76,0,2,0,0,0.065789473,0.263157894,0,0.18,0.128571428,0.197368421,0.128571428,0.15922686849769793,0.21340771725303248,-4.266845869505589,-0.2708943858742714,-9.337932383389765,1.5598265528678894,-0.5433039960285826,"Chuckie Robinson",19824,642020
"Robbie Grossman","- - -",87,245,3,21,16,3,0.13877551,0.236734693,0.081730769,0.275167785,0.211538461,0.322448979,0.29326923,0.283393846725931,0.3010483644446548,83.48255879137459,-0.1764674186706543,-4.806824259307067,-8.586909890174866,-0.5451129656796996,"Robbie Grossman",5254,543257
"Ryan Noda","OAK",36,111,1,8,4,0,0.126126126,0.333333333,0.07368421,0.210526315,0.136842105,0.254545454,0.210526315,0.2226282136006789,0.2538639383578519,44.36212010600295,-0.9733747914433479,-8.039790108737922,-1.214130461215973,-0.57598543618369,"Ryan Noda",23312,676116
"Chris Taylor","LAD",87,246,4,28,23,5,0.113821138,0.308943089,0.098591549,0.288888888,0.201877934,0.297959183,0.300469483,0.2719940883772714,0.29661096066844705,72.95977301147984,-1.137937493622303,-9.09232463670292,-4.724707007408142,-0.5765397325686582,"Chris Taylor",13757,621035
"Will Benson","CIN",128,388,14,41,43,16,0.103092783,0.396907216,0.189504373,0.282485875,0.186588921,0.273901808,0.376093294,0.2849717613030466,0.2717144396878028,76.40647096422587,-1.6154214218258858,-12.562189471275719,-6.061092853546143,-0.5820071167633213,"Will Benson",21853,666181
"Nick Allen","OAK",41,105,1,6,4,0,0.047619047,0.19047619,0.072164949,0.210526315,0.175257731,0.215686274,0.24742268,0.20679978237432592,0.22385045593860103,33.22807833845942,-0.578311137855053,-8.600424256852317,-0.5821009874343872,-0.5891382928327424,"Nick Allen",22277,669397
"Enmanuel Valdez","BOS",76,223,6,23,28,1,0.076233183,0.237668161,0.149253731,0.253424657,0.213930348,0.27027027,0.363184079,0.27526581233686154,0.30791804801285,73.3404903038281,-0.2018027901649475,-7.004210030501349,-6.0891886949539185,-0.5893584855243122,"Enmanuel Valdez",21716,665839
"Corey Julks","CHW",66,189,3,17,14,5,0.079365079,0.264550264,0.092485549,0.280991735,0.213872832,0.275132275,0.306358381,0.2596460650206874,0.26966321026837387,66.37006769199971,-0.3005381077528,-7.573200119005063,-4.438024044036865,-0.5939102418281426,"Corey Julks",20311,667452
"Andrew Knizner","TEX",37,93,1,5,9,0,0.010752688,0.236559139,0.044444445,0.205882352,0.166666666,0.182795698,0.211111111,0.17393138908570813,0.25270363592332407,7.772118145580185,-0.2852080389857292,-10.099315080681015,1.1461315155029297,-0.6065052124888864,"Andrew Knizner",19514,668800
"Harold Ramírez","- - -",73,246,2,28,29,6,0.020325203,0.203252032,0.06302521,0.320855614,0.260504201,0.280487804,0.323529411,0.26506198252119667,0.2564879994333526,72.1492500952416,0.5835390314459801,-7.351465832841697,-6.7324832659214735,-0.6101995463525427,"Harold Ramirez",14387,623912
"Mike Ford","CIN",17,62,1,2,4,0,0.032258064,0.241935483,0.083333333,0.181818181,0.15,0.177419354,0.233333333,0.18047992740907975,0.23675829364407447,6.076304240754577,-0.1972309723496437,-7.160740064273664,-0.989385187625885,-0.6273848897263001,"Mike Ford",15585,645801
"Jordan Walker","STL",51,178,5,16,20,1,0.056179775,0.280898876,0.164634146,0.252252252,0.201219512,0.252808988,0.365853658,0.2679954958095979,0.2778648847944281,71.87652275802073,0.4443633481860161,-5.541823981525068,-6.675496578216553,-0.6464094758052248,"Jordan Walker",27475,691023
"Christian Encarnacion-Strand","CIN",29,123,2,13,16,0,0.032520325,0.284552845,0.103448276,0.24691358,0.189655172,0.219512195,0.293103448,0.223142795931033,0.3006164050493084,34.791339131378216,0.14231818169355392,-9.44885377575857,-1.018032431602478,-0.6557702807089628,"Christian Encarnacion-Strand",30011,687952
"Wilmer Flores","SFG",71,242,4,19,26,0,0.082644628,0.136363636,0.112149533,0.219780219,0.205607476,0.276859504,0.317757009,0.26221476254126835,0.29163637161254885,68.2264615217351,-1.030377134680748,-10.225175995257205,-4.2278869822621346,-0.6560560912191226,"Wilmer Flores",5827,527038
"Vaughn Grissom","BOS",31,114,0,10,6,2,0.061403508,0.210526315,0.028571429,0.243902439,0.19047619,0.245614035,0.219047619,0.2131274347765404,0.29405081899542557,29.63108655874107,0.48484352976083755,-8.694070534844677,-1.4743508398532867,-0.660169801109763,"Vaughn Grissom",26031,687093
"Alan Trejo","COL",28,67,0,4,1,0,0.029850746,0.223880597,0,0.1875,0.142857142,0.181818181,0.142857142,0.15202802780902747,0.21260832273043118,-21.68201314846068,-0.13592208176851273,-9.884976022230775,1.1114827543497086,-0.6744793148769561,"Alan Trejo",20056,676701
"Nick Gordon","MIA",95,275,8,29,32,5,0.04,0.243636363,0.142307693,0.271276595,0.226923076,0.258181818,0.369230769,0.27081109805540604,0.2672821156707875,70.34805285508567,-2.8408384546637535,-12.59179442733855,-3.187148332595825,-0.6789049304870873,"Nick Gordon",16337,624503
"Bobby Dalbec","BOS",37,93,1,6,8,3,0.086021505,0.462365591,0.060240964,0.256410256,0.13253012,0.217391304,0.192771084,0.19397203105947244,0.18409892787104068,16.156784398909522,-0.15116531401872635,-9.073047461630956,-0.5879626870155334,-0.6796079349709578,"Bobby Dalbec",19966,666915
"Ji Hwan Bae","PIT",29,81,0,11,6,6,0.074074074,0.296296296,0.027027027,0.274509803,0.189189189,0.24691358,0.216216216,0.21264450785554487,0.27820716669530043,30.665640516161226,0.24071784690022469,-6.475036643227838,-2.847062349319458,-0.6827383654949032,"Ji Hwan Bae",23818,678225
"Marco Luciano","SFG",27,81,0,10,3,0,0.061728395,0.345679012,0.092105263,0.333333333,0.210526315,0.259259259,0.302631578,0.24845554872795386,0.28844305909710166,58.96556748425215,-0.24319816380739212,-4.217810123433632,-5.150958746671677,-0.6875583244892066,"Marco Luciano",25616,682617
"Luke Maile","CIN",55,154,2,8,8,2,0.084415584,0.337662337,0.074074074,0.268292682,0.177777777,0.267973856,0.251851851,0.2407010914453494,0.24137813166568153,46.6092755660564,0.09654200077056885,-9.735592679146299,-2.0978241339325905,-0.6897316880083646,"Luke Maile",13355,571912
"Nick Madrigal","CHC",51,94,0,5,10,1,0.042553191,0.106382978,0.034883721,0.25,0.220930232,0.279569892,0.255813953,0.24503020125050698,0.27149022143820056,56.07025549835987,-1.572207860648632,-6.510170677751219,-3.3321272432804108,-0.6915207483457745,"Nick Madrigal",20521,663611
"Henry Davis","PIT",37,122,1,9,5,0,0.106557377,0.368852459,0.067307692,0.233333333,0.144230769,0.241666666,0.211538461,0.213028284907341,0.22467567125956217,30.923948778459042,-0.19635437801480293,-10.273757178046534,-0.6242398023605347,-0.7037515441971696,"Henry Davis",29617,680779
"Braden Shewmake","CHW",29,67,1,4,4,5,0.014925373,0.149253731,0.078125,0.127272727,0.125,0.134328358,0.203125,0.14412220378420246,0.2058748985404399,-14.891775491387587,0.9117360711097717,-7.896102593987248,-1.1723077297210693,-0.7073533202416693,"Braden Shewmake",25817,669699
"Pablo Reyes","- - -",22,64,0,5,5,1,0.046875,0.296875,0.033333333,0.268292682,0.183333333,0.234375,0.216666666,0.20674801338464022,0.2489088922739029,25.14367127326916,-0.7473618350923061,-6.22904720646384,-2.849946141242981,-0.7187095128259505,"Pablo Reyes",16357,622569
"Kyle Stowers","- - -",69,209,3,15,24,0,0.062200956,0.354066985,0.125,0.318965517,0.208333333,0.267942583,0.333333333,0.26510951849832487,0.29111280808081996,67.84331223954246,-0.14891305565834045,-8.224581663018547,-5.761850535869598,-0.7232825491467277,"Kyle Stowers",26151,669065
"José Fermín","STL",45,79,0,7,4,2,0.088607594,0.139240506,0.042253521,0.183333333,0.154929577,0.240506329,0.197183098,0.20663110892983932,0.24422116822834256,30.574084095527297,0.15931866317987442,-6.399263953157082,-3.2860665321350098,-0.7271663326750234,"Jose Fermin",21746,665877
"Javier Báez","DET",80,289,6,25,37,8,0.041522491,0.238754325,0.110294118,0.22,0.183823529,0.221453287,0.294117647,0.22425897564325067,0.26868996253380406,41.4846234934234,0.6176351681351662,-18.7320299834184,2.099410653114319,-0.7290907124432111,"Javier Baez",12979,595879
"Ty France","- - -",140,535,13,46,51,1,0.071028037,0.213084112,0.131524008,0.277310924,0.233820459,0.304672897,0.365344467,0.29612975432493976,0.3056601479788807,93.48423386119002,-3.6415186524391174,-7.797879883490531,-17.467776775360107,-0.772078053736432,"Ty France",17982,664034
"Kris Bryant","COL",37,155,2,9,15,0,0.083870967,0.309677419,0.082706767,0.321428571,0.218045112,0.322580645,0.300751879,0.2870278969887764,0.29156248031123994,69.1821525306791,-0.5994077995419502,-6.311500986234391,-6.460862398147583,-0.7832468364487837,"Kris Bryant",15429,592178
"Dominic Fletcher","CHW",72,241,1,14,17,0,0.045643153,0.2406639,0.049327355,0.272727272,0.206278026,0.25210084,0.255605381,0.2268369610299541,0.25038127657733383,43.29147392837305,-0.4717220738530159,-16.10935482394667,0.3048032522201538,-0.8077809846897509,"Dominic Fletcher",26149,666150
"Luis Matos","SFG",45,156,5,14,25,0,0.032051282,0.153846153,0.133333333,0.221311475,0.213333333,0.237179487,0.346666666,0.24951254629319713,0.2705468946887601,59.67699929877363,-0.04117026925086975,-7.56326374636821,-5.589865028858185,-0.8191142998731362,"Luis Matos",26467,682641
"Gavin Sheets","CHW",139,501,10,35,45,2,0.085828343,0.211576846,0.124168514,0.281065088,0.232815964,0.303393213,0.356984478,0.29067656069337006,0.31197232835489497,88.19755204256559,-2.863832838833332,-9.629574755501142,-14.935149192810059,-0.8230342010949024,"Gavin Sheets",19901,657757
"Nolan Jones","COL",79,297,3,28,28,5,0.121212121,0.306397306,0.09375,0.333333333,0.2265625,0.320945945,0.3203125,0.28689563558215186,0.2905626880879305,69.09313153801068,-0.42856331169605255,-11.405287137808156,-6.734166860580444,-0.8466364956160684,"Nolan Jones",20529,666134
"Trey Lipscomb","WSN",61,211,1,20,10,11,0.075829383,0.189573459,0.031578947,0.246666666,0.2,0.267942583,0.231578947,0.23089755608134294,0.27086765949542707,44.819085179975566,0.03506912291049957,-13.887924873084641,-1.52156662940979,-0.8620046288615096,"Trey Lipscomb",31567,702358
"Edward Olivares","PIT",55,196,5,22,23,1,0.081632653,0.18877551,0.109195402,0.25,0.224137931,0.290816326,0.333333333,0.2764471270600144,0.3333369663783482,73.60917666462169,0.2750249356031418,-5.910410744431362,-9.574581861495972,-0.9216590361169381,"Edward Olivares",19698,658668
"Eloy Jiménez","- - -",98,349,6,25,23,3,0.063037249,0.200573065,0.098765433,0.285140562,0.23765432,0.28939828,0.336419753,0.27594698914166155,0.30165538183206786,78.3474000602023,-2.5412421375513077,-11.187756877021204,-9.360445775091648,-0.928219230058096,"Eloy Jimenez",17484,650391
"Jordan Beck","COL",55,184,3,14,13,7,0.065217391,0.353260869,0.088235294,0.281553398,0.188235294,0.244565217,0.276470588,0.23090429742479585,0.26907115512424046,31.407122967493336,1.699385054409504,-13.393008674429224,-2.287350431084633,-0.9833215044008708,"Jordan Beck",31431,687597
"Joey Meneses","WSN",76,313,3,19,42,2,0.067092651,0.201277955,0.071174378,0.280542986,0.231316725,0.290734824,0.302491103,0.26377744093919414,0.28298982086672275,66.94950147880108,-0.13874728232622147,-12.50914425319117,-7.606763124465942,-0.9954461669028538,"Joey Meneses",14366,608841
"Miguel Vargas","- - -",72,237,5,22,16,3,0.105485232,0.240506329,0.106796117,0.176870748,0.150485436,0.248945147,0.257281553,0.23278702990415226,0.26482409867556284,46.290696362579396,0.5842675641179085,-13.962324281548238,-3.5657259449362755,-0.9965799339241548,"Miguel Vargas",20178,678246
"Christopher Morel","- - -",152,611,21,56,60,8,0.099836333,0.260229132,0.14953271,0.233333333,0.196261682,0.288052373,0.345794392,0.28043045436865405,0.31609604661115115,81.1570570360714,-2.251403145492077,-15.613852842727935,-14.42631459236145,-0.9970292889526626,"Christopher Morel",21897,666624
"Omar Narváez","NYM",28,69,0,4,5,0,0.04347826,0.173913043,0.030769231,0.188679245,0.153846153,0.19117647,0.184615384,0.171028972548597,0.20603920096781717,7.742842793592655,-0.13581183925271034,-7.7480162752319615,-4.249919772148132,-1.000578201032538,"Omar Narvaez",13338,553882
"Adam Duvall","ATL",104,330,11,29,30,0,0.063636363,0.3,0.141914192,0.226804123,0.181518151,0.245454545,0.323432343,0.2519425843701218,0.2841420029148911,58.50203308878724,-0.2451787292957306,-16.620960582508133,-4.305965274572372,-1.0204352461045292,"Adam Duvall",10950,594807
"Bryan De La Cruz","- - -",149,622,21,61,68,5,0.046623794,0.273311897,0.150684931,0.288944723,0.232876712,0.2705314,0.383561643,0.28260191400204937,0.3064621230512135,78.18840393888668,-2.6029802337288857,-18.8262770983187,-12.454480558633804,-1.0802759658713923,"Bryan De La Cruz",19600,650559
"Dylan Carlson","- - -",96,265,3,19,25,2,0.083018867,0.283018867,0.068085106,0.2875,0.208510638,0.286792452,0.276595744,0.2569000374596074,0.2582623463756633,66.70434675671547,0.29261884093284607,-10.150947082072548,-9.283442914485931,-1.0955813405833095,"Dylan Carlson",20126,666185
"Jack Suwinski","PIT",88,277,9,29,26,9,0.097472924,0.285198555,0.141700405,0.225,0.182186234,0.264492753,0.323886639,0.259556310020224,0.29752618139916726,62.2404989963786,1.2997924983501434,-11.207615006369048,-9.092771410942078,-1.1389551225824672,"Jack Suwinski",22244,669261
"Yan Gomes","CHC",34,96,2,7,7,0,0.020833333,0.375,0.087912088,0.222222222,0.153846153,0.178947368,0.241758241,0.18445973710009927,0.2568309382388466,15.302181253065411,-0.07663199864327908,-9.799731796132107,-5.017574191093445,-1.198414042805346,"Yan Gomes",9627,543228
"Hunter Goodman","COL",70,224,13,24,36,1,0.035714285,0.285714285,0.227488152,0.198529411,0.189573459,0.227678571,0.417061611,0.2744614915656192,0.28562219542076145,60.724100302193825,-0.2758837565779686,-10.796361089343847,-8.750332236289978,-1.244342858582635,"Hunter Goodman",29715,696100
"Tim Anderson","MIA",65,241,0,16,9,4,0.029045643,0.282157676,0.012820513,0.301204819,0.213675213,0.236514522,0.226495726,0.20758363814769445,0.23507728576660156,27.79163833829822,-1.3953851014375687,-22.20508505469394,0.5651657581329346,-1.401755416366503,"Tim Anderson",15172,641313
"Noelvi Marte","CIN",66,242,4,24,18,9,0.037190082,0.309917355,0.091703057,0.291390728,0.209606986,0.247933884,0.301310043,0.24260779771923033,0.2717792416407057,47.89261958575091,1.0375055149197578,-14.041610787732774,-7.892019808292389,-1.4286321308818264,"Noelvi Marte",26517,682622
"Martín Maldonado","CHW",48,147,4,9,11,0,0.054421768,0.346938775,0.111111111,0.15,0.118518518,0.173611111,0.229629629,0.18146122909254497,0.2211377355787489,11.373257435583021,-1.424591764807701,-16.331505196974426,-3.1280903816223145,-1.5068459572584216,"Martin Maldonado",6887,455117
"José Abreu","HOU",35,120,2,10,7,0,0.033333333,0.233333333,0.07079646,0.142857142,0.123893805,0.166666666,0.194690265,0.16351773738861083,0.20133689244588215,-0.39955887563454545,-0.7321963310241699,-14.517573663393357,-4.194423079490662,-1.522004463905927,"Jose Abreu",15676,547989
"Elehuris Montero","COL",67,247,4,23,28,0,0.080971659,0.226720647,0.098214286,0.251497005,0.205357142,0.267206477,0.303571428,0.2540091618835202,0.2786790484841536,46.958280497700216,-2.3480628430843353,-18.01470169591662,-8.463068008422852,-1.8806548926796844,"Elehuris Montero",20543,660707
"Eddie Rosario","- - -",91,319,10,33,35,9,0.050156739,0.24137931,0.141414141,0.196261682,0.175084175,0.214511041,0.316498316,0.23036869880904912,0.26394187614368714,44.29367038518899,2.042975456570275,-19.206906016293996,-10.706870138645172,-1.9866050791291021,"Eddie Rosario",12155,592696
"Brandon Drury","LAA",97,360,4,28,15,1,0.075,0.225,0.058461538,0.209876543,0.169230769,0.241666666,0.227692307,0.21661757826805114,0.26430655986817764,35.16378374768347,-1.9527326375246048,-28.65977346073426,-3.13451087474823,-2.052057272792205,"Brandon Drury",11615,592273