Name,Team,G,PA,HR,R,RBI,SB,BB%,K%,ISO,BABIP,AVG,OBP,SLG,wOBA,xwOBA,wRC+,BsR,Off,Def,WAR,AB,H,2B,3B,BB,SO,OPS,NameASCII,PlayerId,MLBAMID
"Dalton Rushing","LAD",17,57,7,13,17,0,0.070175438,0.263157894,0.46,0.357142857,0.34,0.421052631,0.8,0.5153313592860573,0.4310028422962536,233.50826404633364,0.15605644276365638,9.100791610503647,-0.650390625,1.0454782539684042,50,17,2,0,4,15,1.221052631,"Dalton Rushing",31382,687221
"Ben Rice","NYY",33,134,12,30,27,2,0.171641791,0.23880597,0.416666667,0.378787878,0.342592592,0.45522388,0.759259259,0.5037551865433202,0.4595326799334902,223.61822761072645,-0.7730399901047349,18.893936118530522,-2.9643512964248657,2.098304487603998,108,37,9,0,23,32,1.214483139,"Ben Rice",29576,700250
"Mickey Moniak","COL",27,107,11,19,21,1,0.06542056,0.242990654,0.397959183,0.338709677,0.326530612,0.373831775,0.724489795,0.46509488887875994,0.35355099116530375,185.18172814041162,0.883547720964998,11.596636560271197,-2.2530072927474976,1.2998867067984663,98,32,6,0,7,26,1.09832157,"Mickey Moniak",19956,666160
"Yordan Alvarez","HOU",35,158,12,25,27,1,0.139240506,0.11392405,0.340909091,0.300970873,0.325757575,0.430379746,0.666666666,0.4595393126732425,0.5101947784423828,193.4011481231139,-0.2316101468168199,17.289417746479398,-3.9673070907592773,1.9190734207602604,132,43,9,0,22,18,1.097046412,"Yordan Alvarez",19556,670541
"Carlos Cortes","ATH",27,84,4,10,13,0,0.095238095,0.083333333,0.253333334,0.390625,0.386666666,0.452380952,0.64,0.47474261692592074,0.4284928484660823,200.23291367742436,0.18504064343869686,10.181355354153368,-1.9537441730499268,1.1366496303576334,75,29,5,1,8,7,1.092380952,"Carlos Cortes",21842,666126
"Ildemaro Vargas","ARI",26,108,6,19,21,0,0.037037037,0.101851851,0.274509804,0.388235294,0.382352941,0.405660377,0.656862745,0.46014355994620415,0.38293223111134655,194.5981924580614,0.33871710719540715,12.347281070366083,-0.9331466034054756,1.5136195943006265,102,39,6,2,4,11,1.062523122,"Ildemaro Vargas",13324,545121
"Aaron Judge","NYY",34,150,13,30,23,5,0.173333333,0.28,0.363636364,0.287878787,0.264462809,0.402684563,0.628099173,0.43887758336099636,0.4550235255234906,180.08615898728954,0.54654635861516,14.809156239610292,-1.0841284394264221,1.9314251298353615,121,32,5,0,26,42,1.030783736,"Aaron Judge",15640,592450
"Matt Olson","ATL",35,158,11,32,31,0,0.120253164,0.221518987,0.350364964,0.322580645,0.299270072,0.379746835,0.649635036,0.43345429117862994,0.39748536623441255,177.02660221416232,-0.036235466599464417,14.268581646170393,0.32070255279541016,1.9999784677780816,137,41,15,0,19,35,1.029381871,"Matt Olson",14344,621566
"Shea Langeliers","ATH",32,146,10,24,18,0,0.08219178,0.219178082,0.291044776,0.380434782,0.335820895,0.390410958,0.626865671,0.43825130914819654,0.4129447937011719,175.7476978800003,-0.3256032685749233,12.804633980447422,0.153103768825531,1.839130613869573,134,45,9,0,12,32,1.017276629,"Shea Langeliers",25816,669127
"Max Muncy","LAD",32,127,9,24,13,0,0.133858267,0.228346456,0.29090909,0.333333333,0.3,0.393700787,0.59090909,0.4251896299066998,0.4262878175765749,172.41319061480905,-0.2317971703596413,10.577709812724049,2.000489592552185,1.6941167868916067,110,33,5,0,17,29,0.984609877,"Max Muncy",13301,571970
"Mike Trout","LAA",34,157,10,30,21,5,0.216560509,0.235668789,0.291666667,0.287671232,0.258333333,0.433121019,0.55,0.4253247980198829,0.4644076196770919,168.7032192061062,0.2804838032461703,13.086882512077601,-3.2995060309767723,1.556202921824901,120,31,5,0,34,37,0.983121019,"Mike Trout",10155,545361
"Moisés Ballesteros","CHC",30,92,6,14,18,0,0.097826086,0.163043478,0.280487805,0.322580645,0.31707317,0.380434782,0.597560975,0.42145573444988416,0.35706615447998047,171.17607923341905,-0.16302671283483505,7.533705387742511,-3.0505547411739826,0.7567493916937722,82,26,5,0,9,15,0.977995757,"Moises Ballesteros",28820,694208
"Christian Walker","HOU",35,144,8,22,26,0,0.104166666,0.173611111,0.261904762,0.340425531,0.317460317,0.395833333,0.579365079,0.4215812120404277,0.3746987189446296,167.9317324771731,-0.34730991208925843,11.266787438430274,-1.6047062873840332,1.496986178052723,126,40,9,0,15,25,0.975198412,"Christian Walker",13419,572233
"Luis Campusano","SDP",17,54,3,8,10,0,0.074074074,0.277777777,0.32,0.375,0.3,0.351851851,0.62,0.4172734938285969,0.33863805375009215,170.3038102421009,0.1794322901405394,4.641715237677652,1.4791604280471802,0.7988721739806735,50,15,7,0,4,15,0.971851851,"Luis Campusano",22217,669134
"Jordan Walker","STL",33,142,10,27,27,6,0.091549295,0.288732394,0.283464567,0.376623376,0.307086614,0.373239436,0.590551181,0.41659546276213416,0.40553297123438875,168.2405837971818,1.1868117381818593,12.576597624200552,-2.4800373315811157,1.4909500183193312,127,39,6,0,13,41,0.963790617,"Jordan Walker",27475,691023
"Brendan Donovan","SEA",18,71,3,7,8,1,0.126760563,0.169014084,0.214285714,0.333333333,0.303571428,0.436619718,0.517857142,0.423507293345223,0.33885896709603325,175.13583458799303,-0.1125143370591104,6.221160198444908,-2.6998456865549088,0.611787941790757,56,17,3,0,9,12,0.95447686,"Brendan Donovan",24679,680977
"Chase DeLauter","CLE",32,130,6,15,21,0,0.13076923,0.107692307,0.25,0.301075268,0.303571428,0.392307692,0.553571428,0.411572279379918,0.37431566105332487,161.8205390853935,0.4346942398697138,9.97640877651878,-1.4289647936820984,1.3336303755353787,112,34,8,1,17,14,0.94587912,"Chase DeLauter",32127,800050
"Joey Wiemer","WSN",25,66,3,13,8,1,0.121212121,0.378787878,0.24137931,0.5,0.310344827,0.393939393,0.551724137,0.4133629862106208,0.29799434955303483,163.90441561333077,0.7968004974536598,5.754261257006838,0.22442114353179932,0.8236861374430986,58,18,3,1,8,25,0.94566353,"Joey Wiemer",27690,686894
"Nathaniel Lowe","CIN",23,69,5,8,15,0,0.101449275,0.20289855,0.322580645,0.279069767,0.274193548,0.347826086,0.596774193,0.40665537723596545,0.3857957399808444,154.4179409726644,-0.33400427270680666,4.079419987690352,-1.4745957553386688,0.490560518447207,62,17,5,0,7,14,0.944600279,"Nathaniel Lowe",19566,663993
"CJ Abrams","WSN",34,143,8,19,27,6,0.118881118,0.174825174,0.237288136,0.310344827,0.296610169,0.405594405,0.533898305,0.4081979643368552,0.39074815249612144,160.40373515350586,-0.11926090903580189,10.033503628540382,-2.394761800765991,1.2443924875143302,118,35,4,0,17,25,0.93949271,"CJ Abrams",25768,682928
"Ozzie Albies","ATL",35,151,7,27,22,0,0.079470198,0.112582781,0.214814815,0.333333333,0.333333333,0.38410596,0.548148148,0.4045823863799998,0.3199750129750233,157.45818305995613,-0.5491743837483227,9.648785939343643,0.5473638456314802,1.5305235987387908,135,45,8,0,12,17,0.932254108,"Ozzie Albies",16556,645277
"Seiya Suzuki","CHC",21,92,5,15,10,0,0.119565217,0.25,0.217948718,0.372549019,0.307692307,0.402173913,0.525641025,0.4049531293439341,0.37037474244505497,159.99116101960942,-0.6239916640333831,5.86324252677233,-0.4669177532196045,0.8495707825789317,78,24,2,0,11,23,0.927814938,"Seiya Suzuki",30116,673548
"Yandy Díaz","TBR",31,135,5,19,21,1,0.096296296,0.118518518,0.170940171,0.354166666,0.333333333,0.422222222,0.504273504,0.40908483723948774,0.376764355283795,158.10011931097452,-0.16870604176074266,9.14368216146044,-3.3487653732299805,1.0717215536530715,117,39,3,1,13,16,0.926495726,"Yandy Diaz",16578,650490
"Liam Hicks","MIA",31,112,7,18,29,1,0.080357142,0.080357142,0.24742268,0.270588235,0.30927835,0.366071428,0.55670103,0.3925868949374637,0.3718599791920513,148.45081327372296,0.1788533953949809,6.5571333306596005,0.22983670234680176,1.0563714701457,97,30,3,0,9,9,0.922772458,"Liam Hicks",29844,689414
"Kyle Schwarber","PHI",34,152,11,22,20,0,0.164473684,0.315789473,0.333333333,0.25,0.219512195,0.368421052,0.552845528,0.4008596743408002,0.382106073644777,153.7861612714709,-1.1909283632412553,8.41852358989916,-4.552423715591431,0.8903654412740045,123,27,6,1,25,48,0.92126658,"Kyle Schwarber",16478,656941
"Brice Turang","MIL",30,139,4,27,20,7,0.194244604,0.208633093,0.2,0.358974358,0.29090909,0.427536231,0.49090909,0.40672490327027594,0.4194765090942383,160.14587113473334,0.49326897831633687,10.319910240981415,1.6035172641277313,1.6668286808461363,110,32,8,1,27,29,0.918445321,"Brice Turang",22186,668930
"Josh Jung","TEX",31,126,4,12,19,1,0.079365079,0.15079365,0.210526316,0.358695652,0.324561403,0.38095238,0.535087719,0.40028493177323116,0.3708358643546937,154.46608004351432,-0.7666490077972412,7.381274521486153,-1.764974445104599,1.0213866531601268,114,37,12,0,10,19,0.916040099,"Josh Jung",26299,673962
"Austin Martin","MIN",30,95,1,11,7,4,0.210526315,0.157894736,0.097222222,0.403508771,0.333333333,0.484210526,0.430555555,0.42088224072205394,0.38160673442639803,166.1393923748165,-1.1815659678541124,6.278352574707005,-0.7908120430074632,0.8974596796031217,72,24,4,0,20,15,0.914766081,"Austin Martin",27462,668885
"Juan Soto","NYM",19,82,3,8,8,1,0.146341463,0.158536585,0.185714286,0.351851851,0.314285714,0.414634146,0.5,0.39961953833699226,0.4312220223342316,157.89736589325994,-0.3634233917109668,5.216871370654655,-1.5375721901655197,0.6423174196111266,70,22,4,0,12,13,0.914634146,"Juan Soto",20123,665742
"Dominic Smith","ATL",25,72,4,11,17,0,0.041666666,0.125,0.212121212,0.333333333,0.333333333,0.366197183,0.545454545,0.3968260926260075,0.39883299276862344,152.20122449349273,-0.16735483147203922,4.250359904912228,-2.05246901512146,0.4590138435195412,66,22,2,0,3,9,0.911651728,"Dominic Smith",15653,642086
"Michael Harris II","ATL",32,113,7,13,22,2,0.053097345,0.17699115,0.235849057,0.3375,0.320754716,0.3539823,0.556603773,0.3953028806542928,0.4433457510811942,151.16884195652094,-0.46538546262308955,6.3308515127566025,2.271316133439541,1.2441531129085261,106,34,4,0,6,20,0.910586073,"Michael Harris II",25931,671739
"Drake Baldwin","ATL",35,161,8,32,29,1,0.093167701,0.198757763,0.202797203,0.3592233,0.314685314,0.391304347,0.517482517,0.4002016928046942,0.39704184532165526,154.4890942982134,-0.20770854642614722,10.103746369794917,-0.37734758853912354,1.515497727910456,143,45,5,0,15,32,0.908786864,"Drake Baldwin",31539,686948
"Christian Vázquez","HOU",17,60,2,6,11,0,0.083333333,0.15,0.185185185,0.372093023,0.333333333,0.389830508,0.518518518,0.4007419378070508,0.261157116647494,153.9488374334002,-0.2301017134450376,3.613015407294555,0.5927356854081154,0.6420289004973817,54,18,4,0,5,9,0.908349026,"Christian Vazquez",9774,543877
"Munetaka Murakami","CHW",34,149,13,23,26,0,0.181208053,0.335570469,0.32231405,0.237288135,0.223140495,0.362416107,0.545454545,0.3879466277279266,0.39081997049265893,144.53701363855473,-1.1362637439742684,6.742492066412391,-1.4836901426315308,1.0672833997385127,121,27,0,0,27,50,0.907870652,"Munetaka Murakami",37120,808959
"Xavier Edwards","MIA",34,145,2,23,11,4,0.131034482,0.103448275,0.136,0.37037037,0.336,0.423611111,0.472,0.40124836895200944,0.3626085122426351,154.3212729885229,-0.021868999116122723,9.236242845909613,-0.5318282842636108,1.359259480893333,125,42,7,2,19,15,0.895611111,"Xavier Edwards",22266,669364
"Ian Happ","CHC",32,147,8,25,15,1,0.163265306,0.278911564,0.26446281,0.305555555,0.247933884,0.38095238,0.512396694,0.38972502124720604,0.35922446415342135,149.67005459311292,-1.1401096233166754,7.442047355792766,0.7401746511459351,1.3127247653661545,121,30,6,1,24,41,0.893349074,"Ian Happ",17919,664023
"Adley Rutschman","BAL",19,76,4,9,17,0,0.065789473,0.131578947,0.253521127,0.298245614,0.295774647,0.342105263,0.549295774,0.3875660833559538,0.3014509301436575,145.9705653504767,-0.20364734530448914,3.944400110911533,2.4405946135520935,0.9207496336795765,71,21,6,0,5,10,0.891401037,"Adley Rutschman",26288,668939
"James Wood","WSN",35,167,10,30,24,5,0.185628742,0.323353293,0.276119403,0.3,0.231343283,0.383233532,0.507462686,0.3822870058302554,0.415993210691843,142.84214715712093,0.7159981154836714,9.125536975821454,-3.4289064407348633,1.1255177011055721,134,31,7,0,31,54,0.890696218,"James Wood",29518,695578
"Elly De La Cruz","CIN",34,149,10,27,25,8,0.10738255,0.288590604,0.270676692,0.325,0.270676691,0.348993288,0.541353383,0.38814384025215304,0.37028947595047623,141.87143538481627,0.9660424385219812,8.299159190160193,5.056924819946289,1.8451767852229795,133,36,6,0,16,43,0.890346671,"Elly De La Cruz",26668,682829
"Corbin Carroll","ARI",31,129,4,20,18,4,0.131782945,0.279069767,0.245454546,0.366197183,0.272727272,0.372093023,0.518181818,0.3880081024280814,0.3508333309676296,145.70717267809735,2.1561610684730113,9.08656503814543,-2.0856587290763855,1.1337463751254537,110,30,7,4,17,36,0.890274841,"Corbin Carroll",25878,682998
"Daniel Schneemann","CLE",28,93,4,12,14,2,0.096774193,0.311827956,0.226190476,0.411764705,0.297619047,0.365591397,0.523809523,0.3900453409840984,0.35241396530814795,147.37622990113192,-0.0009611123241484165,5.230147356594208,3.3233688175678253,1.2019559396092978,84,25,7,0,9,29,0.88940092,"Daniel Schneemann",25180,682177
"Kevin McGonigle","DET",34,150,2,24,16,3,0.126666666,0.126666666,0.161538461,0.357798165,0.315384615,0.406666666,0.476923076,0.39415265401204425,0.40084938049316404,148.7075625102048,2.645303557626903,11.319673400329567,-1.433650255203247,1.5412019060632645,130,41,11,2,19,19,0.883589742,"Kevin McGonigle",33572,805808
"Willson Contreras","BOS",33,142,7,17,21,1,0.105633802,0.274647887,0.211864407,0.351351351,0.279661016,0.387323943,0.491525423,0.38954217501089605,0.4183447974068778,141.6980774748704,-0.17939993925392628,6.8505892245122695,2.595374822616577,1.4678676271145827,118,33,4,0,15,39,0.878849366,"Willson Contreras",11609,575929
"Brandon Lowe","PIT",30,135,8,19,21,0,0.14074074,0.222222222,0.27826087,0.259740259,0.24347826,0.355555555,0.52173913,0.38428895738389757,0.36726226806640627,142.2798239500298,-0.17211398735526018,6.536787592352749,1.427951455116272,1.2513508004162373,115,28,8,0,19,30,0.877294685,"Brandon Lowe",18882,664040
"Otto Lopez","MIA",33,141,3,23,15,5,0.042553191,0.19858156,0.15909091,0.411764705,0.34090909,0.375886524,0.5,0.38520272741926476,0.34600917271205356,143.44606952339558,1.3676082976162434,8.567966256479894,3.8079798221588135,1.719370406449614,132,45,8,2,6,28,0.875886524,"Otto Lopez",19608,672640
"Casey Schmitt","SFG",28,113,4,12,15,2,0.03539823,0.194690265,0.211538462,0.354430379,0.307692307,0.3539823,0.519230769,0.3814340571386624,0.37035655975341797,144.65672686158194,-0.4290741612203419,5.502224783438247,-1.7329672574996948,0.752902401648464,104,32,8,1,4,22,0.873213069,"Casey Schmitt",27577,669477
"Ryan O'Hearn","PIT",33,140,5,20,24,1,0.114285714,0.192857142,0.166666667,0.355555555,0.308333333,0.392857142,0.475,0.383126767419225,0.3808156020349736,141.4921301513649,-1.6754430998116732,5.152316934904024,-1.5144513547420502,0.8278986356390352,120,37,5,0,16,27,0.867857142,"Ryan O'Hearn",16442,656811
"Andy Pages","LAD",34,135,5,18,27,5,0.066666666,0.229629629,0.18699187,0.382022471,0.31707317,0.362962962,0.50406504,0.37927325743216056,0.3487767820005064,141.29259677490856,-0.07613710127770901,6.4761126919297345,2.625147968530655,1.3668747884176289,123,39,8,0,9,31,0.867028002,"Andy Pages",24816,681624
"Ryan Jeffers","MIN",26,104,4,17,21,1,0.144230769,0.182692307,0.183908046,0.323076923,0.287356321,0.394230769,0.471264367,0.3855241284920619,0.3768341791062128,142.41453676223182,-0.30990758817642927,4.92728261400406,-0.07340949773788452,0.8652283528451017,87,25,2,1,15,19,0.865495136,"Ryan Jeffers",24618,680777
"Carson Kelly","CHC",25,96,2,13,13,0,0.125,0.15625,0.120481928,0.378787878,0.325301204,0.416666666,0.445783132,0.39023954048752785,0.3567836284637451,150.01877866337236,-0.19909464661031961,5.444928655938031,-0.8576929569244385,0.7804184825311584,83,27,4,0,12,15,0.862449798,"Carson Kelly",13620,608348
"Vladimir Guerrero Jr.","TOR",34,145,2,21,15,2,0.117241379,0.117241379,0.103174603,0.373831775,0.333333333,0.420689655,0.436507936,0.3823056015330301,0.38211913847587475,141.60641025544035,-0.546337419655174,6.616391721164565,-1.0045472383499146,1.088867308528913,126,42,7,0,17,17,0.857197591,"Vladimir Guerrero Jr.",19611,665489
"Cody Bellinger","NYY",33,142,5,21,20,4,0.14084507,0.14084507,0.208333333,0.288659793,0.275,0.373239436,0.483333333,0.3771182269277707,0.36852537655661294,138.64639533210297,0.7982642552815378,7.313762255568011,1.3824869394302368,1.391661377631971,120,33,8,1,20,20,0.856572769,"Cody Bellinger",15998,641355
"Junior Caminero","TBR",33,143,9,20,16,0,0.118881118,0.174825174,0.24,0.260869565,0.264,0.349650349,0.504,0.3719770047866123,0.3647375924246652,133.20122308840735,-1.1898606191389263,4.4470402786929215,-3.6150372326374054,0.5958599682863563,125,33,3,0,17,25,0.853650349,"Junior Caminero",28163,691406
"Sal Stewart","CIN",34,147,9,20,29,7,0.122448979,0.176870748,0.25984252,0.244680851,0.251968503,0.340136054,0.511811023,0.36819114178827367,0.3923078725035761,128.3481583609462,1.2440937040373683,6.142182645458175,-2.8537922501564026,0.815281568579478,127,32,6,0,18,26,0.851947077,"Sal Stewart",31505,701398
"Ty France","SDP",19,56,3,8,8,1,0.035714285,0.089285714,0.245283019,0.266666666,0.283018867,0.321428571,0.528301886,0.3694412559270859,0.4034306959672408,137.88470638079667,0.21911597065627575,2.712771352629797,0.26327478885650635,0.48575433470393087,53,15,2,1,2,5,0.849730457,"Ty France",17982,664034
"Riley Greene","DET",35,145,4,24,19,1,0.144827586,0.268965517,0.161290323,0.395061728,0.29032258,0.393103448,0.451612903,0.37983469839753775,0.3913829935008082,139.10039153308958,0.14107706816866994,6.872383906035113,-2.284531146287918,0.9847816438332717,124,36,8,0,21,39,0.844716351,"Riley Greene",25976,682985
"Miguel Andujar","SDP",23,83,2,8,9,1,0.036144578,0.168674698,0.17721519,0.365079365,0.316455696,0.34939759,0.493670886,0.3705306096249316,0.2874715873994023,138.62303417438378,-0.6376143526285887,3.1303688907416585,-2.339929550886154,0.3519458353332314,79,25,6,1,3,14,0.843068476,"Miguel Andujar",15878,609280
"Byron Buxton","MIN",32,147,10,25,14,2,0.06802721,0.25170068,0.276119403,0.272727272,0.253731343,0.31292517,0.529850746,0.36461035005089376,0.3178034153114371,128.38165031730944,0.12503674160689116,5.078457946293135,1.4501757323741913,1.1892070605567473,134,34,5,1,10,37,0.842775916,"Byron Buxton",14161,621439
"Gary Sánchez","MIL",23,88,5,11,14,0,0.181818181,0.204545454,0.267605634,0.208333333,0.211267605,0.363636363,0.478873239,0.37444982068105176,0.37158150508485993,138.2708909854316,-0.11820715386420488,3.8403391317091478,-2.962982401251793,0.3771421751521251,71,15,2,1,16,18,0.842509602,"Gary Sanchez",11442,596142
"Nico Hoerner","CHC",33,152,4,18,26,7,0.085526315,0.092105263,0.165413534,0.307692307,0.300751879,0.375,0.466165413,0.37324329230346176,0.3425468190511068,138.49928554941258,1.1803962024860084,8.05869028356119,4.616642713546753,1.7857973714255726,133,40,10,0,13,14,0.841165413,"Nico Hoerner",21479,663538
"Taylor Ward","BAL",34,156,1,19,12,1,0.185897435,0.153846153,0.128,0.346534653,0.288,0.423076923,0.416,0.3835725318162869,0.38415991954314405,143.29094170304552,-1.3542963545769453,6.663811812016643,-3.4592753648757935,0.8835016720297958,125,36,13,0,29,24,0.839076923,"Taylor Ward",17548,621493
"Colson Montgomery","CHW",34,140,9,15,22,1,0.1,0.278571428,0.268907563,0.253521126,0.226890756,0.342857142,0.495798319,0.36595678934152576,0.33760803333227185,129.78210429079542,-1.306756854057312,3.6435679496997535,5.171553611755371,1.3965934941987381,119,27,5,0,14,39,0.838655461,"Colson Montgomery",29712,695657
"Wilyer Abreu","BOS",33,140,4,15,14,1,0.114285714,0.178571428,0.161290323,0.347368421,0.298387096,0.378571428,0.459677419,0.3742911696434021,0.371994704651318,131.46484166360915,-0.3284787153825164,4.901547498104127,0.6276595592498779,1.0625902131293619,124,37,6,1,16,25,0.838248847,"Wilyer Abreu",23772,677800
"Troy Johnston","COL",31,118,2,10,16,1,0.084745762,0.20338983,0.132075472,0.4,0.320754716,0.384615384,0.452830188,0.37497004026021713,0.320823245578342,124.09809592849368,0.3723224508576095,3.7146516126569153,-2.3397895097732544,0.5258807911565808,106,34,8,0,10,24,0.837445572,"Troy Johnston",26143,687859
"Brandon Nimmo","TEX",33,147,4,16,12,1,0.088435374,0.197278911,0.161538461,0.357142857,0.3,0.374149659,0.461538461,0.36964838227180585,0.3685259361789651,133.90933457415127,-0.24320436920970678,5.674958071610777,-1.3057537078857422,0.9697075953308788,130,39,7,1,13,29,0.83568812,"Brandon Nimmo",12927,607043
"Hunter Goodman","COL",32,134,9,24,15,1,0.074626865,0.388059701,0.280991736,0.333333333,0.239669421,0.313432835,0.520661157,0.3607412168854161,0.31828354344223486,114.45427153203458,-1.6239904216490686,0.6526030666654652,0.42751991748809814,0.5482780892636673,121,29,7,0,10,52,0.834093992,"Hunter Goodman",29715,696100
"Iván Herrera","STL",34,156,4,21,14,1,0.173076923,0.16025641,0.166666666,0.282608695,0.25,0.416666666,0.416666666,0.3749464707154977,0.3837216025904605,140.01227882724254,-1.071163663174957,6.265563466137832,-2.9770111441612244,0.8447486373642932,120,30,8,0,27,25,0.833333332,"Ivan Herrera",20599,671056
"Trevor Larnach","MIN",27,93,1,14,9,1,0.193548387,0.182795698,0.133333333,0.350877192,0.28,0.419354838,0.413333333,0.37788131120412244,0.3455295355423637,137.28630097152342,0.6413765414617956,4.758392293745512,1.066206157207489,0.9245696983718602,75,21,5,1,18,17,0.832688171,"Trevor Larnach",21501,663616
"Brandon Marsh","PHI",30,114,4,16,18,3,0.043859649,0.210526315,0.179245283,0.3625,0.311320754,0.342105263,0.490566037,0.3631784717241923,0.3334517689932764,128.2470923330286,0.4235398340970278,4.2085154231729796,-2.9837626218795776,0.49753347445419893,106,33,7,0,5,24,0.8326713,"Brandon Marsh",20202,669016
"Bryce Harper","PHI",34,145,6,18,19,2,0.131034482,0.172413793,0.224,0.27368421,0.256,0.351724137,0.48,0.3639390307168166,0.3891886870066325,128.76257398423851,-0.4528333288617432,4.449244848745938,-7.092515230178833,0.20580159305132112,125,32,8,1,19,25,0.831724137,"Bryce Harper",11579,547180
"Bryan Reynolds","PIT",35,156,4,26,22,1,0.185897435,0.269230769,0.169354838,0.354430379,0.258064516,0.403846153,0.427419354,0.37333746235091964,0.35479751190581876,134.85726396774945,0.47327343095093966,6.864767284874701,-4.849803566932678,0.7152922038663427,124,32,5,2,29,42,0.831265507,"Bryan Reynolds",19326,668804
"Amed Rosario","NYY",21,67,4,7,14,0,0.074626865,0.19402985,0.25,0.266666666,0.266666666,0.313432835,0.516666666,0.35484443048932657,0.37272447528261127,123.70095364650457,-0.06801488483324647,1.8173304162881507,-2.56956385076046,0.16309290478446975,60,16,1,1,5,13,0.830099501,"Amed Rosario",15518,642708
"Christian Yelich","MIL",15,56,1,10,10,3,0.089285714,0.25,0.137254902,0.416666666,0.31372549,0.375,0.450980392,0.35573479533195496,0.28239559244226525,125.58646773497473,0.7724585025571287,2.4566165459556935,-1.3166039511561394,0.29912707219255463,51,16,2,1,5,14,0.825980392,"Christian Yelich",11477,592885
"Alec Burleson","STL",33,147,5,18,28,1,0.115646258,0.136054421,0.186046512,0.295238095,0.279069767,0.360544217,0.465116279,0.3612377738130504,0.39665387909987876,130.72097889687612,0.47925324039533734,5.787325993781367,-3.0937366485595703,0.7548218390088306,129,36,9,0,17,20,0.825660496,"Alec Burleson",27615,676475
"Dillon Dingler","DET",29,114,6,12,23,0,0.061403508,0.166666666,0.237623762,0.263157894,0.257425742,0.330357142,0.495049504,0.36332250971879276,0.42957024101738456,128.02091733201263,-0.7363486788235605,3.056255152793962,4.266486823558807,1.1519359144494032,101,26,6,0,7,19,0.825406646,"Dillon Dingler",27464,693307
"Shohei Ohtani","LAD",34,153,6,21,13,4,0.156862745,0.235294117,0.196721311,0.292682926,0.245901639,0.381578947,0.44262295,0.35678796735528395,0.39581706425915025,126.05281318262153,0.6552250795066357,5.340451008697181,-3.456789970397949,0.6921288133977861,122,30,6,0,24,36,0.824201897,"Shohei Ohtani",19755,660271
"Nick Kurtz","ATH",33,153,5,19,16,3,0.222222222,0.326797385,0.168067227,0.375,0.243697478,0.411764705,0.411764705,0.3703056961898036,0.3875545015271078,130.15703267533817,-1.3231996386311948,4.154904912877338,-0.5232763290405273,0.9161879468089174,119,29,5,0,34,50,0.82352941,"Nick Kurtz",35110,701762
"Oneil Cruz","PIT",33,152,9,25,28,11,0.072368421,0.34868421,0.235714286,0.358974358,0.264285714,0.322368421,0.5,0.3556268707911174,0.3589789627382419,122.85361261435482,2.0340349078178406,6.117068297482917,-1.2888351082801819,0.9881633856818721,140,37,6,0,11,53,0.822368421,"Oneil Cruz",21711,665833
"Vaughn Grissom","LAA",16,57,1,6,7,0,0.122807017,0.070175438,0.14893617,0.295454545,0.29787234,0.375,0.44680851,0.36204094120434355,0.33798531123570036,126.24053466599065,-0.1517430543899536,1.624072332714299,0.3630163222551346,0.40578221683807236,47,14,4,0,7,4,0.82180851,"Vaughn Grissom",26031,687093
"Leody Taveras","BAL",27,86,2,10,18,1,0.15116279,0.197674418,0.152777778,0.339622641,0.277777777,0.388235294,0.430555555,0.37002666347167074,0.3566811954273897,134.20183172645295,0.012964777182787657,3.5051566431808716,0.6607867181301117,0.7309442689739718,72,20,3,1,13,17,0.818790849,"Leody Taveras",18900,665750
"Jonathan Aranda","TBR",33,142,7,17,28,0,0.133802816,0.246478873,0.210084033,0.2875,0.25210084,0.352112676,0.462184873,0.3567002690430229,0.3528210776192801,122.95072251329925,-0.867531799711287,3.0017912084377887,-4.397218346595764,0.36587297000375396,119,30,4,0,19,35,0.814297549,"Jonathan Aranda",21837,666018
"Oswald Peraza","LAA",32,102,4,10,9,5,0.06862745,0.25490196,0.184782609,0.354838709,0.282608695,0.346534653,0.467391304,0.36125179328540763,0.3257498788361502,125.71102618115005,0.18280971888452768,3.2964602132426943,0.4339454919099808,0.7438803847067995,92,26,5,0,7,26,0.813925957,"Oswald Peraza",22823,672724
"Myles Straw","TOR",27,59,2,16,6,1,0.101694915,0.101694915,0.156862745,0.295454545,0.294117647,0.362068965,0.450980392,0.3601867217442085,0.3662193890275626,126.76491572404443,-0.6995451389811933,1.1753119583848466,0.00955730676651001,0.3313899400550953,51,15,2,0,6,6,0.813049357,"Myles Straw",17620,664702
"Carlos Correa","HOU",31,137,3,22,16,1,0.131386861,0.167883211,0.144067796,0.333333333,0.288135593,0.379562043,0.432203389,0.36223166304476123,0.37528469983269186,128.10891978187772,0.24609612300992012,4.818188563365886,2.5638102293014526,1.2401945444078746,118,34,8,0,18,23,0.811765432,"Carlos Correa",14162,621043
"Dominic Canzone","SEA",29,80,3,10,12,1,0.075,0.225,0.222222223,0.307692307,0.263888888,0.325,0.486111111,0.3537340179085732,0.37773129940032957,128.31883048483047,-0.1029379740357399,2.5868347180988067,-2.8254246413707733,0.26178406779005087,72,19,7,0,6,18,0.811111111,"Dominic Canzone",26438,686527
"Jorge Soler","LAA",31,134,7,17,26,0,0.111940298,0.305970149,0.230088495,0.294117647,0.238938053,0.335820895,0.469026548,0.3531209475068904,0.3284787420016616,120.25532931450886,-0.5819991542957723,2.6405116792636867,-4.45413076877594,0.2947614204405558,113,27,5,0,15,41,0.804847443,"Jorge Soler",14221,624585
"Jeff McNeil","ATH",33,117,1,9,12,1,0.085470085,0.102564102,0.107843137,0.34065934,0.31372549,0.379310344,0.421568627,0.35888422922841434,0.34000087606495827,122.49336972918641,-0.7995370305143297,2.325035878241152,-1.7782319486141205,0.47390863572534786,102,32,8,0,10,12,0.800878971,"Jeff McNeil",15362,643446
"Hyeseong Kim","LAD",24,68,1,8,8,5,0.102941176,0.19117647,0.1,0.382978723,0.316666666,0.382352941,0.416666666,0.35898180568919463,0.34475262024823355,127.53972401770322,0.7612221678718925,2.962389093191176,1.2064414322376251,0.646264742613331,60,19,3,0,7,13,0.799019607,"Hyeseong Kim",35322,808975
"Kyle Isbel","KCR",28,95,3,12,8,5,0.052631578,0.231578947,0.156626506,0.362068965,0.289156626,0.351648351,0.445783132,0.356624614406418,0.31006165389176255,120.78138555931064,1.15138533199206,3.495335554507897,-0.04747670888900757,0.6901321990378849,83,24,4,0,5,22,0.797431483,"Kyle Isbel",21614,664728
"William Contreras","MIL",31,138,3,20,23,0,0.101449275,0.108695652,0.129032258,0.320754716,0.298387096,0.369565217,0.427419354,0.353342184687362,0.35109152513391834,123.96483562262338,-0.8431623377837241,3.0440478374945212,1.396676242351532,0.9029621964510441,124,37,7,0,14,15,0.796984571,"William Contreras",20503,661388
"Randy Arozarena","SEA",35,146,3,23,12,7,0.109589041,0.232876712,0.16,0.344444444,0.272,0.363013698,0.432,0.35524533382833823,0.3315726241020307,129.33290475859823,1.3032698221504688,6.387886377673034,-2.110716462135315,0.9567771215939164,125,34,9,1,16,34,0.795013698,"Randy Arozarena",19290,668227
"Sam Antonacci","CHW",17,61,1,7,7,0,0.081967213,0.098360655,0.176470589,0.266666666,0.25490196,0.360655737,0.431372549,0.3539531084357715,0.40363982518513997,121.72778299512981,-0.5371107249520719,1.0364935597155636,-0.6244969144463539,0.2599806737658955,51,13,2,2,5,6,0.792028286,"Sam Antonacci",35101,803011
"JJ Wetherholt","STL",34,156,7,27,16,4,0.108974358,0.179487179,0.2,0.24742268,0.238461538,0.352564102,0.438461538,0.35450279598052686,0.358581789078251,126.15623437654362,1.0675673033110797,5.863623913323376,3.3584267497062683,1.4478708158804836,130,31,5,0,17,28,0.79102564,"JJ Wetherholt",34985,802139
"Kazuma Okamoto","TOR",33,138,9,18,22,0,0.108695652,0.289855072,0.235772358,0.27027027,0.235772357,0.318840579,0.471544715,0.3487367530663808,0.3594406514927961,119.08212847898167,-1.1673584594391286,1.959125330336612,0.2713480005040765,0.7201329965196109,123,29,2,0,15,40,0.790385294,"Kazuma Okamoto",37123,672960
"Spencer Torkelson","DET",34,132,6,13,14,0,0.151515151,0.287878787,0.216216216,0.283582089,0.225225225,0.348484848,0.441441441,0.3543621599674225,0.3743653625022364,122.0086335679151,-0.5704264184460044,2.8787649466391203,-3.9422422647476196,0.3638601646623681,111,25,6,0,20,38,0.789926289,"Spencer Torkelson",27465,679529
"Matt Shaw","CHC",30,86,3,10,10,2,0.058139534,0.186046511,0.189873418,0.311475409,0.278481012,0.317647058,0.46835443,0.3433235575171078,0.3084502276252298,118.2206819946572,0.1392453657463193,1.9810669651007127,-0.9362274259328842,0.3876217167414673,79,22,6,0,5,16,0.786001488,"Matt Shaw",33322,807713
"Angel Martínez","CLE",31,110,5,13,16,5,0.027272727,0.19090909,0.205882353,0.298701298,0.274509803,0.305555555,0.480392156,0.3426961534553104,0.3233170197388836,115.60551119910738,-0.3069145241752267,1.7311642412026433,1.5605145692825317,0.7278887227213596,102,28,6,0,3,21,0.785947711,"Angel Martinez",26540,682657
"Luke Raley","SEA",31,96,5,11,13,0,0.052083333,0.375,0.235955056,0.354166666,0.247191011,0.302083333,0.483146067,0.3434786976625522,0.37503989537556964,121.43763754910346,-0.0018123802728950977,2.4416093744924905,-4.199740767478943,0.16453447115343153,89,22,4,1,5,36,0.7852294,"Luke Raley",19354,670042
"Miguel Vargas","CHW",33,145,6,22,17,5,0.165517241,0.172413793,0.20338983,0.227272727,0.220338983,0.358620689,0.423728813,0.35072440322902465,0.36402779155307347,119.56136176914892,0.28945811465382576,3.6570338107493416,-0.32058921456336975,0.857579785092035,118,26,4,1,24,25,0.782349502,"Miguel Vargas",20178,678246
"Edouard Julien","COL",29,101,2,15,12,3,0.128712871,0.287128712,0.126436782,0.392857142,0.275862068,0.376237623,0.40229885,0.35447654865755895,0.35715526165348466,110.20828725771112,-0.10889965295791626,1.102977891425604,-3.333258628845215,0.10379998533044266,87,24,3,1,13,29,0.778536473,"Edouard Julien",27534,666397
"Jose Fernandez","ARI",28,97,3,19,12,1,0.041237113,0.216494845,0.130434782,0.367647058,0.304347826,0.340206185,0.434782608,0.3453588172332528,0.30371748540819304,116.80090220025593,-0.14120902912691236,1.7743203620827823,-2.095412492752075,0.2847740789163092,92,28,3,0,4,21,0.774988793,"Jose Fernandez",28020,699912
"Tristan Gray","MIN",18,61,3,8,13,0,0.049180327,0.327868852,0.181818182,0.363636363,0.272727272,0.316666666,0.454545454,0.33841123680273694,0.2996973264015327,110.80236964340972,-0.3420248688198626,0.44032163930033186,1.0526950359344482,0.36986309354875196,55,15,1,0,3,20,0.77121212,"Tristan Gray",19877,656484
"Kerry Carpenter","DET",32,109,6,11,17,0,0.100917431,0.339449541,0.255319149,0.264150943,0.212765957,0.302752293,0.468085106,0.3353621123033926,0.30439401555944373,109.25983678461361,-0.37440292770043015,0.8239372183526572,-6.157865047454834,-0.15245358038993362,94,20,2,2,11,37,0.770837399,"Kerry Carpenter",25961,681481
"Spencer Steer","CIN",32,120,5,13,10,1,0.083333333,0.258333333,0.198113208,0.295774647,0.245283018,0.325,0.443396226,0.3408474783102671,0.3737206832222317,109.81553046953738,0.23997764848172665,1.6244347508277168,-2.7720590829849243,0.2760222465095178,106,26,6,0,10,31,0.768396226,"Spencer Steer",26323,668715
"Jonny DeLuca","TBR",25,72,2,13,13,3,0.041666666,0.180555555,0.176470588,0.320754716,0.279411764,0.309859154,0.455882352,0.3363866923560559,0.30210368734010506,109.32056401562184,0.7147531164810061,1.5115084316465377,1.0583763718605042,0.5186534368017742,68,19,6,0,3,13,0.765741506,"Jonny DeLuca",26365,676356
"Miguel Rojas","LAD",22,56,1,4,5,0,0.071428571,0.142857142,0.12,0.333333333,0.3,0.345454545,0.42,0.3395671205087142,0.31210573369806466,114.38109454699979,-1.3805198431946337,-0.4339243105452395,2.979976862668991,0.4420467855553938,50,15,3,0,4,8,0.765454545,"Miguel Rojas",7802,500743
"Bobby Witt Jr.","KCR",34,154,2,12,15,10,0.11038961,0.181818181,0.125925926,0.336448598,0.281481481,0.357142857,0.407407407,0.3379921587674241,0.3729788672845095,108.27923847443166,1.1925364756025374,2.7063116975821453,7.570582270622253,1.5952345448570049,135,38,9,1,17,28,0.764550264,"Bobby Witt Jr.",25764,677951
"Samuel Basallo","BAL",26,100,5,10,10,0,0.1,0.27,0.2,0.293103448,0.244444444,0.32,0.444444444,0.3357090859702139,0.3292049485809949,111.17516203606345,-0.08867819467559457,1.2381176669545164,-2.1291511952877045,0.26697414982040996,90,22,3,0,10,27,0.764444444,"Samuel Basallo",28824,694212
"Dane Myers","CIN",28,53,1,12,4,2,0.16981132,0.188679245,0.069767442,0.34375,0.279069767,0.415094339,0.348837209,0.3607220526011485,0.46207581314386104,123.28585752097013,0.5028200005181134,1.9534364150242822,0.24558953195810318,0.39695570986198997,43,12,0,0,9,10,0.763931548,"Dane Myers",22054,667472
"Everson Pereira","CHW",18,71,3,7,7,1,0.056338028,0.295774647,0.203125,0.31707317,0.25,0.309859154,0.453125,0.3349928377379834,0.31404755820690744,109.00567606378235,-0.031611612532287836,0.7275337602841521,0.011985421180725098,0.32902685154759237,64,16,4,0,4,21,0.762984154,"Everson Pereira",23695,677592
"Xander Bogaerts","SDP",32,134,5,15,18,4,0.111940298,0.156716417,0.142857142,0.29032258,0.268907563,0.350746268,0.411764705,0.3442759869703606,0.3499314322400449,120.82852202066745,0.010059479624032974,3.290617583045303,1.3509289398789406,0.9102860312665642,119,32,2,0,15,21,0.762510973,"Xander Bogaerts",12161,593428
"Maikel Garcia","KCR",32,141,3,18,13,4,0.092198581,0.170212765,0.158730159,0.306930693,0.269841269,0.333333333,0.428571428,0.3370454658007791,0.33813406220564607,107.64401921280913,0.9516655625775456,2.231315447323362,3.4972988069057465,1.0864348023475392,126,34,9,1,13,24,0.761904761,"Maikel Garcia",22715,672580
"Curtis Mead","WSN",26,81,4,13,12,2,0.111111111,0.160493827,0.23943662,0.203703703,0.211267605,0.308641975,0.450704225,0.3362269710611414,0.34522056579589844,111.6241837804164,0.604374386370182,1.711079632154871,-3.4719393253326416,0.08606941741088064,71,15,5,0,9,13,0.7593462,"Curtis Mead",23986,678554
"José Ramírez","CLE",35,153,6,20,14,13,0.156862745,0.130718954,0.201550388,0.213592233,0.217054263,0.339869281,0.418604651,0.33470274567604064,0.38047337372030987,110.24203352863309,2.7527198302559555,4.613212243217762,0.81219682097435,1.098520312793822,129,28,8,0,24,20,0.758473932,"Jose Ramirez",13510,608070
"Isaac Paredes","HOU",30,126,3,15,15,0,0.095238095,0.158730158,0.136363637,0.298850574,0.263636363,0.357142857,0.4,0.3445617509266687,0.3142584846133277,116.25262748431517,-0.42807540856301785,2.003257372983439,-1.2599973231554031,0.5260568581761524,110,29,6,0,12,20,0.757142857,"Isaac Paredes",20036,670623
"Adam Frazier","LAA",26,64,1,13,5,0,0.09375,0.28125,0.163636364,0.361111111,0.254545454,0.338709677,0.418181818,0.3390512091498221,0.24526619142101658,110.81470904448365,0.10900827636942267,0.9307684568066691,-0.3713955581188202,0.28568737510634207,55,14,4,1,6,18,0.756891495,"Adam Frazier",15223,624428
"Dansby Swanson","CHC",33,133,6,24,24,2,0.157894736,0.218045112,0.203703704,0.22368421,0.212962962,0.338345864,0.416666666,0.33750234958820774,0.35259436105043834,114.27526039774509,1.2021406088024378,3.433760182674657,0.3961418867111206,0.8245125349825092,108,23,2,1,21,29,0.75501253,"Dansby Swanson",18314,621020
"Jac Caglianone","KCR",30,110,3,13,7,0,0.09090909,0.309090909,0.163265306,0.360655737,0.25510204,0.336363636,0.418367346,0.33862112435427577,0.3308827140114524,108.70126659732115,0.14282416366040707,1.279209025240997,-0.3041325807571411,0.49241309174806225,98,25,5,1,10,34,0.754730982,"Jac Caglianone",35041,695506
"Geraldo Perdomo","ARI",30,124,2,12,9,6,0.14516129,0.120967741,0.156862745,0.264367816,0.245098039,0.352459016,0.401960784,0.3386320970097526,0.3226790940466006,112.24175441334677,-0.4749938128516078,1.3092320482477917,1.2505049258470535,0.6659534813767687,102,25,4,3,18,15,0.7544198,"Geraldo Perdomo",22799,672695
"TJ Rumfield","COL",35,140,4,12,19,0,0.078571428,0.164285714,0.157480315,0.297029702,0.267716535,0.328571428,0.42519685,0.33494385864053455,0.3395307527171622,96.96967802398822,-1.0686959368176758,-1.5673522170485257,-0.8812332153320312,0.20922928020693388,127,34,6,1,11,23,0.753768278,"TJ Rumfield",29805,681198
"Jake McCarthy","COL",26,73,0,6,7,6,0.09589041,0.164383561,0.147540984,0.32,0.262295081,0.342857142,0.409836065,0.335019839661462,0.31266604990198993,97.02117543905807,-0.044035771396011114,-0.2996307209822452,-0.7948411703109741,0.12762740451449056,61,16,5,2,7,12,0.752693207,"Jake McCarthy",21622,664983
"Freddie Freeman","LAD",32,141,3,12,16,0,0.078014184,0.120567375,0.147286822,0.293577981,0.271317829,0.333333333,0.418604651,0.33331953627722605,0.3824594225202288,110.14668923859874,-0.14831931795924902,1.5333010315160502,-0.5980510711669922,0.5564582136773502,129,35,8,1,11,17,0.751937984,"Freddie Freeman",5361,518692
"Carter Jensen","KCR",32,115,6,13,17,0,0.113043478,0.295652173,0.2,0.278688524,0.23,0.32173913,0.43,0.3348518335300943,0.32016246629797895,106.17211911388478,-0.0416543367318809,0.8010639506690214,-0.7511317133903503,0.4162522291630922,100,23,2,0,13,34,0.75173913,"Carter Jensen",29478,695600
"Nick Gonzales","PIT",32,126,0,15,17,2,0.063492063,0.182539682,0.043103449,0.40860215,0.327586206,0.38095238,0.370689655,0.3438513832432883,0.34447769891648067,114.87257784411031,0.3234568382613361,2.526085457763213,2.2231464982032776,0.8950536106764686,116,38,5,0,8,23,0.751642035,"Nick Gonzales",27490,693304
"Nolan Arenado","ARI",31,116,5,16,17,0,0.051724137,0.206896551,0.165137615,0.308641975,0.275229357,0.310344827,0.440366972,0.3304478186985542,0.30392002237254173,106.69472211377334,-0.09882347099483013,0.8139752568814664,-0.32319122552871704,0.42947234652276833,109,30,3,0,6,24,0.750711799,"Nolan Arenado",9777,571448
"Masataka Yoshida","BOS",20,61,0,5,5,1,0.163934426,0.114754098,0.06,0.325581395,0.28,0.409836065,0.34,0.3538711579119573,0.3006281930892194,117.76326656863347,0.0029297536239027977,1.289409482750451,-2.11003714799881,0.13468813693180995,50,14,3,0,10,7,0.749836065,"Masataka Yoshida",31837,807799
"Ezequiel Duran","TEX",26,77,1,10,8,3,0.09090909,0.181818181,0.130434783,0.333333333,0.275362318,0.342105263,0.405797101,0.3360592213116194,0.3021490478515625,111.37142336597508,1.1418937179259956,2.181468733382639,-0.7601978778839111,0.41977755026995106,69,19,6,0,7,14,0.747902364,"Ezequiel Duran",23733,677649
"Mauricio Dubón","ATL",33,131,2,17,18,0,0.06870229,0.160305343,0.15,0.30927835,0.266666666,0.328244274,0.416666666,0.33227983094353714,0.31134082706829974,108.45390985495216,-0.5500230775214732,0.7516843719351618,3.902936637401581,0.901798143497113,120,32,8,2,9,21,0.74491094,"Mauricio Dubon",16530,643289
"Jung Hoo Lee","SFG",34,133,2,14,11,0,0.075187969,0.135338345,0.132231405,0.310679611,0.280991735,0.330827067,0.41322314,0.3296809765629302,0.3256130935554218,109.58020592225732,-0.9776610150001943,0.5199911792261909,-2.285650610923767,0.25574061518522817,121,34,8,1,10,18,0.744050207,"Jung Hoo Lee",33824,808982
"Pete Alonso","BAL",34,146,6,21,15,1,0.130136986,0.246575342,0.206349206,0.25,0.214285714,0.321917808,0.42063492,0.33305575137269006,0.35567177081930224,109.39480736642888,-0.34004001459106803,1.2884721789477396,-0.506864070892334,0.6014638255776292,126,27,8,0,19,36,0.742552728,"Pete Alonso",19251,624413
"Manny Machado","SDP",31,130,5,19,18,1,0.146153846,0.207692307,0.174311926,0.253164556,0.229357798,0.338461538,0.403669724,0.33094576255295627,0.3279083015382752,111.79373818362114,-0.4927945239469409,1.3093072604698153,1.5360077321529388,0.7146153637148004,109,25,4,0,19,27,0.742131262,"Manny Machado",11493,592518
"Julio Rodríguez","SEA",35,152,4,17,16,3,0.078947368,0.22368421,0.137681159,0.33,0.268115942,0.335526315,0.405797101,0.3311289671241053,0.3316195658500621,113.15112123360711,-0.5157978483475745,1.8575240615987347,-2.3202391266822815,0.49643483565075575,138,37,7,0,12,34,0.741323416,"Julio Rodriguez",23697,677594
"Tyler Freeman","COL",19,69,1,5,10,2,0.04347826,0.101449275,0.068965517,0.32,0.293103448,0.378787878,0.362068965,0.34420206420349353,0.35045019296499397,103.24458258381419,-1.320395486894995,-1.057252133171619,-0.6173582673072815,0.05556891817781966,58,17,1,0,3,7,0.740856843,"Tyler Freeman",22532,671289
"Jake Bauers","MIL",31,123,5,20,19,3,0.097560975,0.211382113,0.18018018,0.275,0.243243243,0.31707317,0.423423423,0.32084506352742515,0.3277507146199544,101.93936509693636,0.16566908452659845,0.446050464381612,-5.245053768157959,-0.08531252363612862,111,27,5,0,12,26,0.740496593,"Jake Bauers",15194,641343
"Ronald Acuña Jr.","ATL",34,152,2,17,9,7,0.131578947,0.203947368,0.125984252,0.3125,0.251968503,0.361842105,0.377952755,0.3353180226111254,0.38085406979188224,110.51309536546286,-0.043980896938592196,1.834291922779894,-1.3166983127593994,0.549999896900462,127,32,8,1,20,31,0.73979486,"Ronald Acuna Jr.",18401,660670
"Mark Vientos","NYM",26,91,4,10,12,0,0.065934065,0.241758241,0.19047619,0.288135593,0.25,0.296703296,0.44047619,0.3231857969210698,0.3166673052441943,106.09311189676059,-0.8482413408346474,-0.19651536934099867,-2.8675191402435303,-0.01367146581705389,84,21,4,0,6,22,0.737179486,"Mark Vientos",22184,668901
"Rhys Hoskins","CLE",26,94,2,14,10,0,0.180851063,0.29787234,0.16,0.304347826,0.213333333,0.361702127,0.373333333,0.33859218308266176,0.311781903530689,112.85179788160666,-2.074639624916017,-0.6403329493199985,-4.087717771530151,-0.144499755334466,75,16,6,0,17,28,0.73503546,"Rhys Hoskins",16472,656555
"Connor Norby","MIA",31,118,3,7,11,2,0.101694915,0.305084745,0.158415841,0.333333333,0.237623762,0.33898305,0.396039603,0.33286703845201915,0.3026149879067631,107.97467594621044,0.010413425974547863,1.1164755833337465,-0.8051706552505493,0.41777341783786853,101,24,7,0,12,36,0.735022653,"Connor Norby",29592,681393
"Gunnar Henderson","BAL",33,153,9,23,19,5,0.078431372,0.31372549,0.251798561,0.240963855,0.208633093,0.274509803,0.460431654,0.3200181948593239,0.304210637909135,100.64676833627522,1.667241015471518,1.7847281901834482,1.4153760373592377,0.872324799826943,139,29,6,1,12,48,0.734941457,"Gunnar Henderson",26289,683002
"Garrett Mitchell","MIL",31,114,1,15,21,5,0.184210526,0.359649122,0.120879121,0.408163265,0.23076923,0.380530973,0.351648351,0.33933229531560627,0.33896303176879883,114.46939742958861,0.4627529652789235,2.4015831788083486,0.1166517622768879,0.629012025754271,91,21,6,1,21,41,0.732179324,"Garrett Mitchell",27555,669003
"Daulton Varsho","TOR",32,123,4,14,9,2,0.081300813,0.162601626,0.171171171,0.264367816,0.243243243,0.31707317,0.414414414,0.32424825771910243,0.31069383464875766,102.650651241042,0.7743830750696361,1.1614695348135393,1.4051515460014343,0.7006696472837017,111,27,7,0,10,20,0.731487584,"Daulton Varsho",19918,662139
"Javier Sanoja","MIA",26,76,0,2,10,2,0.092105263,0.131578947,0.057971014,0.355932203,0.304347826,0.368421052,0.36231884,0.3344398956549795,0.2602523502550627,109.04070637378031,-0.3151833899319172,0.4924242870949713,0.10889314860105515,0.30981613564567295,69,21,4,0,7,10,0.730739892,"Javier Sanoja",28253,691594
"Tyler Soderstrom","ATH",32,138,4,17,19,1,0.108695652,0.20289855,0.204918033,0.252747252,0.221311475,0.304347826,0.426229508,0.32001075822941577,0.33631646372105956,96.40975189879391,1.0089569934643805,0.42071797693864277,-2.4893085956573486,0.28314613551401446,122,27,11,1,15,28,0.730577334,"Tyler Soderstrom",27467,691016
"Spencer Horwitz","PIT",32,116,3,11,13,0,0.155172413,0.129310344,0.126315789,0.253164556,0.242105263,0.362068965,0.368421052,0.33533939719200134,0.2983013021534887,109.10343611106319,-1.2813429739326239,-0.040125674653554766,-0.4031050205230713,0.3345325716629636,95,23,3,0,18,15,0.730490017,"Spencer Horwitz",26477,687462
"Jeremiah Jackson","BAL",32,112,6,10,24,1,0.017857142,0.223214285,0.194444444,0.282051282,0.259259259,0.276785714,0.453703703,0.31793845551354544,0.30026746870161175,99.25128898009645,-0.40988773945719004,-0.5094471982915432,-0.7805760502815247,0.269323452181083,108,28,3,0,2,25,0.730489417,"Jeremiah Jackson",22239,669236
"Drew Gilbert","SFG",17,52,2,5,5,0,0.057692307,0.192307692,0.145833333,0.305555555,0.270833333,0.31372549,0.416666666,0.3251941005388896,0.2683272361755371,106.53915021970623,-0.12292955769225955,0.2767474266880613,-1.2247862368822098,0.07379379610158393,48,13,1,0,3,10,0.730392156,"Drew Gilbert",31545,687551
"Jose Altuve","HOU",32,143,3,22,8,1,0.118881118,0.174825174,0.144,0.288659793,0.248,0.338028169,0.392,0.3278312907151297,0.3205375943865095,105.02669578669,-0.6234699678607285,0.2299620252218988,-2.184435725212097,0.3126230262900872,125,31,9,0,17,25,0.730028169,"Jose Altuve",5417,514888
"Colt Keith","DET",31,104,0,15,6,1,0.048076923,0.201923076,0.07070707,0.397435897,0.313131313,0.346153846,0.383838383,0.3284344346477435,0.34124533644000304,104.61145083454615,0.7036018562503159,1.273006757779914,-0.39020979404449463,0.46158046040413314,99,31,7,0,5,21,0.729992229,"Colt Keith",27899,690993
"Jake Fraley","TBR",24,74,2,4,5,2,0.094594594,0.256756756,0.179104477,0.304347826,0.23880597,0.31081081,0.417910447,0.3244297431932913,0.2914681891872458,101.29759914101577,0.1554346769116819,0.2694393223880473,-1.6733211874961853,0.12188296184511581,67,16,6,0,7,19,0.728721257,"Jake Fraley",19260,641584
"Brayan Rocchio","CLE",34,127,3,14,19,3,0.086614173,0.086614173,0.116071429,0.275510204,0.267857142,0.344,0.383928571,0.33101869583129884,0.3078652053582864,107.77008168721306,0.08775913156569004,1.2593597299456756,2.6717814207077026,0.8536707901644457,112,30,4,0,11,11,0.727928571,"Brayan Rocchio",23690,677587
"Ernie Clement","TOR",33,139,1,11,9,1,0.035971223,0.071942446,0.119402985,0.308943089,0.291044776,0.316546762,0.410447761,0.32239328185431393,0.27961064767146454,101.40598539828791,-1.0745748849585652,-0.8425439500425761,-0.26032817363739014,0.38488395280849697,134,39,13,0,5,10,0.726994523,"Ernie Clement",20352,676391
"Gavin Sheets","SDP",30,96,4,11,12,1,0.052083333,0.21875,0.233333333,0.246153846,0.222222222,0.270833333,0.455555555,0.31689141628642875,0.3149380286534627,102.26816858231058,0.3643977609463036,0.6203335649535153,-4.8460365533828735,-0.11539010707011366,90,20,9,0,5,21,0.726388888,"Gavin Sheets",19901,657757
"Teoscar Hernández","LAD",30,122,4,17,17,1,0.106557377,0.270491803,0.148148148,0.319444444,0.25,0.327868852,0.398148148,0.32292421543893735,0.3247870763142904,103.10108567261098,0.3485404415987432,0.7932311725497183,-1.243776522576809,0.35342279871676296,108,27,4,0,13,33,0.726017,"Teoscar Hernandez",13066,606192
"Masyn Winn","STL",29,125,1,14,13,4,0.088,0.2,0.1,0.34117647,0.272727272,0.352,0.372727272,0.3298812971115112,0.3138346862792969,109.46859934054238,1.0853941533714533,2.4765642535431054,2.8773568868637085,0.9532461492918061,110,30,6,1,11,25,0.724727272,"Masyn Winn",27479,691026
"Corey Seager","TEX",33,143,6,19,17,1,0.125874125,0.258741258,0.196721311,0.24691358,0.213114754,0.314685314,0.409836065,0.3180584362212648,0.35086554669319314,99.2931193998607,-0.6402318016625941,-0.7602459312317087,1.252787783741951,0.5613547636322673,122,26,6,0,18,37,0.724521379,"Corey Seager",13624,608369
"Giancarlo Stanton","NYY",24,96,3,8,14,1,0.0625,0.302083333,0.166666667,0.344827586,0.255555555,0.302083333,0.422222222,0.3207620431979497,0.32618463039398193,100.83209367568793,-0.41104288212955,-0.3162024042773809,-2.484567880630493,0.05855337808553446,90,23,6,0,6,29,0.724305555,"Giancarlo Stanton",4949,519317
"Konnor Griffin","PIT",29,114,2,13,16,7,0.070175438,0.271929824,0.13592233,0.352112676,0.262135922,0.324561403,0.398058252,0.3228179577149843,0.31232623050087377,100.61681987256964,1.7285635364241898,1.8112144561368417,-1.5378082990646362,0.40083196252878645,103,27,4,2,8,31,0.722619655,"Konnor Griffin",35376,804606
"Cole Young","SEA",35,138,3,20,19,2,0.079710144,0.224637681,0.120967742,0.329670329,0.266129032,0.333333333,0.387096774,0.32464251656463183,0.3413300997969033,108.79879320317731,-0.5287454212084413,0.9128801474289037,0.4040674567222595,0.6272758665867506,124,33,4,1,11,31,0.720430107,"Cole Young",31680,702284
"Miguel Amaya","CHC",20,62,2,10,6,0,0.129032258,0.225806451,0.134615385,0.277777777,0.23076923,0.354838709,0.365384615,0.33389289629074836,0.3041643942556074,111.82889270794973,-0.04548922600224614,0.8165365737754193,0.31288716197013855,0.31768448628195534,52,12,1,0,8,14,0.720223324,"Miguel Amaya",21693,665804
"Brooks Lee","MIN",32,119,5,14,18,2,0.06722689,0.201680672,0.154545455,0.283950617,0.254545454,0.310924369,0.409090909,0.3218963116156955,0.26053287602272357,99.72105927914075,0.03654839377850294,-0.002861853476022358,-1.1034023761749268,0.3130301523357294,110,28,2,0,8,24,0.720015278,"Brooks Lee",31595,686797
"Heliot Ramos","SFG",33,130,3,12,15,0,0.053846153,0.292307692,0.139344262,0.365853658,0.270491803,0.307692307,0.409836065,0.3145148347514544,0.3372279575892857,99.30109818797396,0.13729732297360897,0.030504024447332245,-1.2011372447013855,0.3064063619189722,122,33,8,0,7,38,0.717528372,"Heliot Ramos",22515,671218
"Gleyber Torres","DET",32,144,2,18,11,0,0.173611111,0.152777777,0.068965517,0.29787234,0.258620689,0.388888888,0.327586206,0.33765442503823173,0.3474245071411133,110.79795025343213,-2.218582523986697,-0.37248732140124297,0.18836450576782227,0.496149294790921,116,30,2,0,25,22,0.716475094,"Gleyber Torres",16997,650402
"Zach Neto","LAA",35,163,5,23,15,7,0.134969325,0.319018404,0.165467626,0.304878048,0.215827338,0.331288343,0.381294964,0.32292810339986544,0.31180923367724006,99.99630467221375,-0.9602869562804699,-0.9610020959200843,1.487919233739376,0.6363579106701873,139,30,8,0,22,52,0.712583307,"Zach Neto",31347,687263
"Nathan Church","STL",31,104,5,13,16,3,0.038461538,0.23076923,0.18556701,0.271428571,0.24742268,0.278846153,0.43298969,0.30999639802254164,0.3108711242675781,95.99127448352384,0.3455994133837521,-0.14443224877482264,0.33506762981414795,0.3596956638699964,97,24,3,0,4,24,0.711835843,"Nathan Church",31357,701675
"José Caballero","NYY",33,124,4,15,12,13,0.04032258,0.217741935,0.146551724,0.305882352,0.258620689,0.306451612,0.405172413,0.3179049064074793,0.2652244567871094,98.91499025742864,1.236545552033931,1.0768085231464148,3.1312884092330933,0.8710961580924809,116,30,5,0,5,27,0.711624025,"Jose Caballero",23401,676609
"Joey Loperfido","HOU",20,66,0,7,7,1,0.09090909,0.287878787,0.086206897,0.4,0.275862068,0.348484848,0.362068965,0.3229142969304865,0.27953795230749884,101.72745382405817,0.20327185560017824,0.3386350710205793,-0.6396315544843674,0.20538432730076914,58,16,5,0,6,19,0.710553813,"Joey Loperfido",29630,694388
"Luis Arraez","SFG",33,140,0,12,11,4,0.042857142,0.042857142,0.069230769,0.317460317,0.307692307,0.333333333,0.376923076,0.31642432359681616,0.3074979920318161,100.59528637392603,0.7854071161709726,0.8833647890664276,4.438581138849258,0.9990803145999939,130,40,5,2,6,6,0.710256409,"Luis Arraez",18568,650333
"Max Muncy","ATH",26,104,2,15,7,2,0.057692307,0.35576923,0.163043479,0.363636363,0.239130434,0.307692307,0.402173913,0.3146878876365148,0.30348889644329363,92.83817162212038,-0.22736714268103242,-1.111683235076231,-0.7875320464372635,0.1787973214245304,92,22,5,2,6,37,0.70986622,"Max Muncy",29779,691777
"Ramón Laureano","SDP",31,132,4,15,18,4,0.083333333,0.303030303,0.169491526,0.315789473,0.237288135,0.303030303,0.406779661,0.3139304762536829,0.3190740527528705,100.2613416668246,0.865882801823318,0.9064305807423366,0.9360584020614624,0.6192257096922216,118,28,4,2,11,40,0.709809964,"Ramon Laureano",17128,657656
"José Tena","WSN",26,60,1,8,8,0,0.05,0.316666666,0.125,0.388888888,0.267857142,0.316666666,0.392857142,0.31744157572587334,0.28070236841837565,98.89206608808327,0.4018229483626783,0.3236872338415158,-1.967987447977066,0.029199247610909418,56,15,2,1,3,19,0.709523808,"Jose Tena",23691,677588
"Jacob Wilson","ATH",33,144,2,16,15,1,0.027777777,0.104166666,0.100719425,0.31707317,0.294964028,0.3125,0.395683453,0.3139032998846637,0.2782294800231507,92.31172295294397,-0.04435785533860326,-1.3588009708925635,4.482997417449951,0.8324299518249433,139,41,8,0,4,15,0.708183453,"Jacob Wilson",33266,805779
"Justin Crawford","PHI",29,107,0,8,7,3,0.074766355,0.177570093,0.103092783,0.333333333,0.268041237,0.336448598,0.37113402,0.32057510580971976,0.2928429184672989,99.37194441989276,-0.5975819919258356,-0.6765709414646385,-1.9846497774124146,0.07962997790333223,97,26,6,2,8,19,0.707582618,"Justin Crawford",31791,702222
"Will Smith","LAD",29,107,3,11,15,0,0.102803738,0.158878504,0.105263158,0.289473684,0.263157894,0.336448598,0.368421052,0.32014671552961116,0.36160741788204587,101.21858838656273,-0.277303121984005,-0.12404436651154105,2.244938611984253,0.5657175150411006,95,25,1,0,11,17,0.70486965,"Will Smith",19197,669257
"Gabriel Moreno","ARI",15,54,1,7,7,0,0.055555555,0.222222222,0.163265306,0.297297297,0.244897959,0.296296296,0.408163265,0.3102389309141371,0.33915078198468246,92.99780846834756,-0.12973476853221655,-0.5741738360519202,2.083799362182617,0.33015253001739164,49,12,5,0,3,12,0.704459561,"Gabriel Moreno",22664,672515
"Pedro Pagés","STL",22,80,3,7,8,2,0.0375,0.2375,0.164383562,0.288461538,0.246575342,0.29113924,0.410958904,0.31019098773787296,0.28723953343644926,96.12316093643574,0.35825939336791635,-0.006286526512927271,3.706954777240753,0.6379449411622182,73,18,3,0,3,19,0.702098144,"Pedro Pages",25782,686780
"Brice Matthews","HOU",26,77,3,7,12,2,0.09090909,0.363636363,0.19117647,0.315789473,0.220588235,0.289473684,0.411764705,0.3095679243928508,0.28260760558278936,92.77220306441535,0.10784281184896827,-0.5529220606919986,-0.8274071514606476,0.13500336832703919,68,15,4,0,7,28,0.701238389,"Brice Matthews",33280,694728
"Andrés Giménez","TOR",31,119,3,9,16,4,0.033613445,0.151260504,0.151785714,0.282608695,0.258928571,0.288135593,0.410714285,0.3071835071353589,0.2547338615029545,91.20041484180717,0.5228428207337856,-0.7204099598332325,2.131683647632599,0.5689302749942748,112,29,6,1,4,18,0.698849878,"Andres Gimenez",19950,665926
"Lane Thomas","KCR",27,75,1,7,6,3,0.173333333,0.173333333,0.06557377,0.29787234,0.245901639,0.386666666,0.311475409,0.33379804372787475,0.33080909729003904,105.46503920133033,0.4774061660282314,0.964042827709624,-0.5624909177422523,0.3089753001858161,61,15,1,0,13,13,0.698142075,"Lane Thomas",16939,657041
"Cam Smith","HOU",34,137,4,17,17,4,0.102189781,0.277372262,0.152542373,0.294871794,0.228813559,0.31617647,0.381355932,0.31413181958829656,0.3441327130353009,95.8345202446599,1.210985539946705,0.5334440816611068,2.127384305000305,0.760301837483966,118,27,6,0,14,38,0.697532402,"Cam Smith",35108,701358
"Chase Meidroth","CHW",32,139,1,21,3,1,0.107913669,0.223021582,0.083333334,0.348314606,0.266666666,0.345588235,0.35,0.3184952915591352,0.3017541390878183,97.93602679887843,-0.019065966363996267,-0.3596851734204503,-0.8243663311004639,0.3766323140265944,120,32,7,0,15,31,0.695588235,"Chase Meidroth",31580,805367
"Brett Sullivan","COL",19,56,0,2,7,0,0.053571428,0.178571428,0.115384615,0.333333333,0.269230769,0.309090909,0.384615384,0.3094572013074702,0.2686974958939986,79.69566728546947,0.7383461589924991,-0.5981300444138156,-0.6042113304138184,0.06103386851823202,52,14,6,0,3,10,0.693706293,"Brett Sullivan",18217,664954
"Jesús Sánchez","TOR",33,114,4,11,15,1,0.043859649,0.175438596,0.153846153,0.26506024,0.25,0.289473684,0.403846153,0.30075858546569284,0.33829535425236795,86.88937193477953,0.3477034978568554,-1.4268072237554092,-2.050795316696167,0.054113527168785286,104,26,4,0,5,20,0.693319837,"Jesus Sanchez",19913,660821
"Francisco Alvarez","NYM",31,107,4,9,8,0,0.084112149,0.214953271,0.161290323,0.253731343,0.225806451,0.304761904,0.387096774,0.3108220072019668,0.33128233410063246,97.71334543364335,0.05676687741652131,-0.23081983923007376,0.378187358379364,0.36511448625035425,93,21,3,0,9,23,0.691858678,"Francisco Alvarez",26121,682626
"Brandon Lockridge","MIL",26,93,0,8,10,5,0.107526881,0.268817204,0.048780488,0.403508771,0.280487804,0.358695652,0.329268292,0.31898677673028863,0.2672696794782366,100.67987996047867,0.9138490003533661,0.9881679684708021,-0.736374668776989,0.32991699221440546,82,23,4,0,10,25,0.687963944,"Brandon Lockridge",21496,663604
"Alex Bregman","CHC",34,156,3,12,12,1,0.115384615,0.153846153,0.110294118,0.272727272,0.242647058,0.333333333,0.352941176,0.31167422609944495,0.3240227141937652,96.76981522813198,-0.12076734052971005,-0.7130601302200996,-0.6041498482227325,0.3765868156718106,136,33,4,1,18,24,0.686274509,"Alex Bregman",17678,608324
"Will Benson","CIN",26,57,2,6,4,1,0.140350877,0.298245614,0.204081633,0.233333333,0.183673469,0.298245614,0.387755102,0.30176276926483425,0.2870958822744864,83.32521143947756,-0.032082990277558565,-1.149254041203446,-2.5710299611091614,-0.1916351017561225,49,9,2,1,8,17,0.686000716,"Will Benson",21853,666181
"Kyle Tucker","LAD",33,146,3,23,16,3,0.116438356,0.198630136,0.125984252,0.278350515,0.236220472,0.321917808,0.362204724,0.3101129266497207,0.3156213629735659,94.4180191869917,0.0778997321613133,-0.8800124075459288,-1.435518260113895,0.24238763463899235,127,30,7,0,17,29,0.684122532,"Kyle Tucker",18345,663656
"Ceddanne Rafaela","BOS",32,117,1,13,10,1,0.051282051,0.23076923,0.103773585,0.333333333,0.254716981,0.324786324,0.358490566,0.3113530431038294,0.2938662985096807,89.23413785891447,-0.4802690581418574,-1.9757640235664478,0.9638915956020355,0.3154738934607374,106,27,4,2,6,27,0.68327689,"Ceddanne Rafaela",24262,678882
"Daylen Lile","WSN",34,151,3,20,14,1,0.086092715,0.185430463,0.123188406,0.289719626,0.246376811,0.311258278,0.369565217,0.30482191205024717,0.33219092964325975,90.33887674667616,-0.9527590465731919,-2.667462616490999,-0.048344969749450684,0.21806214496957135,138,34,8,0,13,28,0.680823495,"Daylen Lile",29995,695734
"Roman Anthony","BOS",29,129,1,12,5,2,0.155038759,0.255813953,0.092592593,0.324324324,0.231481481,0.356589147,0.324074074,0.3166486984118819,0.35358588151105746,92.78745701634938,0.8498883908614516,-0.2547710382935646,-1.3766204714775085,0.2954070525396822,108,25,5,1,20,33,0.680663221,"Roman Anthony",31812,701350
"Isaac Collins","KCR",29,105,2,12,11,1,0.123809523,0.285714285,0.101123595,0.327586206,0.235955056,0.342857142,0.337078651,0.3154116817883083,0.29712820507231213,93.12801794240337,-1.3263989822007716,-2.1830848353527244,-3.8651567697525024,-0.239363218077247,89,21,3,0,13,30,0.679935793,"Isaac Collins",25477,686555
"Trea Turner","PHI",33,148,4,21,11,3,0.081081081,0.195945945,0.132352942,0.281553398,0.242647058,0.304054054,0.375,0.3056935680073661,0.28756383947423986,89.28573184033898,0.6431581932120025,-1.2206821557002492,-0.4557204246520996,0.3138976534840605,136,33,6,0,12,29,0.679054054,"Trea Turner",16252,607208
"Adolis García","PHI",33,133,3,10,11,1,0.082706766,0.255639097,0.134453782,0.301204819,0.235294117,0.308270676,0.369747899,0.3057458436578736,0.3259590550472862,89.32116254184014,-0.09266722202301025,-1.7620660304394042,0.9510601758956909,0.3527782668514673,119,28,5,1,11,34,0.678018575,"Adolis Garcia",19287,666969
"Javier Báez","DET",24,82,2,10,6,1,0.024390243,0.195121951,0.141025641,0.295081967,0.256410256,0.280487804,0.397435897,0.29805935737563344,0.2941689903353467,84.23014999432093,-0.43950919061899185,-1.9748036910480047,-0.8306286931037903,0.00802318757879468,78,20,5,0,2,16,0.677923701,"Javier Baez",12979,595879
"Kody Clemens","MIN",24,90,3,8,9,4,0.1,0.288888888,0.166666666,0.265306122,0.205128205,0.303370786,0.371794871,0.3070192229881715,0.3392881543448802,89.73871697172987,0.406182499602437,-0.6902816976673121,-0.13904643058776855,0.23749181572273062,78,16,4,0,9,26,0.675165657,"Kody Clemens",20572,665019
"Nolan Schanuel","LAA",32,138,3,11,19,0,0.072463768,0.144927536,0.12,0.269230769,0.248,0.304347826,0.368,0.3013451898443526,0.30078492648359656,85.51443684870765,-0.2847366645000875,-2.658102844702283,-1.3786157369613647,0.08309187470852125,125,31,6,0,10,20,0.672347826,"Nolan Schanuel",33189,694384
"Jo Adell","LAA",35,151,4,14,20,2,0.026490066,0.211920529,0.09859155,0.317757009,0.267605633,0.304635761,0.366197183,0.30160749037534196,0.31127291361490883,85.69043725801538,0.12946785613894463,-2.435923279619409,-4.388903498649597,-0.15383004726030305,142,38,2,0,4,32,0.670832944,"Jo Adell",20220,666176
"George Springer","TOR",18,75,2,4,7,1,0.106666666,0.2,0.151515151,0.244897959,0.212121212,0.306666666,0.363636363,0.3052918918927511,0.30315216064453127,89.93116443009067,-0.3244464988820255,-1.2210301002524937,-1.9444444179534912,-0.05360215859593412,66,14,4,0,8,15,0.670303029,"George Springer",12856,543807
"Adrian Del Castillo","ARI",18,66,3,7,13,0,0.045454545,0.318181818,0.19047619,0.282051282,0.222222222,0.257575757,0.412698412,0.2941787504788601,0.2612671191875751,82.11275101745868,-0.11278460966423154,-1.500409143528337,-0.05826988071203232,0.05753612248079105,63,14,3,0,3,21,0.670274169,"Adrian Del Castillo",29554,680728
"Tristan Peters","CHW",31,83,0,8,5,4,0.072289156,0.240963855,0.040540541,0.388888888,0.283783783,0.345679012,0.324324324,0.3090688431704486,0.28010497858494887,91.6109966189196,0.8760302448645234,0.04934775071917519,2.274035394191742,0.5329272397338435,74,21,1,1,6,20,0.670003336,"Tristan Peters",30063,671976
"Chandler Simpson","TBR",33,142,0,16,7,11,0.049295774,0.098591549,0.038461538,0.330508474,0.3,0.330935251,0.338461538,0.3019113184736787,0.26271142821381055,86.18801490697685,0.763450204860419,-1.565148891646365,1.4679124355316162,0.4978301303969891,130,39,1,2,7,14,0.669396789,"Chandler Simpson",31912,802415
"Francisco Lindor","NYM",24,105,2,14,5,2,0.104761904,0.18095238,0.129032258,0.263888888,0.225806451,0.314285714,0.354838709,0.3049250983056568,0.34075023106166297,93.71661623264387,-0.2618356575258076,-1.0373098814273525,3.0459251403808594,0.5477601154355491,93,21,2,2,11,19,0.669124423,"Francisco Lindor",12916,596019
"Andruw Monasterio","BOS",17,51,1,5,8,1,0.098039215,0.176470588,0.152173913,0.25,0.217391304,0.294117647,0.369565217,0.2989757925856347,0.3417699851241766,80.92915597767382,-0.7700560903176665,-1.9248124679817677,-1.904731661081314,-0.20691363185704284,46,10,4,0,5,9,0.663682864,"Andruw Monasterio",19455,655316
"Agustín Ramírez","MIA",31,129,2,14,14,3,0.100775193,0.217054263,0.115044248,0.285714285,0.230088495,0.317829457,0.345132743,0.2999366521835327,0.2829844355583191,85.65555270491205,0.32653793692588806,-1.8484558037014431,-1.9691692907363176,0.034075345762555144,113,26,5,1,13,28,0.6629622,"Agustin Ramirez",26546,682663
"Eugenio Suárez","CIN",25,100,3,10,11,0,0.09,0.3,0.131868132,0.310344827,0.23076923,0.3,0.362637362,0.29982329964637755,0.27300089413357764,82.01070328023032,0.22605222091078758,-1.8884038518055397,-3.017808675765991,-0.17147268584322786,91,21,3,0,9,30,0.662637362,"Eugenio Suarez",12552,553993
"Jorge Barrosa","ARI",26,76,1,9,7,0,0.052631578,0.289473684,0.202898551,0.282608695,0.20289855,0.256756756,0.405797101,0.2903781613788089,0.22560263968802788,79.53683782221157,0.22660236433148384,-1.6013750290010957,1.0860771834850311,0.1963155661233792,69,14,9,1,4,22,0.662553857,"Jorge Barrosa",23968,678489
"Austin Wells","NYY",26,96,3,8,5,0,0.166666666,0.1875,0.126582279,0.220338983,0.202531645,0.333333333,0.329113924,0.30059937466966347,0.328089847359606,87.30319268441168,-0.16925075557082891,-1.6164090602073509,3.7355673909187317,0.5586492564758554,79,16,1,0,16,18,0.662447257,"Austin Wells",27562,669224
"Marcelo Mayer","BOS",30,97,1,7,7,2,0.072164948,0.175257731,0.104651163,0.289855072,0.244186046,0.3125,0.348837209,0.30025595364471275,0.2912077652780633,81.78812820135822,0.21578287100419402,-1.881594596569704,1.1317743957042694,0.27060170741402506,86,21,6,0,7,17,0.661337209,"Marcelo Mayer",29668,691785
"Nick Fortes","TBR",27,89,1,5,8,0,0.02247191,0.123595505,0.095238096,0.291666666,0.261904761,0.303370786,0.357142857,0.2983124517322926,0.29996908380744164,83.7732198734373,-1.031767591368407,-2.7464063535200207,1.9794009923934937,0.24025128653785136,84,22,5,0,2,11,0.660513643,"Nick Fortes",21538,663743
"J.P. Crawford","SEA",27,115,2,15,7,1,0.173913043,0.156521739,0.096774193,0.232876712,0.204301075,0.356521739,0.301075268,0.31538533853447953,0.3764003619813083,102.58734133841796,-0.5275747086852789,-0.1743087037035969,-1.6300897598266602,0.22776511621938972,93,19,3,0,20,18,0.657597007,"J.P. Crawford",15491,641487
"J.T. Realmuto","PHI",19,68,1,6,5,0,0.073529411,0.176470588,0.083333333,0.291666666,0.25,0.323529411,0.333333333,0.30127216349629793,0.2927181019502528,86.28905055705263,-0.018113609869033098,-1.113988369149122,2.5843579471111298,0.3719743406060392,60,15,2,0,5,12,0.656862744,"J.T. Realmuto",11739,592663
"Pete Crow-Armstrong","CHC",34,140,3,20,13,6,0.071428571,0.278571428,0.118110236,0.317647058,0.236220472,0.302158273,0.354330708,0.29475905713827716,0.30207714136096014,85.30527492138866,0.035243688616901636,-2.382854785644646,7.82497251033783,1.0112954146476643,127,30,4,1,10,39,0.656488981,"Pete Crow-Armstrong",27769,691718
"Michael Busch","CHC",33,145,2,15,17,0,0.117241379,0.227586206,0.120967742,0.274725274,0.217741935,0.317241379,0.338709677,0.3006060649608744,0.2992570811304553,89.26818283025423,-1.090019991621375,-2.919070715062006,0.5070919990539551,0.2293116920023074,124,27,7,1,17,33,0.655951056,"Michael Busch",26319,683737
"Luis Robert Jr.","NYM",24,98,2,10,8,2,0.132653061,0.173469387,0.105882353,0.257575757,0.223529411,0.326530612,0.329411764,0.30443016181186755,0.32452960890166616,93.38116469826365,-0.9475722541101277,-1.7099884831465644,0.5578532367944717,0.2035733471104368,85,19,3,0,13,17,0.655942376,"Luis Robert Jr.",20043,673357
"Matt Chapman","SFG",34,145,1,16,12,0,0.096551724,0.234482758,0.084615384,0.326315789,0.246153846,0.324137931,0.33076923,0.30128043150079664,0.2674764619840609,90.3312587585731,-0.34283928060904145,-1.9907072868072033,2.6918194591999054,0.5457479747160809,130,32,6,1,14,34,0.654907161,"Matt Chapman",16505,656305
"Jorbit Vivas","WSN",28,82,0,12,3,0,0.073170731,0.121951219,0.043478261,0.3,0.260869565,0.35,0.304347826,0.30728351399302484,0.2880855560302734,92.00726887192894,-0.056077619548887014,-0.8264372889887699,1.3480028212070465,0.3213433352430504,69,18,3,0,6,10,0.654347826,"Jorbit Vivas",23917,678391
"Danny Jansen","TEX",23,81,2,6,8,0,0.086419753,0.320987654,0.164383561,0.288888888,0.205479452,0.283950617,0.369863013,0.29391306859475597,0.24697478023576147,83.09187661502135,-0.4346799924969673,-2.060718051793776,0.399944543838501,0.12079885364104481,73,15,4,1,7,26,0.65381363,"Danny Jansen",16535,643376
"Brady House","WSN",32,128,4,14,15,1,0.078125,0.3125,0.13559322,0.31081081,0.228813559,0.2890625,0.364406779,0.2942011118866503,0.3049260973930359,83.14045077499638,-0.8110073613934219,-3.347539739543679,-1.5594850480556488,-0.07993113140172053,118,27,4,0,10,40,0.653469279,"Brady House",29993,691781
"Cal Raleigh","SEA",33,147,7,13,18,2,0.108843537,0.292517006,0.19379845,0.209876543,0.186046511,0.272108843,0.379844961,0.2906364993173249,0.3219405712724543,85.98117658655617,-0.5962583082728088,-3.0429496170778454,4.804675221443176,0.7046652578452633,129,24,4,0,16,43,0.651953804,"Cal Raleigh",21534,663728
"Richie Palacios","TBR",23,63,1,8,5,4,0.158730158,0.206349206,0.081632653,0.25,0.204081632,0.365079365,0.285714285,0.3155003682015434,0.35940786267890307,95.30609905719213,-0.7330723251216114,-1.0841674094885643,-1.5443532913923264,-0.04192782734145285,49,10,1,0,10,13,0.65079365,"Richie Palacios",24589,680700
"Trent Grisham","NYY",33,128,5,18,19,1,0.1640625,0.171875,0.190476191,0.15,0.161904761,0.296875,0.352380952,0.29636075953021646,0.36469948291778564,84.45913439514032,-1.034998010378331,-3.3967563288075504,-0.12586280703544617,0.09959402846823186,105,17,3,1,21,22,0.649255952,"Trent Grisham",18564,663757
"Jake Mangum","PIT",29,79,0,13,3,5,0.088607594,0.215189873,0.028571429,0.358490566,0.271428571,0.346153846,0.3,0.2972783794650784,0.2908487319946289,83.30694109243734,1.2156436555087566,-0.33441273969254137,-1.1583722531795502,0.10677382084609255,70,19,2,0,7,17,0.646153846,"Jake Mangum",26202,663968
"Eli White","ATL",21,53,2,7,9,0,0.037735849,0.188679245,0.18,0.23076923,0.22,0.245283018,0.4,0.27900256863180195,0.27099827100645824,72.34434910459618,0.001734571997076273,-1.7211026096096973,-1.3979625701904297,-0.1436121847543677,50,11,1,1,2,10,0.645283018,"Eli White",19346,642201
"Fernando Tatis Jr.","SDP",32,139,0,12,13,9,0.100719424,0.237410071,0.050420168,0.344444444,0.260504201,0.333333333,0.310924369,0.29304175394294907,0.35888819450879617,86.10365873515832,0.8014080189168453,-1.46897825859291,2.161483883857727,0.5252394055865215,119,31,4,1,14,33,0.644257702,"Fernando Tatis Jr.",19709,665487
"Nolan Gorman","STL",33,126,5,13,21,0,0.087301587,0.277777777,0.151785714,0.253333333,0.214285714,0.277777777,0.366071428,0.282975070476532,0.29534033203125,77.6771151922912,-0.7226250399835408,-4.028644041038861,1.7482525706291199,0.18051362913970065,112,24,2,0,11,35,0.643849205,"Nolan Gorman",22263,669357
"Ben Williamson","TBR",29,96,0,13,10,3,0.09375,0.208333333,0.081395349,0.318181818,0.244186046,0.315789473,0.325581395,0.2939536822469611,0.28899038214432565,80.8485395054534,0.7138354294002056,-1.4690121488704708,-2.668216973543167,-0.0772936246846121,86,21,5,1,9,20,0.641370868,"Ben Williamson",33197,810938
"Josh Bell","MIN",33,135,3,21,17,0,0.103703703,0.185185185,0.117647059,0.25,0.218487394,0.303703703,0.336134453,0.29280135499106513,0.3267047175654659,80.19870354691776,-0.6367171122692525,-3.8105033572027946,-4.049722611904144,-0.31628244910751463,119,26,5,0,14,25,0.639838156,"Josh Bell",13145,605137
"Willi Castro","COL",27,98,1,12,11,2,0.071428571,0.336734693,0.088888889,0.375,0.244444444,0.306122448,0.333333333,0.29195078173462224,0.2737444663534359,67.83039693077009,-0.3279341496527195,-4.0335147153463575,1.2706045508384705,0.03984294357838702,90,22,5,0,7,33,0.639455781,"Willi Castro",17338,650489
"Wyatt Langford","TEX",20,84,1,9,4,3,0.047619047,0.226190476,0.125,0.3,0.2375,0.273809523,0.3625,0.28235276752994176,0.28208114987327937,75.33505770408178,1.1625812710262835,-1.2972746432206614,2.0324071645736694,0.37506181284881984,80,19,3,2,4,19,0.636309523,"Wyatt Langford",33333,694671
"Jake Burger","TEX",34,141,6,13,20,0,0.035460992,0.304964539,0.171641791,0.26744186,0.21641791,0.24822695,0.388059701,0.2793546610690178,0.27366703114611035,73.32336538199439,-0.1573094129562378,-4.623121371818669,-2.4353426098823547,-0.21333306463773144,134,29,5,0,5,43,0.636286651,"Jake Burger",22275,669394
"Dustin Harris","- - -",17,52,0,6,5,4,0.115384615,0.134615384,0.069767442,0.27027027,0.232558139,0.333333333,0.302325581,0.2961934816603567,0.3354020399205825,83.1097523273682,0.687055126298219,-0.3557175452434431,0.24420592188835144,0.17458858860416743,43,10,1,1,6,7,0.635658914,"Dustin Harris",25705,687957
"Vinnie Pasquantino","KCR",32,138,4,14,16,0,0.115942028,0.210144927,0.162393162,0.204545454,0.188034188,0.282608695,0.35042735,0.28396234477775684,0.31669597349305084,72.02590211581371,-0.2634707735851407,-4.846846452291166,-0.039263248443603516,-0.00324616614033868,117,22,3,2,16,29,0.633036045,"Vinnie Pasquantino",27676,686469
"Yoán Moncada","LAA",31,105,3,9,9,0,0.142857142,0.352380952,0.136363637,0.270833333,0.181818181,0.314285714,0.318181818,0.2967498733883812,0.2812535579387958,82.43103639161033,-0.13093118742108345,-2.3211410063205284,-2.1598165575414896,-0.08005353077724114,88,16,1,1,15,37,0.632467532,"Yoan Moncada",17232,660162
"Ketel Marte","ARI",32,136,5,17,11,0,0.073529411,0.205882352,0.142857143,0.236559139,0.214285714,0.272058823,0.357142857,0.2827668588827638,0.3589157216689166,74.3781495198335,-0.14638695819303393,-4.242141135407337,0.8836460113525391,0.10365054956206908,126,27,3,0,10,28,0.62920168,"Ketel Marte",13613,606466
"Jazz Chisholm Jr.","NYY",33,134,3,14,12,9,0.104477611,0.268656716,0.118644068,0.275,0.211864406,0.298507462,0.330508474,0.28825054506757364,0.2810540632768111,79.01728088605833,0.8743477761745453,-2.4638867502707105,1.5841728746891022,0.38969006367558806,118,25,5,0,14,36,0.629015936,"Jazz Chisholm Jr.",20454,665862
"Matt Vierling","DET",27,78,1,7,13,1,0.076923076,0.179487179,0.142857143,0.245614035,0.214285714,0.269230769,0.357142857,0.2769050865601271,0.286178242076527,70.03589614324322,0.5869998154230416,-2.18789276472171,-1.599683552980423,-0.10611057638401157,70,15,7,0,6,14,0.626373626,"Matt Vierling",21558,663837
"Austin Riley","ATL",35,148,4,18,21,3,0.087837837,0.263513513,0.136363636,0.255555555,0.204545454,0.283783783,0.34090909,0.28387759182904215,0.2920436601381044,75.64847808311099,0.7417876422405243,-3.4943718816550122,-0.8376048803329468,0.04396656164268793,132,27,6,0,13,39,0.624692873,"Austin Riley",18360,663586
"Tyler O'Neill","BAL",16,54,1,9,4,0,0.148148148,0.222222222,0.068181818,0.258064516,0.204545454,0.351851851,0.272727272,0.3044781618648105,0.3043369010642723,90.21959856512154,-0.30411779414862394,-0.931165697148203,-1.53244948387146,-0.05734473092113129,44,9,0,0,8,12,0.624579123,"Tyler O'Neill",15711,641933
"Dylan Beavers","BAL",26,95,2,12,10,3,0.105263157,0.231578947,0.108433735,0.266666666,0.216867469,0.29787234,0.325301204,0.28518525907333864,0.30228233337402344,77.27429961652419,0.5475873625837266,-2.015663789205371,-5.077340483665466,-0.3813146881177653,83,18,3,0,10,22,0.623173544,"Dylan Beavers",31695,687637
"Jonathan India","KCR",17,58,2,8,8,0,0.137931034,0.224137931,0.145833334,0.181818181,0.166666666,0.310344827,0.3125,0.2946710350184605,0.2858998528842268,79.21130070576116,0.3439194797538221,-1.0876274508311154,-1.7055812627077103,-0.07654511701671023,48,8,1,0,8,13,0.622844827,"Jonathan India",21523,663697
"David Hamilton","MIL",28,99,0,16,7,7,0.121212121,0.181818181,0.024691358,0.317460317,0.24691358,0.351063829,0.271604938,0.29831179088734566,0.3048626684373425,86.6670605152863,0.7354335053823888,-0.8160443620838729,0.9495332986116409,0.33752545076933815,81,20,2,0,12,18,0.622668767,"David Hamilton",27531,666152
"Sal Frelick","MIL",32,121,3,16,9,1,0.115702479,0.107438016,0.108910891,0.206896551,0.207920792,0.305084745,0.316831683,0.2835671076407799,0.30266394981971156,76.67360341305553,-0.16511639673262835,-3.482666628978042,-1.1024427115917206,-0.07011542842189102,101,21,2,0,14,13,0.621916428,"Sal Frelick",29622,686217
"Yainer Diaz","HOU",26,106,2,7,14,0,0.028301886,0.150943396,0.108910891,0.270588235,0.247524752,0.264150943,0.356435643,0.27285410491925366,0.25752229510613206,68.13768467350553,-1.0758148576132953,-5.085714245162619,-1.6990569829940796,-0.31065377870516375,101,25,5,0,3,16,0.620586586,"Yainer Diaz",23003,673237
"Carlos Narváez","BOS",21,74,2,7,3,1,0.04054054,0.297297297,0.128571429,0.304347826,0.228571428,0.260273972,0.357142857,0.2746011982225392,0.2655802948834145,64.57410489015449,-0.009918143041431904,-3.12237135376047,3.673030123114586,0.32055611176396814,70,16,3,0,3,22,0.617416829,"Carlos Narvaez",19722,665966
"Nick Yorke","PIT",23,78,1,6,6,0,0.089743589,0.192307692,0.088235294,0.264150943,0.220588235,0.307692307,0.308823529,0.2856304385723212,0.32866331247182995,75.41235321323005,0.17472961731255054,-2.0794890939650785,0.5744249783456326,0.10225339518335469,68,15,3,0,7,15,0.616515836,"Nick Yorke",27504,694377
"Kyle Karros","COL",33,115,1,15,4,2,0.165217391,0.226086956,0.063829787,0.275362318,0.212765957,0.339130434,0.276595744,0.293999123055002,0.3568914647687945,69.21869471741189,0.9027944165281951,-3.2579338614585076,0.9840811789035797,0.1451830878680622,94,20,3,0,19,26,0.615726178,"Kyle Karros",33252,691720
"Nathan Lukes","TOR",20,56,0,5,8,0,0.017857142,0.125,0.076923076,0.282608695,0.25,0.285714285,0.326923076,0.27548465558460783,0.2815538304192679,69.93087784745347,-0.5063614528626204,-2.505574399880026,0.6514946222305298,0.011763601457139929,52,13,4,0,1,7,0.612637361,"Nathan Lukes",18123,664770
"Josh Naylor","SEA",32,138,4,8,17,4,0.079710144,0.173913043,0.112,0.234693877,0.216,0.282608695,0.328,0.27477378914826106,0.3127395741260835,75.33749442566038,-1.0954394191503525,-5.136232037141438,-2.029823124408722,-0.23499573345900715,125,27,2,0,11,24,0.610608695,"Josh Naylor",18839,647304
"Jackson Merrill","SDP",32,136,3,19,15,6,0.073529411,0.235294117,0.12195122,0.261363636,0.211382113,0.276119402,0.333333333,0.27341761580087187,0.2990671793619792,72.80306899636032,1.546778209041804,-2.8007588219698043,0.9996577501296997,0.2619549493595726,123,26,6,0,10,32,0.609452735,"Jackson Merrill",29490,701538
"Steven Kwan","CLE",33,145,1,15,9,2,0.110344827,0.117241379,0.064,0.25,0.224,0.319444444,0.288,0.28273155514176906,0.2855100428804438,75.3700080251381,0.038193543907254934,-4.201969454375724,1.2946651289239526,0.22292157247038077,125,28,5,0,16,17,0.607444444,"Steven Kwan",24610,680757
"Darell Hernaiz","ATH",21,57,1,5,4,2,0.122807017,0.140350877,0.06122449,0.25,0.224489795,0.321428571,0.285714285,0.286788315645286,0.25384247303009033,74.11790418138989,0.5561650604940951,-1.1953931524093886,1.5346980690956116,0.2382899785608899,49,11,0,0,7,8,0.607142856,"Darell Hernaiz",26224,687231
"Joc Pederson","TEX",31,93,2,11,6,0,0.129032258,0.236559139,0.089743589,0.25,0.205128205,0.311827956,0.294871794,0.2839198830307171,0.30588416643040156,76.38657280597121,0.12234687153249979,-2.484960616476795,-3.1755828857421875,-0.24286027922470133,78,16,1,0,12,22,0.60669975,"Joc Pederson",11899,592626
"Alex Freeland","LAD",28,92,1,8,6,0,0.076086956,0.29347826,0.085365853,0.327272727,0.231707317,0.288888888,0.31707317,0.27541491256819833,0.3003686481051975,70.90085646075566,-0.2421236182563007,-3.3888031570844346,1.1598299443721771,0.07448228183873248,82,19,4,0,7,27,0.605962058,"Alex Freeland",31665,690976
"Salvador Perez","KCR",33,139,5,13,13,0,0.028776978,0.208633093,0.152671755,0.224489795,0.20610687,0.244604316,0.358778625,0.26428565814875177,0.28369347945503565,58.823088963044725,-0.7774970107711852,-7.572956747758239,-2.1458194255828857,-0.490896661195328,131,27,5,0,4,29,0.603382941,"Salvador Perez",7304,521692
"Kyle Stowers","MIA",12,53,0,6,1,0,0.113207547,0.245283018,0.065217391,0.303030303,0.217391304,0.320754716,0.282608695,0.2776054178292935,0.3052317179166354,70.52018297013456,-0.28119127778336406,-2.1176667625985663,-0.40226197242736816,-0.08271177541229213,46,10,3,0,6,13,0.603363411,"Kyle Stowers",26151,669065
"Tyler Stephenson","CIN",27,93,2,5,6,0,0.129032258,0.279569892,0.125,0.245283018,0.1875,0.29032258,0.3125,0.2784113095652673,0.34271138647328253,67.49836681489421,-0.25444430066272616,-3.8072594751940487,-0.8709447383880615,-0.17120235919990384,80,15,4,0,12,26,0.60282258,"Tyler Stephenson",17988,663886
"Jacob Young","WSN",33,119,2,11,15,1,0.042016806,0.201680672,0.098214285,0.279069767,0.232142857,0.27118644,0.330357142,0.27102252739970967,0.29924618995795815,67.43077523383992,0.33847045386210084,-4.217059060952013,-0.3878776729106903,-0.07867540291515686,112,26,5,0,5,24,0.601543582,"Jacob Young",29931,696285
"Bo Bichette","NYM",34,150,2,16,15,1,0.053333333,0.193333333,0.078571429,0.288288288,0.242857142,0.28,0.321428571,0.27057495633761086,0.3187842051188151,70.4352296831459,-0.374347407836467,-5.58689760716432,2.1959734857082367,0.14616629906883716,140,34,5,0,8,29,0.601428571,"Bo Bichette",19612,666182
"Matt McLain","CIN",34,143,2,13,9,5,0.125874125,0.258741258,0.097560975,0.261904761,0.195121951,0.307692307,0.292682926,0.283188906582919,0.3089276971951337,70.73646356131084,-0.25064300559461117,-5.169308949741074,0.8901777565479279,0.03297670435770955,123,24,6,0,18,37,0.600375233,"Matt McLain",29695,680574
"Royce Lewis","MIN",22,84,3,7,10,2,0.107142857,0.297619047,0.148648649,0.217391304,0.175675675,0.273809523,0.324324324,0.27528925027166096,0.2940817333403088,68.44829806039665,0.4310427801683545,-2.715635597973812,-2.02614364027977,-0.18164971922327489,74,13,2,0,9,25,0.598133847,"Royce Lewis",20437,668904
"Lenyn Sosa","- - -",25,77,1,8,9,0,0,0.22077922,0.12,0.293103448,0.24,0.236842105,0.36,0.2589682081812306,0.2642763162914075,58.70485368537258,0.1541537824086845,-3.62104664648081,-1.4780151098966599,-0.24299455877676882,75,18,6,0,0,17,0.596842105,"Lenyn Sosa",22896,672820
"Luis García Jr.","WSN",33,112,1,14,16,2,0.035714285,0.169642857,0.102803739,0.272727272,0.233644859,0.258928571,0.336448598,0.2638172246515751,0.3025074351917614,62.54726009024811,-0.2959458972327411,-5.226390679190867,-2.9656600952148438,-0.4662007363550632,107,25,6,1,4,19,0.595377169,"Luis Garcia Jr.",20391,671277
"Ramón Urías","STL",25,68,2,9,5,0,0.088235294,0.176470588,0.157894737,0.159090909,0.157894736,0.279411764,0.315789473,0.2766095855656792,0.3072036013883703,73.36280071515105,-0.46116442512720823,-2.590195275663593,-1.1399440318346024,-0.15664167445041938,57,9,3,0,6,12,0.595201237,"Ramon Urias",18795,602104
"Andrew Benintendi","CHW",32,108,2,11,15,0,0.055555555,0.351851851,0.15,0.29032258,0.2,0.24074074,0.35,0.2589316539190434,0.2907170447233681,57.96956327335071,0.22594299027696252,-5.163426226740132,-3.850632071495056,-0.5301031733529376,100,20,5,2,6,38,0.59074074,"Andrew Benintendi",17901,643217
"Bryson Stott","PHI",28,106,2,8,11,6,0.056603773,0.179245283,0.12371134,0.236842105,0.206185567,0.259615384,0.329896907,0.26513755837312114,0.2902740698594313,61.79821408631167,1.6369736646302044,-3.1226653274010543,2.4591012001037598,0.27941344465346807,97,20,2,2,6,19,0.589512291,"Bryson Stott",26294,681082
"Ryan McMahon","NYY",32,90,2,8,8,1,0.111111111,0.311111111,0.1,0.28,0.2,0.288888888,0.3,0.27361794710159304,0.29756156073676215,69.1989887860231,-0.013464958406984806,-3.304691400830055,0.8822481334209442,0.07555647536782316,80,16,2,0,10,28,0.588888888,"Ryan McMahon",15112,641857
"Evan Carter","TEX",34,121,3,11,9,5,0.132231404,0.231404958,0.13,0.2,0.17,0.288135593,0.3,0.27495086748721237,0.30925459780935516,70.36847440262426,1.0760119925253093,-3.1808508919240133,2.117074102163315,0.3244997725412961,100,17,4,0,16,28,0.588135593,"Evan Carter",27790,694497
"Kyle Higashioka","TEX",15,54,1,5,4,0,0.111111111,0.277777777,0.083333333,0.28125,0.208333333,0.296296296,0.291666666,0.27455687522888184,0.2929578533879033,70.10411047446638,-0.49988966155797243,-2.4165957354458154,-0.5510179400444031,-0.10857465507073755,48,10,1,0,6,15,0.587962962,"Kyle Higashioka",5517,543309
"TJ Friedl","CIN",32,134,2,13,7,4,0.074626865,0.21641791,0.101694915,0.252873563,0.20338983,0.282442748,0.305084745,0.27153502393314854,0.2544400072473241,62.837848556336866,0.9304767590947449,-4.92267964528708,0.9544082870706916,0.035124057903711266,118,24,6,0,10,29,0.587527493,"TJ Friedl",19522,670770
"Brett Baty","NYM",31,108,1,12,12,2,0.083333333,0.277777777,0.094736842,0.287878787,0.210526315,0.280373831,0.305263157,0.2669249149126427,0.2896155776264511,67.96135270716674,0.32195382937788963,-3.745123302989315,-2.934891939163208,-0.32559605280809834,95,20,4,1,9,30,0.585636988,"Brett Baty",26123,683146
"Owen Caissie","MIA",31,101,2,10,15,1,0.04950495,0.425742574,0.130434782,0.34,0.206521739,0.247524752,0.336956521,0.2578115681610485,0.2783105087280273,57.10456838962577,0.7069401503540576,-4.385394049585695,-3.183805465698242,-0.4388849770883827,92,19,6,0,5,43,0.584481273,"Owen Caissie",27496,683357
"Victor Caratini","MIN",25,101,1,6,13,0,0.08910891,0.168316831,0.048192771,0.246376811,0.216867469,0.316831683,0.26506024,0.2759228649705944,0.34198005600730974,68.87344567994224,-1.4456110121682286,-5.178135798711486,0.7480700612068176,-0.0891823310258284,83,18,1,0,9,17,0.581891923,"Victor Caratini",14968,605170
"Willy Adames","SFG",33,140,3,12,6,0,0.042857142,0.307142857,0.15037594,0.264367816,0.195488721,0.235714285,0.345864661,0.25802362859249117,0.26559644426618306,61.01323293089125,-1.6373258349485695,-8.052814485595114,-1.1855729818344116,-0.48093358151312704,133,26,11,0,6,43,0.581578946,"Willy Adames",15986,642715
"Luke Keaschall","MIN",34,143,1,14,15,7,0.069930069,0.16083916,0.076923077,0.259259259,0.223076923,0.279720279,0.3,0.26438277001147503,0.2766501466992875,61.13018481579502,1.6704455614089966,-4.928868431541659,-0.5852916836738586,-0.049208342353080144,130,29,7,0,10,23,0.579720279,"Luke Keaschall",33321,807712
"Logan O'Hoppe","LAA",26,93,1,9,8,0,0.118279569,0.247311827,0.051282051,0.272727272,0.205128205,0.322580645,0.256410256,0.27957232664990167,0.2899878336035687,70.90511516883741,-0.9559697899967432,-4.16851960158195,-0.475798636674881,-0.13956405163103722,78,16,1,0,11,23,0.578990901,"Logan O'Hoppe",24729,681351
"Davis Schneider","TOR",27,65,1,13,7,0,0.215384615,0.307692307,0.117647059,0.2,0.137254901,0.323076923,0.25490196,0.28516540435644294,0.3024054894080529,76.42654043655166,0.19480576226487756,-1.6244215133575772,0.1183742880821228,0.07931911025559518,51,7,3,0,14,20,0.577978883,"Davis Schneider",23565,676914
"Brenton Doyle","COL",33,98,1,14,3,7,0.091836734,0.346938775,0.06741573,0.333333333,0.213483146,0.285714285,0.280898876,0.2635392911580144,0.2538219652677837,48.57403126052785,0.560473021119833,-5.3632267498366,-0.3555346429347992,-0.26061040277641423,89,19,3,0,9,34,0.566613161,"Brenton Doyle",25479,686668
"Matt Wallner","MIN",29,117,3,12,8,0,0.085470085,0.358974358,0.116504854,0.258620689,0.174757281,0.273504273,0.291262135,0.2644465479076418,0.2939714611086071,61.172978994624174,-0.4116719728335738,-5.805166118962362,-2.7017226219177246,-0.4463718688248953,103,18,3,0,10,42,0.564766408,"Matt Wallner",26466,670242
"Alek Thomas","ARI",25,92,2,10,10,4,0.032608695,0.228260869,0.160919541,0.21875,0.183908045,0.219780219,0.344827586,0.24910120518652948,0.2839117157325316,51.5606864108694,0.556844593025744,-4.681213246725888,1.2583641409873962,-0.04687159543430899,87,16,8,0,3,21,0.564607805,"Alek Thomas",23792,677950
"Kyle Manzardo","CLE",31,107,2,5,10,0,0.084112149,0.327102803,0.084210526,0.288135593,0.2,0.280373831,0.284210526,0.2626565605680519,0.2853740296273861,61.89993517207256,-1.1833807891234756,-6.023541383742816,-1.549680233001709,-0.3872219282731253,95,19,2,0,9,35,0.564584357,"Kyle Manzardo",29794,700932
"Josh Smith","TEX",31,108,0,6,6,2,0.129629629,0.185185185,0.02173913,0.273972602,0.217391304,0.324074074,0.239130434,0.2686855347357064,0.30700650896344867,66.16451368415038,0.23761408030986786,-4.100954409458484,-1.823996126651764,-0.21610470296094686,92,20,2,0,14,20,0.563204508,"Josh Smith",26396,669701
"Rafael Devers","SFG",34,140,2,9,12,0,0.057142857,0.307142857,0.091603053,0.298850574,0.213740458,0.257142857,0.305343511,0.25064114829619155,0.26304477194081183,56.0096327235882,-0.6717600454576313,-7.91061884847981,-3.990968704223633,-0.7516398234179399,131,28,6,0,8,43,0.562486368,"Rafael Devers",17350,646240
"Lawrence Butler","ATH",32,112,3,10,12,4,0.107142857,0.267857142,0.11,0.223880597,0.18,0.267857142,0.29,0.25508115957449146,0.30061257852090373,52.84279495688766,-0.5679650940001011,-6.8386699312785275,-1.1142759025096893,-0.4079424968250648,100,18,2,0,12,30,0.557857142,"Lawrence Butler",22542,671732
"Nasim Nuñez","WSN",32,116,0,16,12,14,0.120689655,0.189655172,0.01010101,0.285714285,0.222222222,0.324561403,0.232323232,0.2709301448704904,0.2831590886701617,67.36816142062264,1.9586337748914957,-2.490587602384128,0.9292571842670441,0.22088111312416855,99,22,1,0,14,22,0.556884635,"Nasim Nunez",25979,683083
"Jarren Duran","BOS",29,122,3,17,15,5,0.06557377,0.245901639,0.123893806,0.225,0.185840707,0.245901639,0.309734513,0.2521874611494971,0.30802844365437826,49.534764771048806,1.6515646120533347,-5.658183501763674,-0.5934739708900452,-0.19925717372237112,113,21,5,0,8,30,0.555636152,"Jarren Duran",24617,680776
"Jakob Marsee","MIA",33,151,1,19,8,10,0.139072847,0.245033112,0.079365079,0.235955056,0.174603174,0.3,0.253968253,0.2662737262248993,0.2792489480652265,62.839938365992396,1.675569852348417,-4.919780260825713,0.7831435799598694,0.07363916048491215,126,22,3,2,21,37,0.553968253,"Jakob Marsee",31370,805300
"Marcell Ozuna","PIT",29,121,3,10,13,0,0.074380165,0.264462809,0.108108108,0.236842105,0.189189189,0.256198347,0.297297297,0.2538988053306075,0.309410640171596,53.90570500099088,-0.39461605763062835,-6.950285233071938,-2.9166665077209473,-0.6069987495077103,111,21,3,0,9,32,0.553495644,"Marcell Ozuna",10324,542303
"Michael Massey","KCR",23,67,1,6,7,1,0.044776119,0.268656716,0.129032258,0.244444444,0.193548387,0.223880597,0.322580645,0.23900711625369628,0.24137852796867712,41.86150027143602,0.3672127448953688,-4.25754408608815,0.8861026912927628,-0.10314167053971374,62,12,5,0,3,18,0.546461242,"Michael Massey",27684,686681
"Trevor Story","BOS",32,139,2,11,18,2,0.050359712,0.294964028,0.092307693,0.280898876,0.207692307,0.244604316,0.3,0.24414755200310576,0.2580084766415383,44.14008525887067,0.5053644711151719,-8.713243529718055,0.5283412933349609,-0.33498301004848174,130,27,6,0,7,41,0.544604316,"Trevor Story",12564,596115
"Graham Pauley","MIA",26,75,1,7,9,1,0.053333333,0.253333333,0.128571429,0.24,0.185714285,0.229729729,0.314285714,0.24325283636917938,0.19192994607461467,47.23714301385076,-0.0019445409998297691,-4.65324129982282,0.6134067177772522,-0.1652152338202457,70,13,6,0,4,19,0.544015443,"Graham Pauley",31363,688363
"Marcus Semien","NYM",34,133,1,8,11,4,0.060150375,0.203007518,0.06557377,0.263157894,0.213114754,0.265151515,0.278688524,0.24946712138074817,0.2831108680138221,56.129039469700295,0.39812495233491063,-6.460124320614045,-1.0787615180015564,-0.3310904054820234,122,26,5,0,8,27,0.543840039,"Marcus Semien",12533,543760
"Tyrone Taylor","NYM",26,64,2,4,8,0,0.03125,0.15625,0.116666666,0.208333333,0.2,0.225806451,0.316666666,0.24152008660377994,0.25343401201309695,50.74280296631078,0.2543592448346317,-3.451032680697491,-1.632873773574829,-0.30733717430684904,60,12,1,0,2,10,0.542473117,"Tyrone Taylor",13675,621438
"Coby Mayo","BAL",29,94,3,9,12,1,0.085106382,0.29787234,0.14117647,0.2,0.164705882,0.234042553,0.305882352,0.24421294572505545,0.276634378636137,49.78238455107405,0.21701940149068832,-5.387446349872633,-0.43009303230792284,-0.2552429859078929,85,14,3,0,8,28,0.539924905,"Coby Mayo",28312,691723
"Keibert Ruiz","WSN",22,65,1,4,9,0,0.015384615,0.138461538,0.129032258,0.207547169,0.193548387,0.215384615,0.322580645,0.23595099265758807,0.21714206108680137,43.660452596599015,-0.2643294595181942,-4.568715283934029,2.239026367664337,-0.024106993401725868,62,12,5,0,1,9,0.53796526,"Keibert Ruiz",19610,660688
"Freddy Fermin","SDP",25,65,0,10,3,0,0.123076923,0.215384615,0.075471698,0.219512195,0.16981132,0.292307692,0.245283018,0.25804628133773805,0.28172604487492486,62.38488849070936,-0.027004993055015802,-2.9008291579015677,3.0157365202903748,0.2243788320641698,53,9,4,0,8,14,0.53759071,"Freddy Fermin",21840,666023
"Ezequiel Tovar","COL",35,132,1,9,9,2,0.053030303,0.28030303,0.090163934,0.270588235,0.196721311,0.25,0.286885245,0.24458757494435165,0.2880358840479995,35.72918679504892,0.6171891652047634,-9.354579808507646,0.5487711429595947,-0.46314157281434504,122,24,8,0,7,37,0.536885245,"Ezequiel Tovar",24064,678662
"Henry Davis","PIT",28,84,2,10,7,1,0.083333333,0.19047619,0.121621621,0.178571428,0.162162162,0.253012048,0.283783783,0.2499575227139944,0.2659968410629824,51.23443440817807,0.3152031973004341,-4.4995832974420535,2.518750961869955,0.07352673276011655,74,12,3,0,7,16,0.536795831,"Henry Davis",29617,680779
"Carson Benge","NYM",31,106,2,11,7,6,0.08490566,0.226415094,0.092783505,0.225352112,0.18556701,0.254716981,0.278350515,0.2462204762224881,0.29184987410059515,53.928571099327236,1.3214003285393119,-4.41873365131384,0.7753117084503174,-0.023480098765614105,97,18,3,0,9,24,0.533067496,"Carson Benge",35177,701807
"Jorge Polanco","NYM",14,61,1,3,2,0,0.081967213,0.180327868,0.107142857,0.204545454,0.178571428,0.245901639,0.285714285,0.2437899356982747,0.27043064305039705,52.28123137301487,-0.037970578763633966,-3.459368169973703,-1.7028077989816666,-0.32510990379504856,56,10,3,0,5,11,0.531615924,"Jorge Polanco",13152,593871
"Taylor Walls","TBR",22,82,0,11,4,5,0.109756097,0.25609756,0.044117647,0.276595744,0.19117647,0.294871794,0.235294117,0.2560959855715434,0.23272553976480062,55.44649367203775,0.49935672245919704,-3.8382085185238397,1.663019061088562,0.07208547682319108,68,13,3,0,9,21,0.530165911,"Taylor Walls",22458,670764
"Brent Rooker","ATH",18,77,3,7,12,2,0.09090909,0.324675324,0.132352942,0.19047619,0.161764705,0.233766233,0.294117647,0.2390961732183184,0.29200965881347657,42.117066988083494,0.3177033638348803,-4.973951782924238,-1.6782698053866625,-0.40086856287622624,68,11,0,0,7,25,0.52788388,"Brent Rooker",19627,667670
"Mike Yastrzemski","ATL",32,109,0,13,6,1,0.073394495,0.247706422,0.06,0.273972602,0.2,0.266055045,0.26,0.24475038707803148,0.2577927790650534,49.12935687374226,0.4548247270286083,-6.062632777453476,-0.10350573062896729,-0.27008974551354903,100,20,4,1,8,27,0.526055045,"Mike Yastrzemski",14854,573262
"Luis Rengifo","MIL",29,108,0,9,10,1,0.074074074,0.111111111,0.082474227,0.209302325,0.18556701,0.252336448,0.268041237,0.23542778559450833,0.2856599879714678,44.046368106936775,0.24361220467835665,-6.859301181932523,0.841426357626915,-0.2582914799674193,97,18,8,0,8,12,0.520377685,"Luis Rengifo",19858,650859
"Josh Lowe","LAA",31,96,4,7,10,1,0.052083333,0.28125,0.147727272,0.172413793,0.159090909,0.210526315,0.306818181,0.2315082305356076,0.25372683876439145,38.6547016557041,0.11159093864262104,-6.880431208559608,-1.2087125480175018,-0.478993806679385,88,14,1,0,5,27,0.517344496,"Josh Lowe",19953,666139
"Tim Tawa","ARI",19,53,1,3,6,0,0.113207547,0.207547169,0.111111111,0.176470588,0.155555555,0.25,0.266666666,0.24028501831568205,0.270053414737477,45.58536745516483,-0.5327189629897475,-3.922534394428108,-1.3626839518547058,-0.3637951091734418,45,7,2,0,6,11,0.516666666,"Tim Tawa",29571,694374
"Wenceel Pérez","DET",20,61,2,7,5,3,0.081967213,0.098360655,0.125,0.145833333,0.160714285,0.229508196,0.285714285,0.2359106120516042,0.32102081423900164,42.529111213602555,1.0586786712519825,-3.103570043133794,-1.421925127506256,-0.24190045086732637,56,9,1,0,5,6,0.515222481,"Wenceel Perez",22857,672761
"Juan Brito","CLE",15,56,0,7,3,0,0.071428571,0.303571428,0.078431372,0.264705882,0.176470588,0.25,0.25490196,0.23573941630976541,0.2570463589259556,43.838864578793775,0.009314962662756443,-3.7246839377263123,-1.5987845361232758,-0.34088927687842363,51,9,4,0,4,17,0.50490196,"Juan Brito",26693,682877
"Caleb Durbin","BOS",32,122,1,13,11,3,0.090163934,0.13114754,0.082568808,0.184782608,0.165137614,0.25409836,0.247706422,0.23728620810586898,0.2672194488777602,39.53620843956039,0.8323228769004345,-7.925688144112172,2.58348548412323,-0.10681383990000619,109,18,6,0,11,16,0.501804782,"Caleb Durbin",29646,702332
"Nick Castellanos","SDP",21,65,1,3,9,0,0.061538461,0.261538461,0.114754098,0.209302325,0.163934426,0.215384615,0.278688524,0.21611996367573738,0.28445878624916077,33.968621419845505,-0.1971457414329052,-5.241995106159874,-2.183236837387085,-0.5420535461244544,61,10,4,0,4,17,0.494073139,"Nick Castellanos",11737,592206
"Colton Cowser","BAL",28,70,0,8,3,0,0.114285714,0.314285714,0.033333333,0.282051282,0.183333333,0.275362318,0.216666666,0.23690171604571136,0.2797917628633803,44.87663994105077,-0.13642833521589637,-4.717678435978334,1.8775188326835632,-0.038412131210011066,60,11,2,0,8,22,0.492028984,"Colton Cowser",29591,681297
"Heriberto Hernández","MIA",22,74,0,4,9,3,0.135135135,0.189189189,0.031746032,0.204081632,0.158730158,0.283783783,0.19047619,0.23731707721143155,0.29495027902964,43.214082394631106,0.16671526618301868,-4.7724874355646305,-2.1401742696762085,-0.460501720685605,63,10,0,1,10,14,0.474259973,"Heriberto Hernandez",24878,681715
"Blaze Alexander","BAL",28,81,0,8,2,3,0.061728395,0.308641975,0.027397261,0.291666666,0.191780821,0.253164556,0.219178082,0.22366255597223209,0.3030639358713657,35.99332741768694,0.6400546627119184,-5.5154058397974195,-1.996671736240387,-0.47396852537473383,73,14,2,0,5,25,0.472342638,"Blaze Alexander",23789,677942
"Jake Cronenworth","SDP",31,111,1,13,4,1,0.126126126,0.207207207,0.052631579,0.183098591,0.147368421,0.27027027,0.2,0.23384046930450578,0.30594518163182716,45.978992200254275,0.2408711384050548,-6.80719779119893,-0.18087071180343628,-0.34709186619244453,95,14,2,0,14,23,0.47027027,"Jake Cronenworth",18036,630105
"Jordan Beck","COL",24,71,1,4,9,2,0.056338028,0.239436619,0.090909091,0.204081632,0.166666666,0.211267605,0.257575757,0.21219369139469846,0.23954148223434668,13.773687296372392,-0.053141328040510416,-7.249000337351702,-0.896002508699894,-0.5955823439837715,66,11,3,0,4,17,0.468843362,"Jordan Beck",31431,687597
"Leo Rivas","SEA",29,99,0,8,7,2,0.131313131,0.303030303,0.036585366,0.226415094,0.146341463,0.275510204,0.182926829,0.23068183599686137,0.24490266916703204,45.75233966995804,0.8268174924887717,-5.549449382816951,-0.10210925340652466,-0.22049429379872448,82,12,1,1,13,30,0.458437033,"Leo Rivas",21009,660844
"Victor Scott II","STL",32,99,1,10,5,5,0.07070707,0.272727272,0.047619048,0.228070175,0.166666666,0.236559139,0.214285714,0.2138062382257113,0.25252128684002423,30.796775591169414,0.07888804841786623,-7.973895146968179,1.0562715828418732,-0.3791988302393073,84,14,1,0,7,27,0.450844853,"Victor Scott II",31349,687363
"Edgar Quero","CHW",26,88,0,3,5,1,0.102272727,0.227272727,0.013513513,0.218181818,0.162162162,0.26744186,0.175675675,0.221617950949558,0.2525370205149931,32.9325304825842,-0.13235865626484156,-7.1395644428406015,0.2510830760002136,-0.3855537037808554,74,12,1,0,9,20,0.443117535,"Edgar Quero",28022,700337
"Alec Bohm","PHI",32,131,1,7,15,0,0.06870229,0.167938931,0.051282051,0.18556701,0.162393162,0.229007633,0.213675213,0.2084404694215032,0.2695280515230619,23.37080830319146,-0.3292985176667571,-12.128429498362632,2.227643460035324,-0.5777150042590001,117,19,3,0,9,22,0.442682846,"Alec Bohm",21618,664761
"Joey Ortiz","MIL",28,83,0,11,8,4,0.096385542,0.204819277,0,0.232142857,0.180555555,0.259259259,0.180555555,0.2147935739269963,0.2726250872199918,30.061184045037052,-0.4081965531222522,-7.231282626309059,2.794095993041992,-0.1794265497508017,72,13,0,0,8,17,0.439814814,"Joey Ortiz",25493,687401
"James McCann","ARI",18,52,0,3,6,0,0.019230769,0.326923076,0.06,0.272727272,0.18,0.196078431,0.24,0.19531903664271036,0.1867540022906135,15.108916968295146,-0.10478023672476411,-5.293376755679691,0.7567234635353088,-0.29097802311905774,50,9,3,0,1,17,0.436078431,"James McCann",12859,543510
"Thomas Saggese","STL",18,57,0,5,2,0,0.070175438,0.333333333,0.037735849,0.264705882,0.16981132,0.228070175,0.207547169,0.2054179499023839,0.2152423858642578,25.11147207406331,-0.37299104081466794,-5.390343743168224,1.1742695271968842,-0.24203067896223224,53,9,2,0,4,19,0.435617344,"Thomas Saggese",27883,695336
"Luisangel Acuña","CHW",27,86,0,7,3,6,0.069767441,0.162790697,0.012987013,0.203125,0.168831168,0.235294117,0.181818181,0.20115525371888104,0.27493535210104547,19.20231394602233,1.135630953591317,-7.114249470530355,-1.6700745224952698,-0.5854112788272646,77,13,1,0,6,14,0.417112298,"Luisangel Acuna",26548,682668
"Denzel Clarke","ATH",22,60,0,4,6,2,0.066666666,0.4,0.018867925,0.310344827,0.16981132,0.228070175,0.188679245,0.19881129473970646,0.1935145684650966,15.086412210510739,0.5010800193995237,-5.547852238317214,0.891876220703125,-0.258738884876548,53,9,1,0,4,24,0.41674942,"Denzel Clarke",29858,672016
"Cedric Mullins","TBR",29,113,2,8,9,6,0.053097345,0.194690265,0.098039216,0.139240506,0.12745098,0.189189189,0.225490196,0.19171136671358402,0.2179016848222925,12.245211427656814,0.3753446862101555,-11.397991542159907,-0.10248172283172607,-0.7649624913228416,102,13,2,1,6,22,0.414679385,"Cedric Mullins",17929,656775
"Patrick Bailey","SFG",27,86,1,5,5,2,0.081395348,0.232558139,0.037974683,0.189655172,0.151898734,0.220930232,0.189873417,0.19724134373110394,0.29183740054859836,19.81701689964333,0.2055556895211339,-7.899670570297779,4.261348724365234,-0.08840748805028151,79,12,0,0,7,20,0.410803649,"Patrick Bailey",27478,672275
"Drew Millas","WSN",24,61,0,5,3,0,0.081967213,0.278688524,0.037037037,0.216216216,0.148148148,0.220338983,0.185185185,0.19515690055944152,0.24161474583512646,16.01157044769071,-0.17991651641204953,-6.201819822552388,-0.04619237780570984,-0.4354818759020128,54,8,2,0,5,17,0.405524168,"Drew Millas",25643,686452
"Bo Naylor","CLE",25,80,1,3,4,0,0.075,0.2375,0.067567567,0.166666666,0.135135135,0.2,0.202702702,0.1900331325829029,0.29998363592685795,13.170513990556348,0.32812773855403066,-7.919090679077533,1.0683641731739044,-0.41031963750156564,74,10,2,0,6,19,0.402702702,"Bo Naylor",21865,666310
"Tyler Heineman","TOR",21,57,0,4,2,0,0.017543859,0.245614035,0,0.243243243,0.176470588,0.222222222,0.176470588,0.19093303327207212,0.21484932809505822,13.197785929917163,-0.276235805824399,-6.150533313190034,2.6079576909542084,-0.15629144925809244,51,9,0,0,1,14,0.39869281,"Tyler Heineman",13897,623168
"Blake Perkins","MIL",19,53,0,6,5,1,0.094339622,0.245283018,0.065217391,0.151515151,0.108695652,0.211538461,0.173913043,0.19081600583516634,0.2177124940432035,13.80998392533756,0.10721294581890106,-5.2620826436547175,-1.5943372547626495,-0.5235029996189347,46,5,3,0,5,13,0.385451504,"Blake Perkins",19921,663368
"Ke'Bryan Hayes","CIN",30,90,1,6,1,0,0.066666666,0.155555555,0.071428571,0.130434782,0.119047619,0.177777777,0.19047619,0.1726841323905521,0.3065781925999841,-4.160006034964192,-0.06132148066535592,-11.079961322626739,-0.4099594056606293,-0.8734096313724057,84,10,1,1,6,14,0.368253967,"Ke'Bryan Hayes",18577,663647
"Harrison Bader","SFG",15,55,1,4,3,0,0.036363636,0.309090909,0.076923077,0.142857142,0.115384615,0.145454545,0.192307692,0.15242647691206498,0.2607255935668945,-10.557012952952064,-0.13788774702697992,-7.285047143178575,-0.3012668937444687,-0.5911499535763522,52,6,1,0,2,17,0.337762237,"Harrison Bader",18030,664056
"Rafael Marchán","PHI",16,54,1,3,2,0,0.018518518,0.203703703,0.058823529,0.076923076,0.078431372,0.129629629,0.137254901,0.12911970747841728,0.18612988789876303,-30.390172420427522,-0.2458616876974702,-8.521911604685732,3.315964162349701,-0.35246517136503974,51,4,0,0,1,11,0.26688453,"Rafael Marchan",21646,665561