Name,Team,W,L,SV,G,GS,IP,K/9,BB/9,HR/9,BABIP,LOB%,GB%,HR/FB,vFA (pi),ERA,xERA,FIP,xFIP,WAR,NameASCII,PlayerId,MLBAMID
"Mason Miller","SDP",4,1,30,49,0,51.1,16.30519642076333,3.3311691612312178,0,0.2926829268292683,0.84444444,0.475609756,0,101.37155032467533,0.8766234634818995,1.4997323606164228,0.6831888314181112,1.5413069880630252,3.12292218208313,"Mason Miller",31757,695243
"Louis Varland","TOR",5,4,26,56,0,62.1,10.973262927479702,2.454545654830986,0.28877007703893953,0.2905405405405405,0.74324324,0.547297297,0.048780487,98.79923646095718,1.299465346675228,2.1929187647466333,1.8760843106063883,2.4580791034782163,2.438775062561035,"Louis Varland",27691,686973
"Adrian Morejon","SDP",9,2,2,56,0,65.1,11.020410308139239,2.4795923193313287,0.41326538655522144,0.3067484662576687,0.72033898,0.614457831,0.09375,99.19305989583333,2.7551025770348097,2.399050409014739,2.2374560663968888,2.38450146041763,2.312589645385742,"Adrian Morejon",20039,670970
"Jhoan Duran","PHI",1,4,25,44,0,41.1,12.846774588762548,1.5241935952769123,0.21774194218241605,0.35106382978723405,0.82159624,0.602150537,0.055555555,100.37753262362638,1.7419355374593284,2.130219767236469,1.2647767800818357,1.6117465612037676,2.1225385665893555,"Jhoan Duran",21029,661395
"Trevor Megill","MIL",2,2,21,48,0,47,10.148936170212766,2.297872340425532,0,0.23931623931623933,0.65853659,0.345132743,0,97.89057112068966,2.4893617021276597,2.572359317759045,1.653761050041686,3.3666394312013974,2.1043107509613037,"Trevor Megill",17722,656730
"Brent Headrick","NYY",6,1,0,62,0,61.1,11.152176918740894,2.7880442296852235,0.4402175099502984,0.30666666666666664,0.89341693,0.346666666,0.046875,94.28776041666667,1.4673916998343282,2.9363349628717925,2.166249240593943,3.1153896226936126,1.8849583864212036,"Brent Headrick",27702,687396
"Cade Smith","CLE",3,1,31,51,0,54.2,12.67683074263023,2.9634149787966773,0.6585366619548172,0.312,0.78014184,0.418604651,0.076923076,97.20889075413223,2.3048783168418603,3.171639846931858,2.256122137491782,2.7497743222241127,1.884171962738037,"Cade Smith",27867,671922
"Jacob Latz","TEX",3,1,23,42,0,50,9.540000727844294,2.3400001785278457,0.5400000411987336,0.19658119658119658,0.77586207,0.398305084,0.058823529,95.04927955483491,1.9800001510620233,2.4713259122070763,2.51929292221069,3.2886399543562024,1.8484735488891602,"Jacob Latz",21306,656641
"Dylan Lee","ATL",5,0,0,57,0,55.1,11.060242743014122,2.114458171458582,0.4879518857212113,0.2066115702479339,0.73369565,0.338842975,0.050847457,93.29133731617647,1.9518075428848451,2.3421521102369227,2.031100025237886,2.9459029972252697,1.7774533033370972,"Dylan Lee",19996,669276
"Didier Fuentes","ATL",4,1,2,41,0,48.2,10.91096032952091,2.5890414341236054,0.3698630620176579,0.26956521739130435,0.84415584,0.353448275,0.040816326,97.22643892794376,1.8493153100882895,2.866980169974266,2.175183257781028,3.170308321285703,1.6565090417861938,"Didier Fuentes",30661,800311
"Grant Taylor","CHW",4,2,6,40,0,56.1,11.982249602571711,3.1952665606857895,0.6390533121371579,0.2923076923076923,0.73170732,0.488721804,0.088888888,98.0804776278409,2.396449920514342,2.4284807777439283,2.457991133690844,2.7482907388296463,1.5637006759643555,"Grant Taylor",33927,691799
"Garrett Whitlock","BOS",6,1,2,45,0,44,10.022727272727273,1.4318181818181819,0.6136363636363636,0.26605504587155965,0.77586207,0.372727272,0.065217391,,2.0454545454545454,2.5165825114443443,2.215656601298939,2.9173045687377455,1.5473434925079346,"Garrett Whitlock",20191,676477
"Tanner Scott","LAD",1,3,16,51,0,47.2,11.328672839701305,2.076923353945239,0.755244855980087,0.27102803738317754,0.83756345,0.348623853,0.086956521,96.70040042123824,2.2657345679402607,3.1316215079361713,2.4079642040641147,2.7829120282143567,1.4707331657409668,"Tanner Scott",17586,656945
"David Bednar","NYY",5,3,27,49,0,52.2,10.25316579470644,2.9050636418334914,0.512658289735322,0.26515151515151514,0.73863636,0.54887218,0.078947368,96.1882520053476,2.56329144867661,2.6619824010120436,2.6235967073927946,2.9790544009184763,1.3660919666290283,"David Bednar",19569,670280
"Juan Morillo","ARI",3,4,1,52,0,48.1,10.42758812721823,3.165517824334106,0.37241386168636537,0.26495726495726496,0.75203252,0.516949152,0.057142857,98.6215099897541,2.420690100961375,2.3034785154175954,2.479292854440603,3.041303993856472,1.3616291284561157,"Juan Morillo",21924,666661
"Aaron Ashby","MIL",13,2,0,55,0,64,12.796876525506558,4.640625553205675,0.7031250838190417,0.35294117647058826,0.74712644,0.52866242,0.116279069,97.336953125,3.3750004023314,2.9770927917057346,2.8917929425835585,2.8967243135498957,1.3074979782104492,"Aaron Ashby",23550,676879
"Brayan Bello","BOS",3,0,1,10,0,48,7.875,1.125,0.1875,0.26153846153846155,0.86538462,0.561538461,0.035714285,95.56010999177632,0.75,3.0953136626356454,2.100126298268637,2.715357410535217,1.2491728067398071,"Brayan Bello",23920,678394
"Spencer Miles","TOR",4,0,1,31,0,62,9.14516241567826,2.4677422391512764,0.4354839245561076,0.2608695652173913,0.81314879,0.521472392,0.069767441,96.08060967167721,1.8870970064097996,2.8977374376396683,2.498647732193826,2.9230930699758124,1.2456587553024292,"Spencer Miles",31621,693686
"Sean Newcomb","CHW",1,3,3,43,0,61.1,8.217393007981883,3.3750006997068445,0.29347832171363863,0.2874251497005988,0.73490814,0.457317073,0.037735849,94.4730622366573,2.7880440562795674,4.067959942832712,3.095597316141616,3.9842706076835457,1.2409005165100098,"Sean Newcomb",16943,656794
"Josh Hader","HOU",4,1,17,29,0,28,12.214286546317956,3.214285933241567,0.32142859332415674,0.16363636363636364,0.91397849,0.410714285,0.04,,0.9642857799724701,1.5350947714437282,1.9007214560800616,2.7926568927565767,1.2404680252075195,"Josh Hader",14212,623352
"Aroldis Chapman","BOS",2,4,27,41,0,39.2,11.344538542453448,4.084033875283241,0.45378154169813795,0.29896907216494845,0.82627119,0.442105263,0.052631578,97.04556467563292,2.0420169376416206,2.857433890942098,2.6507215088870617,3.4504048273605052,1.1843292713165283,"Aroldis Chapman",10233,547973
"Steven Okert","HOU",6,1,0,58,0,59,9.000001745709257,1.6779664271661325,0.9152544148178905,0.20833333333333334,0.8685446,0.260273972,0.071428571,91.26655876494024,1.9830512321054294,2.6648142623779076,3.1640387440851074,4.004602977744121,1.1842774152755737,"Steven Okert",13580,595345
"Bryan Baker","TBR",1,0,34,48,0,46.1,9.906475092015851,2.913669144710545,0.5827338289421089,0.19626168224299065,0.89385475,0.39090909,0.066666666,96.89566364694149,1.5539568771789571,2.733625762246487,2.7555519488563536,3.389081670119384,1.182900309562683,"Bryan Baker",19804,641329
"Jeff Hoffman","- - -",6,8,5,55,0,52,14.019232826120351,3.8076928663536758,0.6923077938824864,0.38016528925619836,0.67679558,0.455284552,0.1,96.52772786458333,3.8076928663536758,3.5483333255083123,2.5792928915757294,2.747729547848934,1.1685353107750416,"Jeff Hoffman",17432,656546
"Huascar Brazobán","- - -",5,1,0,44,0,50.2,8.526317661819446,3.0197375052277207,0.3552632359091436,0.216,0.76388889,0.496,0.05,96.8739404296875,2.1315794154548615,2.572884799260199,2.7042928825867625,3.3903201024686025,1.13953498005867,"Huascar Brazoban",6107,623211
"Samy Natera Jr.","LAA",1,1,3,23,0,27,14.000002966987392,3.3333340397589026,0.3333334039758903,0.24,0.79646018,0.215686274,0.032258064,94.8354375,2.0000004238553415,1.9814144155359052,1.6718852592593219,2.934403906521202,1.1213818788528442,"Samy Natera Jr.",31936,696519
"Luke Weaver","- - -",2,1,1,43,0,45,9.000000762939518,2.400000203450538,0.6000000508626345,0.20535714285714285,0.83798883,0.415929203,0.0625,95.44912664240057,1.8000001525879035,2.928474771220706,2.879292947981091,3.6328584742919503,1.1188494060188532,"Luke Weaver",16918,596133
"Antonio Senzatela","- - -",9,4,3,38,0,55.1,7.807230306097625,2.9277113647866093,0.6506025255081355,0.3167701863354037,0.67723343,0.44785276,0.070175438,97.27570661481795,3.9036151530488126,3.8046523948792967,3.368449642938919,3.993410375903614,1.1128468438982964,"Antonio Senzatela",15488,622608
"Bradgley Rodriguez","SDP",3,2,0,46,0,51,9.352943275214537,3.0000006731820217,0.5294118835027096,0.26811594202898553,0.75757576,0.5,0.055555555,98.12154522613065,2.294118161845075,2.20208587535006,2.7655674043411045,3.6091803688493216,1.1048133373260498,"Bradgley Rodriguez",29107,699134
"Michael Petersen","MIA",2,2,1,48,0,49.1,10.945947920867184,4.013514237651301,0.7297298613911456,0.24324324324324326,0.74898785,0.373913043,0.071428571,97.93493171751969,2.9189194455645824,3.2375712952823514,3.16037406064543,3.830553643270435,1.0741593837738037,"Michael Petersen",20827,656848
"Abner Uribe","MIL",4,2,6,49,0,48.1,8.937931975048405,3.351724490643152,0.5586207484405253,0.2396694214876033,0.85470085,0.549180327,0.081081081,98.67169952392578,2.0482760776152595,2.7861335823068973,3.0792929649353034,3.4351923536577083,1.065206527709961,"Abner Uribe",25327,682842
"Tyler Wells","- - -",2,2,4,46,0,58.1,9.41142923817542,2.314285878239857,0.9257143512959429,0.24305555555555555,0.78629032,0.272108843,0.077922077,93.46592227711398,2.468571603455848,3.038188055582957,3.199292973436629,3.867187423367857,1.0610398054122925,"Tyler Wells",20000,669330
"Bryan Hudson","CHW",3,4,4,46,0,42.2,8.859376320149947,3.3750005029142653,0.21093753143214158,0.352,0.72327044,0.429752066,0.023809523,92.20320570764463,3.5859380343464067,3.2348330984728806,2.8214804265182414,4.012026855873338,1.0316839218139648,"Bryan Hudson",19924,663542
"Tyler Rogers","TOR",2,2,4,57,0,55,4.581818499604554,3.272727499717539,0,0.24444444444444444,0.71875,0.647727272,0,,1.6363637498587695,2.6475425195158375,3.152020242706804,4.256724043711304,1.0168981552124023,"Tyler Rogers",15541,643511
"Kevin Kelly","TBR",5,3,4,51,0,55,7.036365100451057,1.4727275791641747,0.6545455907396331,0.2222222222222222,0.80188679,0.598639455,0.148148148,93.27164713541667,1.9636367722188997,3.526251415674427,3.115656608865283,2.9158770358011314,0.9899417161941528,"Kevin Kelly",25679,687330
"Mason Montgomery","PIT",4,3,3,43,0,42,14.357146769154895,3.8571439081311656,1.0714288633697682,0.3023255813953488,0.69047619,0.544444444,0.185185185,98.45940013923267,4.071429680805119,2.7682197152454555,2.7221500104787135,2.1510099921832047,0.9776217341423035,"Mason Montgomery",29770,682254
"Tyler Alexander","TEX",3,2,4,49,0,46.1,7.769786304991552,2.1366912338726767,0.3884893152495776,0.33098591549295775,0.72635135,0.52112676,0.045454545,91.98700851690573,3.3021591796214094,3.279933915636707,2.755551868893988,3.6368738803725384,0.9767681360244751,"Tyler Alexander",17735,641302
"Jonathan Bowlan","PHI",2,1,1,45,0,42.2,11.179689165903504,2.1093753143214156,0.8437501257285663,0.2653061224489796,0.74175824,0.514851485,0.121212121,97.19675470819537,2.7421879086178405,2.500709031900592,2.6574179020710202,2.6134944149150816,0.9735940098762512,"Jonathan Bowlan",24607,680742
"Andrés Muñoz","SEA",5,4,20,45,0,42.2,14.132813342381318,3.5859377137385438,1.0546875628642776,0.3258426966292135,0.73333333,0.451612903,0.161290322,99.48066336743773,3.796875226311399,3.203083620258457,2.7277304439805437,2.307917831111226,0.9703747034072876,"Andres Munoz",20373,662253
"Brandyn Garcia","ARI",0,1,3,40,0,34,9.794119844800129,1.8529415922594838,0.2647059417513548,0.24050632911392406,0.73426573,0.649350649,0.055555555,,2.1176475340108385,2.0284872503804268,2.167528054458414,2.5893345367125224,0.9459254741668701,"Brandyn Garcia",33568,805299
"Andrew Morris","MIN",4,3,3,44,0,53.1,8.775001464486367,3.206250535100788,0.5062500844895981,0.2896551724137931,0.74433657,0.44217687,0.053571428,97.17747713414634,2.868750478774389,3.0034975484314694,3.041792958676814,3.9054591048964973,0.9141758680343628,"Andrew Morris",31891,702193
"Gregory Soto","PIT",5,3,14,50,0,49.2,10.872484613262998,3.805369614642049,0.9060403844385831,0.25210084033613445,0.67924528,0.428571428,0.106382978,97.1776592548077,3.805369614642049,3.0796654943657114,3.4819775802413404,3.6106650770166886,0.909055769443512,"Gregory Soto",19677,642397
"Yennier Cano","BAL",2,2,2,52,0,40.2,8.188526638475421,1.9918037769264538,0.221311530769606,0.24778761061946902,0.71808511,0.640350877,0.037037037,94.7782694498698,1.9918037769264538,2.908777611629748,2.316997692284438,3.0058206293705862,0.9018570184707642,"Yennier Cano",25911,666974
"Colin Holderman","CLE",6,3,1,47,0,47.2,8.685316538844937,3.2097908947905203,0.18881122910532472,0.20833333333333334,0.781893,0.533333333,0.027027027,97.04852653952206,2.076923520158572,3.3497617603056464,2.9324397867422727,3.8387714901912484,0.8950015306472778,"Colin Holderman",22361,670059
"Alex Vesia","LAD",1,1,3,53,0,41.2,12.096004060548237,6.048002030274119,0.43200014501957995,0.21348314606741572,0.77922078,0.274725274,0.040816326,91.97054608982413,2.8080009426272694,2.99224662708895,3.031292948822016,4.193599261329952,0.8855547308921814,"Alex Vesia",25007,681911
"Edgardo Henriquez","LAD",4,1,1,46,0,46.2,9.64285845659235,4.242857720900634,0.192857169131847,0.24324324324324326,0.61567164,0.49074074,0.026315789,100.54621319731405,3.085714706109552,2.666987178486921,2.9507215188474047,3.9090238551003105,0.8659319281578064,"Edgardo Henriquez",26944,683618
"Anthony Bender","MIA",1,1,2,35,0,34.1,10.74757560185661,3.1456318834702275,0.2621359902891856,0.24096385542168675,0.75144509,0.44047619,0.032258064,96.93012237548828,2.621359902891856,2.646381328109156,2.3802636574974745,3.3731181746597976,0.8401665687561035,"Anthony Bender",19742,669622
"Brooks Raley","- - -",5,5,0,49,0,45.1,8.933825283521118,3.1764712119186203,0.5955883522347413,0.2542372881355932,0.79497908,0.359649122,0.06,,2.183823958194051,3.3873124126446674,3.2116459320985786,4.026683909437737,0.8392790472134948,"Brooks Raley",10061,548384
"Robert Suarez","ATL",4,0,4,31,0,32,7.312500435858991,1.687500100582844,0.28125001676380734,0.22727272727272727,0.9765625,0.471264367,0.034482758,98.85045514787946,0.5625000335276147,3.288162664257181,2.4230429258197526,3.39335739021201,0.838260293006897,"Robert Suarez",30115,663158
"Daniel Lynch IV","KCR",4,2,1,46,0,46,6.847827222712512,2.3478264763585757,0.3913044127264293,0.2196969696969697,0.75829384,0.507575757,0.04,95.0302264873798,1.9565220636321463,3.400156255751527,3.035814696854588,4.12164924763027,0.827815055847168,"Daniel Lynch IV",21537,663738
"Brennan Bernardino","COL",3,2,1,55,0,48.1,6.7034500394229335,2.234483346474311,0.5586208366185778,0.2620689655172414,0.75289575,0.458333333,0.06,90.62520714962122,2.234483346474311,3.868676708681897,3.3275688923213376,4.092018356567519,0.8152437806129456,"Brennan Bernardino",16835,657514
"Tyron Guerrero","BOS",1,2,0,31,0,31,9.870970171275028,1.4516132604816216,0.5806453041926487,0.3058823529411765,0.62111801,0.54117647,0.083333333,,3.1935491730595675,2.4282664168642425,2.401873443377213,2.739138781371164,0.7946016192436218,"Tyron Guerrero",11691,594027
"Ian Seymour","TBR",5,1,2,29,0,49.2,9.422819998161264,3.805369614642049,0.7248323075508665,0.24193548387096775,0.6614786,0.308943089,0.061538461,91.75315583881579,3.805369614642049,2.915280643919358,3.4215748879454346,4.362505787592248,0.7797667384147644,"Ian Seymour",27932,693855
"Jacob Webb","CHC",4,2,8,53,0,53,10.188680711952168,2.8867928683864474,1.0188680711952167,0.2867647058823529,0.83955224,0.425531914,0.12,94.28442747201493,2.3773588327888393,3.6499661619228947,3.2491043101345056,3.2103945130795783,0.7793417572975159,"Jacob Webb",19274,657097
"Enyel De Los Santos","HOU",1,3,5,53,0,56.1,8.467456959204108,2.0769234050878,1.118343371970354,0.2911392405063291,0.65836299,0.35582822,0.098591549,95.09510869565217,4.1538468101756,3.408406934382223,3.5053285352097237,3.804382448018334,0.7644733786582947,"Enyel De Los Santos",18403,660853
"Calvin Faucher","MIA",5,5,1,51,0,50.2,10.125002032832503,5.506580052943993,0.17763161461109656,0.3181818181818182,0.63492063,0.541984732,0.03125,96.4674171241554,4.263158750666317,4.032202144070819,3.0990298110032026,3.8017989759080812,0.7473763823509216,"Calvin Faucher",20116,676534
"Raisel Iglesias","ATL",1,2,24,44,0,44.2,9.873134890492846,2.6194031342123876,1.0074627439278414,0.30434782608695654,0.76595745,0.358333333,0.098039215,94.43888679135688,3.0223882317835242,3.266381691217324,3.280785513720871,3.559905276010898,0.7436977028846741,"Raisel Iglesias",17130,628452
"Peyton Gray","TEX",6,0,0,40,0,47,9.191490853734257,2.6808514990058248,0.9574469639306518,0.2835820895522388,0.73584906,0.364963503,0.087719298,93.08516949152542,3.255319677364216,3.08525322341515,3.5048249489044814,3.9639985212839806,0.7333695292472839,"Peyton Gray",25310,682608
"Devin Williams","NYM",3,2,16,42,0,38.2,11.870690435915352,4.8879313559651445,0.6982759079950206,0.3883495145631068,0.65217391,0.375,0.076923076,93.95562009162303,4.655172719966804,3.285971720938291,3.079292964935303,3.60273447919278,0.7242041826248169,"Devin Williams",15816,642207
"Jakob Junis","TEX",1,0,5,35,0,37.1,6.750000919614645,1.6875002299036612,0.48214292282961746,0.2807017543859649,0.80097087,0.405172413,0.047619047,92.43776547330097,2.651786075562896,3.8716943675800297,3.079292964935303,4.091703105093643,0.7211833596229553,"Jakob Junis",13619,596001
"Andrew Alvarez","WSN",2,1,1,8,0,26.2,9.450000901222316,3.3750003218651123,0.33750003218651126,0.3380281690140845,0.72254335,0.486111111,0.05,92.82491861979166,3.712500354051624,4.46560883859032,2.704292929172513,3.356018707097244,0.6757855415344238,"Andrew Alvarez",29914,674841
"Brent Suter","- - -",1,1,0,40,0,62.2,7.898936971597162,1.8670214660138744,0.8617022150833267,0.3114754098360656,0.64139942,0.472826086,0.113207547,,3.87765996787497,3.990014220927305,3.238867449209993,3.2788453880718973,0.6740612089633942,"Brent Suter",13942,608718
"Will Klein","LAD",3,4,2,33,0,37.2,10.513276110839188,4.778761868563267,0.4778761868563267,0.3564356435643564,0.6993007,0.563106796,0.076923076,97.55686665430267,3.58407140142245,3.085733800915996,3.1854876731255977,3.54371317111521,0.6662572026252747,"Will Klein",27787,694361
"Shane Drohan","MIL",2,0,1,10,0,24.2,9.486487464542643,1.4594596099296373,0.3648649024824093,0.26865671641791045,0.69444444,0.44117647,0.037037037,95.31961495535714,1.8243245124120466,2.390904070953618,1.984698257488075,3.1203250948860135,0.6530855894088745,"Shane Drohan",27814,675660
"Riley O'Brien","STL",3,4,30,49,0,48.2,9.061644309142874,3.6986303302623975,0.36986303302623974,0.2661290322580645,0.73954984,0.5,0.0625,,3.143835780723038,4.370838853116522,3.4491559979615425,3.9136826771587065,0.641269862651825,"Riley O'Brien",20348,676617
"Ben Brown","CHC",1,1,1,12,0,25.2,8.415585249426234,2.8051950831420784,0.3506493853927598,0.25,0.73170732,0.507246376,0.047619047,96.62733843537416,2.1038963123565586,2.9269350526891116,2.6507214938997077,3.3870197502932213,0.6078804135322571,"Ben Brown",23590,676962
"Chad Patrick","MIL",4,3,5,35,0,59,8.542373985985448,2.8983054595307767,1.067796748248181,0.2565789473684211,0.75174825,0.402597402,0.104477611,95.75258477393616,3.6610174225651915,3.84549091789496,3.7911574637674237,3.9737139383725038,0.5954095125198364,"Chad Patrick",30113,694477
"Yohan Ramírez","PIT",6,3,1,48,0,65.1,10.331633457388856,5.096939172311835,0.5510204510607389,0.2662337662337662,0.78703704,0.48076923,0.083333333,96.65098979083665,2.7551022553036946,3.366123767598073,3.7374562814800747,4.057514150417771,0.5913089513778687,"Yohan Ramirez",19444,670990
"Erik Sabrowski","CLE",4,2,0,44,0,33,15.000005201861711,6.818184182664415,0.8181821019197297,0.3064516129032258,0.73059361,0.2,0.075,94.06017736486487,3.5454557749854954,3.216103943200948,3.291414250618196,3.950769171431989,0.5878252983093262,"Erik Sabrowski",24978,681870
"Jack Dreyer","LAD",5,1,1,49,0,47.2,10.00699514258221,2.643357207474546,1.321678603737273,0.24561403508771928,0.82089552,0.483050847,0.155555555,93.97868812321937,3.2097908947905203,3.456125222283462,3.708663728619719,3.2335631295981626,0.5860519409179688,"Jack Dreyer",30249,676263
"Jonathan Loáisiga","ARI",3,3,1,50,0,47.1,6.845071158080964,2.091549520524739,0.570422596506747,0.2805755395683453,0.76305221,0.525179856,0.066666666,97.45819152227723,2.8521129825337352,3.2483641588929397,3.1426732534360524,3.7628185935874896,0.5855914950370789,"Jonathan Loaisiga",19753,642528
"Justin Slaten","BOS",2,4,0,36,0,31.1,11.20213084179963,2.2978729931896678,1.1489364965948339,0.36046511627906974,0.61497326,0.420454545,0.133333333,96.73750813802083,4.5957459863793355,2.9084079921157318,3.0154631595689234,2.810219334164207,0.5848714113235474,"Justin Slaten",25648,686580
"Fernando Cruz","NYY",4,6,2,56,0,50.1,11.08609719630248,5.54304859815124,0.8940400964760065,0.27586206896551724,0.79365079,0.327731092,0.076923076,93.20660268660072,2.8609283087232207,3.2669491990609907,3.8739952729139753,4.544185517984895,0.5843368172645569,"Fernando Cruz",7048,518585
"Mark Leiter Jr.","ATH",0,1,4,36,0,33.2,10.158417759964776,2.9405946147266455,0.5346535663139356,0.34831460674157305,0.7079646,0.417582417,0.068965517,92.5589580233135,4.2772285305114845,4.182991855321868,2.930778085403654,3.466918612686247,0.5825804471969604,"Mark Leiter Jr.",15551,643410
"Evan Sisk","PIT",1,0,0,36,0,40.2,10.401641946171482,3.9836075538529077,0.442623061539212,0.31313131313131315,0.83629893,0.424242424,0.055555555,91.62868212090164,2.6557383692352716,3.194068078985488,3.3251946657904212,4.030510441164183,0.5803169012069702,"Evan Sisk",24995,681895
"Ty Madden","DET",1,0,0,12,0,29.1,9.204546452061312,3.068182150687104,0.3068182150687104,0.22666666666666666,0.79710145,0.421052631,0.034482758,93.2802734375,2.147727505480973,2.598387054804702,2.6020201859395313,3.6605451078071805,0.5799731016159058,"Ty Madden",30140,680744
"Tejay Antone","CIN",1,0,1,38,0,38,8.28947534851784,2.368421528147954,0.9473686112591816,0.23148148148148148,0.76923077,0.435185185,0.085106382,94.98898154810855,2.842105833777545,3.104015253413715,3.6319246548364923,4.14222681487945,0.5713053941726685,"Tejay Antone",16233,622088
"Eric Orze","MIN",2,2,1,36,0,41.1,7.83871136545303,4.5725816298476,0.21774198237369527,0.3178294573643411,0.59748428,0.421875,0.02173913,93.05668476341808,5.661291541716077,4.087027694247917,3.3212285009060754,4.697176633516571,0.5582852959632874,"Eric Orze",27626,679358
"Orion Kerkering","PHI",6,1,1,50,0,46.1,9.90647672324797,5.050360682440141,0.5827339248969393,0.26229508196721313,0.72368421,0.314516129,0.05,97.30756216989437,3.8848928326462624,3.2168379257006703,3.662026889832242,4.787308917410574,0.5496135354042053,"Orion Kerkering",31776,689147
"Dylan Dodd","ATL",3,1,1,34,0,37.1,9.64285845659235,2.8928575369777048,0.9642858456592349,0.17647058823529413,0.87121212,0.306818181,0.095238095,,2.1696431527332787,2.747621213798883,3.373935862220069,3.689917336068962,0.5413791537284851,"Dylan Dodd",29928,689266
"Keaton Winn","SFG",2,3,1,43,0,42.1,7.015749506619867,3.401575518361148,0.4251969397951435,0.2542372881355932,0.74688797,0.50420168,0.058823529,96.22560483870967,2.9763785785660044,3.8846053170597794,3.4808678525196046,4.086652998355099,0.529412031173706,"Keaton Winn",23499,676775
"Ryan Rolison","CHC",7,1,1,40,0,44,9.204547848583875,4.090910154926167,0.613636523238925,0.2962962962962963,0.82677165,0.440366972,0.076923076,94.66321772275087,2.2500005852093916,3.774671046884189,3.2838384726816114,3.743832620052606,0.5263956785202026,"Ryan Rolison",22200,669020
"Juan Mejia","COL",3,6,4,47,0,50.2,8.526317501332635,5.328948438332897,0.7105264584443862,0.3146853146853147,0.64516129,0.444444444,0.086956521,97.17162698412699,5.1513168237218,4.411032064897436,4.046398422262384,4.3991454121762406,0.5164706707000732,"Juan Mejia",23237,675848
"Paul Blackburn","NYY",4,2,1,42,0,63.1,6.963158873349483,3.126316228850788,0.7105264156479064,0.22023809523809523,0.85964912,0.575581395,0.098039215,94.71175484035327,1.8473686806845568,3.2742095761310694,3.600345669743768,3.797198571185285,0.49205610156059265,"Paul Blackburn",14739,621112
"Jordan Romano","- - -",0,2,12,23,0,19.2,11.898306623336872,5.949153311668436,0.45762717782064893,0.3888888888888889,0.66473988,0.345454545,0.047619047,94.10224609375,5.949153311668436,3.875785733189841,3.231835357542186,4.192767009340785,0.48967998288571835,"Jordan Romano",16122,605447
"Grant Wolfram","BAL",4,2,1,44,0,36,10.50000445048203,3.250001377530152,0.7500003178915735,0.3627450980392157,0.58712121,0.454545454,0.078947368,95.28421359592014,5.750002437168731,3.881984451362188,3.2459597022445417,3.7659813004106515,0.48448970913887024,"Grant Wolfram",21623,664991
"Jeremiah Estrada","SDP",2,2,1,29,0,27.1,11.195124034439466,4.609756955357427,0.6585367079082038,0.2413793103448276,0.66176471,0.362068965,0.08,95.77631740196078,3.292683539541019,3.4086938406928033,3.079292964935303,3.517373187639028,0.4842086136341095,"Jeremiah Estrada",22210,669093
"Kevin Ginkel","ARI",5,4,1,54,0,51,8.647060117094767,2.6470592195188067,1.0588236878075226,0.27205882352941174,0.68548387,0.391304347,0.096774193,95.51410350483425,3.705882907326329,3.933746539582107,3.5694891166980454,3.886665487749534,0.4702373445034027,"Kevin Ginkel",19876,656464
"Taylor Clarke","ARI",2,2,0,54,0,54.1,4.8036817685407485,1.490797790236784,0.6625767956607929,0.20496894409937888,0.76036866,0.50609756,0.071428571,94.65390209441489,2.1533745858975766,3.8975843132240344,3.6314402946526303,4.239946899448056,0.46856212615966797,"Taylor Clarke",17611,664199
"Jovani Morán","BOS",2,0,0,33,0,47,9.382980246520386,3.829787855722607,0.7659575711445213,0.1559633027522936,0.90659341,0.422018348,0.081632653,92.72785710009579,1.723404535075173,2.775006399580366,3.440995151309105,3.918216791124103,0.4662112593650818,"Jovani Moran",20422,663558
"Enmanuel De Jesus","DET",2,0,1,27,0,38.2,8.844829040532119,3.02586256649783,0.4655173179227431,0.2962962962962963,0.64159292,0.407407407,0.047619047,94.44332210162214,3.7241385433819447,3.9869746516000846,2.8723963791918616,3.849895852415173,0.4581649601459503,"Enmanuel De Jesus",18554,646241
"Brock Burke","CIN",5,4,2,60,0,58,8.534484442576266,4.810345776724804,0.7758622220523878,0.24666666666666667,0.73913043,0.402597402,0.075757575,96.18984785104986,2.7931039993885958,3.8585904081886766,4.062051779534994,4.669842640629655,0.45697087049484253,"Brock Burke",17968,656271
"José Alvarado","PHI",3,3,1,51,0,44,11.45454744071049,4.500000780279121,0.8181819600507494,0.3728813559322034,0.63535912,0.35042735,0.083333333,97.0703125,6.1363647003806205,3.820327575326229,3.761111264977594,4.236348752139835,0.4473761022090912,"Jose Alvarado",17780,621237
"Kumar Rocker","TEX",1,0,0,2,0,12.2,11.368421623251143,2.131579054359589,0,0.2857142857142857,0.81818182,0.607142857,0,93.94670104980469,1.4210527029063929,2.1389282328066317,1.263503400110468,1.983014414607046,0.4459517002105713,"Kumar Rocker",31843,677958
"Carmen Mlodzinski","PIT",4,0,2,16,0,50.1,6.6158942068717455,2.8609272245931874,0.7152318061482968,0.2483221476510067,0.76335878,0.381578947,0.064516129,95.21325266768292,2.14569541844489,4.40200266760966,3.6554519198880975,4.493385566959289,0.44242146611213684,"Carmen Mlodzinski",27572,669387
"Erik Miller","- - -",2,0,4,41,0,36,12.750002364318014,5.750001066261065,0.5000000927183536,0.2987012987012987,0.85062241,0.539473684,0.1,96.90111173432449,2.5000004635917676,3.251383367385912,3.134848530792898,3.256497231700152,0.43680036813020706,"Erik Miller",26252,669062
"Keider Montero","DET",2,1,1,6,0,14.1,10.046512519172182,2.5116281297930456,0,0.24324324324324326,0.64285714,0.685714285,0,95.46543149594908,2.5116281297930456,2.5512596060894173,1.893246348088587,2.3171443264463436,0.4275990426540375,"Keider Montero",22630,672456
"Cole Sulser","TBR",1,0,2,39,0,42.1,9.779528734045401,2.763779859621527,1.2755907044407047,0.3103448275862069,0.57939914,0.394957983,0.12,92.4536421826324,5.102362817762819,4.358492466317592,3.6698442169911845,3.6213807714381927,0.4275720417499542,"Cole Sulser",15256,642121
"Emilio Pagán","CIN",4,1,14,28,0,26.1,9.911392883657763,2.734177347215935,1.3670886736079675,0.25757575757575757,0.75757576,0.228571428,0.093023255,94.93811343637184,4.1012660208239025,3.6761261593052237,4.104609470141279,4.6102654833259775,0.4219357967376709,"Emilio Pagan",14771,641941
"Alan Rangel","PHI",0,1,0,4,0,14.2,9.818182243788556,1.8409091707103544,0.6136363902367847,0.37777777777777777,0.63106796,0.288888888,0.047619047,92.77670127467105,5.522727512131063,3.4088294389222997,2.6020202169733593,3.890542093847248,0.4202994406223297,"Alan Rangel",19524,660604
"Garrett Cleavinger","TBR",4,3,2,42,0,35.2,12.11215169178467,4.037383897261557,1.2616824678942364,0.2911392405063291,0.82051282,0.390243902,0.151515151,96.69267134232955,3.2803744165250146,3.8248167869179857,3.724152892970135,3.307122860517773,0.41497674584388733,"Garrett Cleavinger",17897,664076
"Ryan Zeferjahn","- - -",4,3,4,49,0,55,12.927274520495954,5.400000749067931,0.981818318012351,0.2543859649122807,0.74344023,0.403361344,0.125,97.46445666326993,3.927273272049404,3.0522355062090716,3.9156567173161942,3.8231193555591085,0.4124589003622532,"Ryan Zeferjahn",25420,666171
"Matt Festa","CLE",2,3,1,51,0,49,9.734696908973199,2.7551028987659993,1.1020411595064,0.34285714285714286,0.71646341,0.344827586,0.1,92.21113192873302,4.224491111441199,4.087851612658218,3.7323543927909477,4.000478093871527,0.3955652415752411,"Matt Festa",19330,670036
"Zack Littell","- - -",3,2,0,10,0,50,5.580000212860115,1.9800000755310088,0.9000000343322767,0.2635135135135135,0.79166667,0.406666666,0.086206896,91.69645931846217,2.8800001098632855,4.359159485711672,3.7992929924011247,4.261295450418091,0.39385663345456123,"Zack Littell",15823,641793
"Chase Silseth","- - -",3,2,0,53,0,45.1,10.522061553536286,5.360295508405278,0.7941178530970782,0.30434782608695654,0.83333333,0.344827586,0.083333333,96.04133967952328,2.7794124858397735,4.067156218232257,3.8072343302742917,4.268494283980825,0.39107607305049896,"Chase Silseth",30074,681217
"Tim Mayza","PHI",3,2,0,44,0,49,8.816327903331509,2.38775547381895,1.1020409879164386,0.27559055118110243,0.68669528,0.5,0.142857142,94.7975014740566,3.8571434577075348,3.2857088991607295,3.569088959564831,3.279224426334278,0.3877222239971161,"Tim Mayza",15042,641835
"Wilber Dotel","PIT",1,4,0,14,0,26.2,9.787500933408825,3.712500354051624,0.6750000643730225,0.33783783783783783,0.59659091,0.445945945,0.076923076,98.08512056790866,5.0625004827976685,3.880384812649104,3.1167929685115823,3.6227864472695934,0.38525670766830444,"Wilber Dotel",28901,696062
"Kirby Yates","- - -",0,5,3,36,0,32.1,11.134021713219644,3.618557056796384,0.8350516284914733,0.2597402597402597,0.72625698,0.316455696,0.075,91.04075712316177,3.618557056796384,3.2103818187415247,3.388571345858071,4.061521046282393,0.383915014564991,"Kirby Yates",9073,489446
"Graham Ashcraft","CIN",1,1,1,26,0,27,10.666668173707775,5.333334086853887,0.6666667608567359,0.2542372881355932,0.72847682,0.540983606,0.105263157,,3.3333338042836798,3.3942746856667516,3.4496633876334895,3.5556035803620007,0.3831305205821991,"Graham Ashcraft",27552,668933
"Sam Hentges","SFG",1,4,0,35,0,28,9.964288429338845,6.428573180218609,0,0.3333333333333333,0.77083333,0.465753424,0,94.11667923062865,2.571429272087444,3.6474774674452393,3.3292930330549155,4.794012209579483,0.3702508211135864,"Sam Hentges",18548,656529
"Kyle Hurt","LAD",3,1,1,36,0,36.2,11.045455311546695,4.909091249576308,0.9818182499152617,0.28735632183908044,0.74324324,0.422222222,0.108108108,96.38953488372093,4.172727562139862,3.43483075987967,3.7611111940431234,3.8757058013926002,0.35912764072418213,"Kyle Hurt",27514,669165
"Jack Perkins","ATH",2,3,3,18,0,31,10.161292198173559,2.6129037081017725,0.8709679027005908,0.3058823529411765,0.55276382,0.386363636,0.076923076,96.49757479265404,5.806452684670606,3.3462644226360703,3.5309059515207943,4.183800821069275,0.35743504762649536,"Jack Perkins",31468,678022
"Chris Murphy","CHW",3,0,1,27,0,28,8.357144564998743,4.500000919614707,0.32142863711533626,0.2857142857142857,0.68181818,0.289473684,0.025,96.08808840981013,3.5357150082686992,3.571295845656693,3.61500736012753,5.320675738736448,0.3534325957298279,"Chris Murphy",26214,669684
"Jordan Hicks","CHW",1,1,1,37,0,33,10.636366095425252,6.000001387162963,0.5454546715602694,0.32941176470588235,0.79681275,0.488372093,0.068965517,99.54675451501623,3.5454553651417506,3.0187544713858894,3.5944445991866685,4.141416271395364,0.34638288617134094,"Jordan Hicks",19618,663855
"Sean Burke","CHW",2,0,0,4,0,25,9.36,2.16,1.08,0.21052631578947367,0.95238095,0.25,0.09375,94.96349158653847,1.8,3.147134985875465,3.279292964935303,3.6635715198516845,0.332661896944046,"Sean Burke",29878,680732
"Dylan Smith","SFG",0,4,2,26,0,23.1,10.414287984420337,4.62857243752015,0.7714287395866917,0.2711864406779661,0.78767123,0.288135593,0.066666666,95.7734277829602,3.0857149583467667,3.97241094926011,3.679293095724952,4.517965934149095,0.33175936341285706,"Dylan Smith",30145,681916
"Trevor Richards","- - -",0,0,1,36,0,52.2,8.544304674203966,3.0759496827134276,1.3670887478726346,0.23404255319148937,0.77405858,0.297297297,0.1,92.0065267555502,3.4177218696815865,3.6017167364412868,4.180558900721592,4.513167979450922,0.326645165681839,"Trevor Richards",19309,670950
"Orlando Ribalta","WSN",0,2,2,38,0,36,8.000000847710593,3.5000003708733844,1.0000001059638242,0.25510204081632654,0.69518717,0.405940594,0.083333333,96.82950892857143,3.5000003708733844,3.779830754078116,3.912626386571823,4.493472165047243,0.3262559473514557,"Orlando Ribalta",26247,687377
"Chris Bassitt","BAL",2,0,0,2,0,10.1,8.709677687296642,0.8709677687296642,0,0.3225806451612903,0.66666667,0.548387096,0,91.3056640625,3.4838710749186568,3.3505508925535223,1.7244542135780474,2.6064354400178686,0.3254825174808502,"Chris Bassitt",12304,605135
"Luis Medina","ATH",2,3,0,39,0,51.1,10.870130947175554,4.558442010105877,1.0519481561782793,0.33587786259541985,0.73654391,0.335820895,0.098360655,97.81579986462094,3.8571432393203575,4.519231254017533,3.877994342774367,4.163520829819756,0.32511916756629944,"Luis Medina",21649,665622
"Will Vest","DET",3,5,2,27,0,26.2,9.112501520812765,3.375000563263987,0.6750001126527975,0.3466666666666667,0.48387097,0.618421052,0.111111111,96.20484082943925,6.075001013875177,3.9279502069817056,3.379293015003213,3.429596167592643,0.32459020614624023,"Will Vest",19769,676684
"Cam Booser","TBR",0,0,0,25,0,26,11.423079437053262,1.7307696116747369,1.7307696116747369,0.18518518518518517,1,0.24137931,0.135135135,95.73621358989197,2.0769235340096843,2.476655947292148,3.617754621900777,3.2793623158144443,0.3233199715614319,"Cam Booser",16061,592155
"Matt Brash","SEA",3,0,0,20,0,16.2,8.100001235962102,3.2400004943848413,0,0.2,0.88235294,0.41025641,0,96.744580078125,0.5400000823974735,4.182247523695319,2.8992929374694785,3.9929497914887357,0.3162059187889099,"Matt Brash",25756,666374
"Alex Hoppe","- - -",0,1,0,27,0,30.2,10.271739982251704,3.521739422486299,0.5869565704143831,0.32941176470588235,0.54726368,0.471264367,0.1,97.9556373476358,5.282609133729448,3.6930107827707017,2.91624947315353,3.0590544552320185,0.3121453486382961,"Alex Hoppe",31880,695380
"Sean Manaea","NYM",1,1,0,14,0,43,9.418605486723921,3.558139850540148,1.0465117207471024,0.3305785123966942,0.69491525,0.354838709,0.102040816,90.46385711984536,5.023256259586091,4.315702947198826,3.9630139735661896,4.182302677447882,0.30910688638687134,"Sean Manaea",15873,640455
"Tommy Nance","- - -",2,2,0,44,0,44.1,9.338348743962138,3.6541364650286625,1.0150379069524063,0.288135593220339,0.8,0.479338842,0.142857142,,3.2481213022477,4.100034930010941,3.688315709106747,3.4213351772244005,0.3079066649079323,"Tommy Nance",19178,667297
"Tyler Holton","DET",1,4,2,48,0,51.2,7.141936890029787,1.9161294095201868,1.04516149610192,0.29605263157894735,0.77738516,0.496815286,0.130434782,91.73041892538265,2.7870973229384535,3.4643667195226246,3.814776980710728,3.657470702654701,0.30610889196395874,"Tyler Holton",26231,663947
"Chase Dollander","COL",2,2,0,7,0,30.1,10.384615819935885,2.967033091410253,1.186813236564101,0.28205128205128205,0.74850299,0.5125,0.133333333,99.27570734797297,4.153846327974354,3.339696910136233,3.771600686264362,3.559590632240229,0.3048953711986542,"Chase Dollander",33482,801403
"Isaac Mattson","PIT",0,0,0,36,0,34.2,8.567309263542848,4.153846915657138,0.7788462966857134,0.33980582524271846,0.70866142,0.252427184,0.065217391,94.16077886189956,4.932693212342851,6.248861682214663,3.7716007842114925,4.662154136979566,0.2965792715549469,"Isaac Mattson",20385,676755
"Ryan Gusto","MIA",0,0,0,5,0,9.1,8.67857172416182,0,0,0.2857142857142857,0.375,0.535714285,0,94.60098337572674,3.8571429885163644,2.8919302633231716,1.1507214706771207,2.778186834353,0.2950250208377838,"Ryan Gusto",26440,687473
"José Suarez","- - -",1,3,1,40,0,53.2,8.72049823744966,3.6894415619979326,1.0062113350903452,0.33986928104575165,0.67024129,0.407643312,0.107142857,92.81252413819739,5.031056675451726,3.9988875803868877,3.992336583813579,4.123930146519838,0.2945615090429783,"Jose Suarez",19911,660761
"Blake Treinen","LAD",4,1,1,29,0,23,9.782611129415212,3.913044451766085,0.782608890353217,0.3064516129032258,0.78767123,0.5,0.095238095,94.64750635901163,3.5217400065894764,5.212066658390677,3.4705974101119113,3.727046171373149,0.292993426322937,"Blake Treinen",12572,595014
"Ryan Thompson","ARI",4,2,0,46,0,40.2,6.418034392318574,2.8770499000048777,0.6639345923088179,0.34782608695652173,0.70063694,0.507246376,0.078947368,91.28865269252232,4.42623061539212,4.050560202289938,3.7924078974151443,4.252754805988202,0.29053202271461487,"Ryan Thompson",16647,657044
"Robby Ahlstrom","TEX",3,1,0,31,0,26.1,7.518988794059037,2.7341777432941954,0.6835444358235488,0.2894736842105263,0.60897436,0.421052631,0.071428571,94.56880447491497,4.7848110507648425,3.613880332778918,3.5349892554843354,4.1627524168171615,0.2867620885372162,"Robby Ahlstrom",30167,695239
"Mason Fluharty","TOR",5,1,1,60,0,44.1,10.353387319063893,3.65413670084608,1.2180455669486934,0.2972972972972973,0.76612903,0.377192982,0.117647058,92.4697036743164,4.060151889828978,2.813571275761141,3.823654144737282,3.811639448658539,0.28332090377807617,"Mason Fluharty",31553,689254
"Brett Kerry","LAA",0,0,0,3,0,13.2,7.902439392017243,1.317073232002874,0.658536616001437,0.2564102564102564,0.60344828,0.475,0.071428571,91.68823483910892,3.9512196960086214,3.0028188348918303,2.713439289378949,3.3182354171045794,0.27416208386421204,"Brett Kerry",29826,695049
"Gerardo Carrillo","ARI",2,1,0,7,0,12.2,10.657895271797948,4.973684460172375,0,0.2413793103448276,0.85714286,0.535714285,0,96.68895321800595,0.7105263514531964,1.904514282323241,2.368766613482107,3.448033135226974,0.25848329067230225,"Gerardo Carrillo",22754,672629
"Jose Cuas","KCR",0,0,0,9,0,10.2,10.968751634471362,2.531250377185699,0,0.41379310344827586,0.86666667,0.24137931,0,91.97089970576299,1.6875002514571327,4.157855132243307,1.4855427274480115,3.194381555741816,0.2570451498031616,"Jose Cuas",17701,621016
"Kyle Hart","SDP",0,2,0,28,0,39.2,8.168068536080199,3.1764710973645216,0.9075631706755776,0.24528301886792453,0.57971014,0.485714285,0.1,93.82543103448276,4.764706646046782,3.3415118752570523,3.8608056952392724,4.081613415701321,0.25552669167518616,"Kyle Hart",19646,606996
"Drew Sommers","DET",0,2,0,27,0,20,13.500006437304705,4.500002145768235,0.900000429153647,0.4,0.74468085,0.533333333,0.153846153,94.84786896658416,3.600001716614588,2.502698995372077,3.0292929410934337,2.7166217456686645,0.2549929916858673,"Drew Sommers",32026,805427
"Taylor Rogers","MIN",6,3,2,49,0,42.2,7.8046900585767816,4.4296889521652005,0.6328127074521716,0.35555555555555557,0.70621469,0.34351145,0.051724137,,5.273439228768096,4.222685743453992,3.9464807492216116,5.097265236313678,0.2527696490287781,"Taylor Rogers",13449,573124
"Luis Castillo","SEA",1,1,0,3,0,11.1,8.735294362665467,3.176470677332897,0,0.29411764705882354,0.4,0.46875,0,96.16636799291237,5.55882368533257,2.898827865675024,2.4616458887872397,4.203991150014841,0.2522328495979309,"Luis Castillo",15689,622491
"Justin Bruihl","STL",0,0,0,54,0,59.2,6.184358991653803,3.3184365321069187,0.45251407256003434,0.2872340425531915,0.72463768,0.513368983,0.053571428,91.7355487530048,3.3184365321069187,3.8360299706940157,3.867002646799066,4.638994784937918,0.24758851528167725,"Justin Bruihl",23779,677865
"Luinder Avila","KCR",0,1,0,9,0,18.1,7.854545999322093,4.418182124618678,0,0.36538461538461536,0.75,0.48076923,0,96.6260136471519,3.436363874703416,4.03831869201705,2.806565673292175,4.29791580464825,0.2453555464744568,"Luinder Avila",24452,679883
"Caleb Kilian","- - -",4,7,8,49,0,47.2,10.57342861835393,4.153846957210472,1.1328673519664925,0.29838709677419356,0.625,0.483870967,0.12,96.88894341916455,4.909091858521467,3.536553500581366,3.813558841209881,3.770517875922459,0.24431119114160538,"Caleb Kilian",26213,668873
"Hogan Harris","ATH",3,1,11,55,0,52,12.115388170502932,5.884617111387139,1.0384618431859656,0.3387096774193548,0.82697201,0.4296875,0.130434782,95.30579514471476,3.6346164511508796,3.8306117848230734,4.136985582995083,3.980687663425669,0.23267145454883575,"Hogan Harris",21520,663687
"Victor Mederos","ATL",2,0,1,13,0,18.1,8.345455124279724,3.436363874703416,0.49090912495763084,0.2549019607843137,0.69444444,0.333333333,0.035714285,97.17055457746478,3.9272729996610467,3.260288603976929,3.4065657149070567,5.017352738744373,0.232137992978096,"Victor Mederos",31533,682989
"Daniel Palencia","CHC",2,1,3,19,0,16.2,10.260001565551997,3.2400004943848413,1.080000164794947,0.3409090909090909,0.89108911,0.304347826,0.105263157,99.49043782552083,2.7000004119873675,3.7514038661629727,3.439293019866952,3.6109161340269633,0.22440403699874878,"Daniel Palencia",27914,694037
"Aaron Civale","- - -",0,1,1,6,0,11.2,10.028572794856043,2.314286029582164,0.771428676527388,0.40540540540540543,0.68181818,0.297297297,0.055555555,91.9844480242048,5.400000735691716,3.5609742683906003,2.7364357753675748,3.965700272428282,0.22429610043764114,"Aaron Civale",19479,650644
"Jack Anderson","- - -",1,0,1,7,0,12.1,8.756756982462006,2.1891892456155015,0.7297297485385005,0.28125,0.86206897,0.34375,0.076923076,91.21048990885417,2.1891892456155015,3.7733973881391902,2.9171307985934143,3.4641507375606406,0.22372237592935562,"Jack Anderson",30086,681252
"Nate Pearson","- - -",2,0,2,23,0,26.2,7.425000708103248,4.725000450611158,0.33750003218651126,0.2571428571428571,0.74404762,0.422535211,0.037037037,97.6041604746943,2.70000025749209,4.398471847266597,3.7167930257320467,4.7672478422025035,0.2202538624405861,"Nate Pearson",20160,663878
"Ryan Fernandez","STL",1,2,0,11,0,13.1,13.500002253055948,4.725000788569582,0.6750001126527975,0.3225806451612903,0.54216867,0.4375,0.083333333,94.43712361653645,2.70000045061119,3.521087866041743,2.629292889833438,3.021363814192914,0.21946191787719727,"Ryan Fernandez",24862,681676
"Joe Mantiply","TOR",1,0,0,17,0,17.2,8.150945449563446,2.0377363623908615,0.5094340905977154,0.30612244897959184,0.86734694,0.489361702,0.066666666,,2.0377363623908615,4.6616011418678855,2.8528778135585404,3.4067183860273795,0.21843494474887848,"Joe Mantiply",14857,573009
"AJ Blubaugh","HOU",4,2,1,46,0,75,9.240000939941503,3.960000402832072,1.200000122070325,0.24870466321243523,0.78481013,0.328282828,0.0990099,95.69305410660091,3.480000354003942,3.980321352623082,4.159293074798596,4.471502836209824,0.21793511509895325,"AJ Blubaugh",31764,805123
"Tyler Phillips","MIA",0,0,2,16,0,34.2,7.788462109819713,4.932692669552486,0.5192308073213142,0.27,0.86580087,0.45,0.055555555,97.04352276141827,1.8173078256245998,3.9812649577063604,3.829293019954979,4.656682533258351,0.21486446261405945,"Tyler Phillips",20629,663969
"Jaden Hill","COL",0,2,2,32,0,26.2,9.450003604890291,5.737502188683391,0.6750002574921636,0.3246753246753247,0.7239819,0.454545454,0.066666666,97.23022126498287,5.062501931191227,4.189519348064147,4.204293394088909,4.938132247683193,0.21421082317829132,"Jaden Hill",30250,677955
"Robbie Ray","SFG",1,0,0,1,0,6.1,11.368421623251143,2.8421054058127857,0,0.15384615384615385,1,0.307692307,0,92.30866033380681,0,2.6110356629753184,1.5003455172615334,2.9393675462546898,0.21154430508613586,"Robbie Ray",11486,592662
"Brandon Eisert","- - -",2,2,0,28,0,29.2,10.314608288931215,3.3370791523012753,1.2134833281095547,0.325,0.56497175,0.426829268,0.142857142,89.84761323474703,6.067416640547774,3.5888207141730364,3.652326758764815,3.333150083539188,0.2110934853553772,"Brandon Eisert",27668,685126
"Bubba Chandler","PIT",0,1,0,1,0,5.1,11.812500704079909,3.375000201165688,0,0.09090909090909091,0,0.181818181,0,97.9311014811198,3.375000201165688,2.2256452875802664,1.5792928755283304,3.288131551040029,0.20531955361366272,"Bubba Chandler",29868,696149
"Franco Aleman","CLE",0,0,0,16,0,17.1,11.42307901805713,3.6346160511999956,1.0384617289142846,0.3333333333333333,0.85585586,0.34090909,0.086956521,96.01589707711443,3.1153851867428535,2.6138131168512517,3.598523829392445,4.114077113385916,0.20388378202915192,"Franco Aleman",30195,680916
"Daniel Duarte","NYM",1,0,1,12,0,17.1,6.75000123794285,2.5961543222857113,0.5192308644571423,0.1590909090909091,0.95238095,0.431818181,0.066666666,94.43430047286184,1.0384617289142846,2.826891921479984,3.367754556300382,3.9322458703328382,0.20341098308563232,"Daniel Duarte",17480,650960
"Burch Smith","DET",0,1,0,12,0,16.2,10.80000164794947,3.7800005767823146,0.5400000823974735,0.34146341463414637,0.77669903,0.560975609,0.083333333,94.0919677734375,2.160000329589894,3.217988430977222,2.719292910003654,3.0329496450043383,0.20262932777404785,"Burch Smith",12784,572143
"Keegan Thompson","COL",0,0,0,5,0,12,8.250001311302393,1.500000238418617,0.7500001192093085,0.4186046511627907,0.51020408,0.302325581,0.052631578,92.33175936612216,8.250001311302393,7.574843498710511,2.8292929251988665,4.15099186857226,0.20164631307125092,"Keegan Thompson",19795,624522
"Jacob Lopez","ATH",1,0,0,3,0,8.2,8.307692917141027,4.153846458570514,0,0.42857142857142855,0.625,0.333333333,0,91.04521326864919,6.230769687855771,4.321216395477492,2.6177544695385793,4.195144037861628,0.199569433927536,"Jacob Lopez",25098,682052
"Rico Garcia","BAL",4,1,5,55,0,49.2,9.422820721890385,2.8993294528893494,1.6308728172502591,0.18803418803418803,0.70621469,0.411290322,0.173076923,95.38803150614754,3.624161816111687,3.21508846025727,4.367883832886125,3.602507494114325,0.19800309836864471,"Rico Garcia",20023,670329
"Cam Sanders","- - -",1,0,1,13,0,14.1,10.67442097207468,6.279071160043929,0.627907116004393,0.3333333333333333,0.59322034,0.384615384,0.066666666,96.08515979397681,6.9069782760483225,4.377254550469439,3.91650245294116,4.599143137974833,0.19069841131567955,"Cam Sanders",23479,676742
"Yoendrys Gómez","- - -",2,2,17,50,0,53.1,8.437501408159967,4.725000788569582,1.1812501971423954,0.2569444444444444,0.79754601,0.275167785,0.094594594,95.74801779621588,3.375000563263987,5.20077311272893,4.654293227791831,5.055610868945875,0.18685081601142883,"Yoendrys Gomez",22872,672782
"Adrian Houser","SFG",1,1,0,9,0,31,4.935484478302553,1.7419356982244305,0.8709678491122153,0.21052631578947367,0.88709677,0.474226804,0.076923076,95.92417279411765,2.0322583145951687,3.5671147812499964,3.8212285401049675,4.474123369482537,0.18116918206214905,"Adrian Houser",12718,605288
"Brant Hurter","DET",4,1,0,21,0,25.1,6.394738607459939,4.263159071639959,0.3552632559699966,0.2028985507246377,0.71428571,0.602941176,0.071428571,92.38069661458333,2.8421060477599727,3.8463777306805342,3.7108720866597413,4.037143756773502,0.17778466641902924,"Brant Hurter",30133,676428
"Logan VanWey","HOU",1,0,0,5,0,6,7.5,0,0,0.29411764705882354,0.6,0.375,0,93.47002563476562,1.5,2.3560350473838785,1.4126262982686366,3.437916459639868,0.17772048711776733,"Logan VanWey",31884,701121
"Sam Moll","CIN",1,7,1,55,0,47.1,9.126763015199854,4.943663299899921,0.9507044807499847,0.28125,0.67692308,0.528,0.142857142,92.66648220486111,4.1830997152999325,4.43090576062235,4.389152471746393,4.139093251105423,0.17582213878631592,"Sam Moll",14874,594580
"Brad Keller","PHI",2,1,3,32,0,31.1,9.19149029422215,3.734042932027749,1.1489362867777688,0.2976190476190476,0.75520833,0.443181818,0.129032258,,4.021277003722191,3.3249480061507746,4.1324845611482575,3.975718468175975,0.17535535991191864,"Brad Keller",15734,641745
"Casey Legumina","- - -",2,2,0,36,0,43.2,6.389314046919605,2.2671759521327632,0.8244276189573684,0.3037037037037037,0.72695035,0.352941176,0.076923076,93.40259110300164,4.328244999526184,4.916972990886054,4.0182244198589725,4.636231766699598,0.1721093524247408,"Casey Legumina",25921,668984
"Hunter Gaddis","CLE",1,3,1,47,0,40,8.775002510548356,3.8250010943415913,1.1250003218651738,0.2956521739130435,0.82352941,0.305084745,0.087719298,94.95238226232394,3.6000010299685563,4.613895305228743,4.179293279647918,4.7188222939739095,0.1718708723783493,"Hunter Gaddis",25636,683769
"Kody Funderburk","MIN",3,1,1,39,0,38,7.578948890073453,5.210527361925499,0.4736843056295908,0.22549019607843138,0.8008658,0.577319587,0.076923076,,2.842105833777545,3.7981237807463333,3.9740299866800854,4.329113167096104,0.16897797584533691,"Kody Funderburk",24993,681892
"Brady Basso","ATH",0,0,0,13,0,16.2,7.020001071167155,1.080000164794947,1.080000164794947,0.3620689655172414,0.67567568,0.35,0.086956521,93.30192522321428,5.400000823974735,4.02182560601255,3.439293019866952,3.975468418700049,0.16821417212486267,"Brady Basso",25582,669620
"Tatsuya Imai","HOU",0,0,0,2,0,6,12,3,0,0.23076923076923078,1,0.23076923,0,94.57340494791667,0,2.9648289304019855,1.4126262982686366,3.184755189468464,0.16796226799488068,"Tatsuya Imai",37124,837227
"Drew Anderson","DET",4,4,2,38,0,56.1,10.544380364291909,3.1952667770581544,1.4378700496761694,0.3129251700680272,0.70783133,0.477124183,0.166666666,96.05743105417754,4.633136826734324,3.695574376819019,4.091127444337052,3.470256071719006,0.16280005872249603,"Drew Anderson",15130,623454
"Noah Schultz","CHW",0,1,0,1,0,5,7.2,0,0,0.21428571428571427,0.75,0.461538461,0,95.822509765625,1.8,2.6462938594111813,2.079292964935303,3.598260585963726,0.15385493636131287,"Noah Schultz",32056,702273
"Brock Stewart","LAD",0,1,1,14,0,14.2,8.590910021923891,3.068182150687104,1.2272728602748415,0.11764705882352941,0.73170732,0.472222222,0.125,95.51738556338029,2.454545720549683,2.081734682417437,3.965656697356022,3.849984998669628,0.1533256620168686,"Brock Stewart",16727,592779
"Hayden Juenger","- - -",0,1,0,11,0,12.1,4.378378829788912,4.378378829788912,0,0.3958333333333333,0.61538462,0.25,0,94.74707946777343,7.2972980496481865,6.066578840991053,3.8090227699001216,6.395373310195662,0.1518152393400669,"Hayden Juenger",29640,696522
"Andrew Kittredge","BAL",1,3,6,41,0,35.1,7.641510533964126,2.547170177988042,1.273585088994021,0.2882882882882883,0.575,0.464285714,0.135135135,,3.5660382491832587,3.882481448688868,4.069859145263986,3.8208535050246506,0.1514262706041336,"Andrew Kittredge",12828,552640
"Tanner Gordon","COL",0,1,0,11,0,44.1,8.32330850940528,1.6240601969571278,1.8270677215767688,0.3282442748091603,0.63291139,0.288888888,0.130434782,93.18041731539147,5.684210689349947,4.9025767994611495,4.4101200707751715,4.1351298189246375,0.14982013404369354,"Tanner Gordon",27669,685299
"Zack Kelly","BOS",0,2,0,17,0,16.1,7.7142881165447985,3.8571440582723993,0.5510205797532,0.2708333333333333,0.67961165,0.458333333,0.071428571,96.45621744791667,3.3061234785191993,5.929730178635018,3.630313544688503,4.136367581524535,0.14938463270664215,"Zack Kelly",20349,677161
"Noah Cameron","KCR",0,0,0,1,0,7,10.285714285714286,3.857142857142857,0,0.15384615384615385,1,0.461538461,0,94.04737091064453,0,3.183994019939783,2.079292964935303,2.9472744626658307,0.1484440416097641,"Noah Cameron",30184,702070
"Keegan Akin","BAL",0,1,0,22,0,23.1,5.014286807313495,3.4714293281401125,0.7714287395866917,0.3132530120481928,0.58479532,0.325301204,0.048780487,93.69534080615942,5.785715546900187,3.792281285368451,4.236436074315341,5.791193804461288,0.14687441289424896,"Keegan Akin",19362,669211
"Garrett Acton","MIN",1,1,0,4,0,6.2,12.150001158714405,4.050000386238135,0,0.26666666666666666,0.375,0.333333333,0,95.0120365203373,2.70000025749209,2.5639977630681297,2.1792928791046067,3.7742090332875087,0.14659281075000763,"Garrett Acton",27583,670183
"Bryse Wilson","- - -",0,0,0,10,0,25.2,7.012987447279611,0.701298744727961,1.0519481170919416,0.37209302325581395,0.7183908,0.379310344,0.1,93.16746360377262,4.909091213095728,4.51694654543559,3.507864420046835,3.7638006163190036,0.14516837475821376,"Bryse Wilson",19990,669060
"Kervin Castro","NYY",0,0,0,5,0,6.1,11.36842333511018,2.842105833777545,0,0.23076923076923078,0.8,0.538461538,0,93.6976826985677,1.4210529168887724,2.2668679885462426,1.5003452795033336,2.459693443290907,0.1448870748281479,"Kervin Castro",21656,665645
"Dietrich Enns","BAL",3,0,0,13,0,16,7.312501307577128,6.187501106411417,0,0.2826086956521739,0.66666667,0.318181818,0,93.91192626953125,3.9375007040799925,3.7625139497828095,3.5167930431664134,5.70030938883792,0.14328190684318542,"Dietrich Enns",13932,608650
"Victor Vodnik","- - -",3,3,4,37,0,41,6.804878681915905,4.829268742004836,0.658536646637023,0.3333333333333333,0.65349544,0.564885496,0.088235294,98.57099825787742,5.268293173096184,4.294567726902329,4.274415027350641,4.5828272295815085,0.14180362969636917,"Victor Vodnik",24614,680767
"Riley Martin","CHC",0,0,0,7,0,7.1,11.045455024262125,2.454545560947139,1.2272727804735695,0.25,0.89285714,0.375,0.142857142,94.8241954985119,2.454545560947139,3.045644768010507,3.215656607210144,2.892852958744114,0.13897013664245605,"Riley Martin",29934,702303
"Anthony Nunez","BAL",3,2,3,40,0,45,9.20000077989373,4.400000372992653,1.0000000847710575,0.2727272727272727,0.63636364,0.401639344,0.108695652,96.21694918291284,4.600000389946865,4.211852908265042,4.079293049706361,4.187571071492035,0.13712216913700104,"Anthony Nunez",25796,689296
"Tom Cosgrove","WSN",0,2,1,12,0,11,7.363638917277568,2.454546305759189,0.8181821019197297,0.2727272727272727,0.63492063,0.323529411,0.052631578,,3.272728407678919,2.891507328509397,3.7156568219839814,5.157510485599914,0.13468553125858307,"Tom Cosgrove",23443,676680
"Pete Fairbanks","MIA",3,4,18,39,0,36.1,12.385321534369286,3.715596460310786,1.7339450148117002,0.2839506172839506,0.60209424,0.209302325,0.14,97.4269849886707,5.449541475122486,4.041632159181653,4.317825118372232,3.903560362170111,0.133590966463089,"Pete Fairbanks",17998,664126
"Wandy Peralta","SDP",2,2,0,49,0,57,5.526316899011893,3.315790139407136,0.7894738427159846,0.30726256983240224,0.78947368,0.474860335,0.09090909,96.20186941964286,3.6315796764935295,4.053462948976136,4.202100207909147,4.527419907550407,0.13292057812213898,"Wandy Peralta",14295,593974
"Hunter Dobbins","STL",1,0,1,3,0,14,9.000000613076388,1.9285715599449402,1.285714373296627,0.3333333333333333,0.85526316,0.463414634,0.142857142,95.49956597222223,3.214285933241567,3.606457745607184,3.5792929989951023,3.241117739844307,0.13256095349788666,"Hunter Dobbins",30240,690928
"Brad Lord","WSN",5,2,1,27,0,56.2,8.100000908795627,3.017647397394449,1.1117648306190075,0.25949367088607594,0.73954984,0.576687116,0.162790697,94.66971203512396,3.97058868078217,4.422445746603034,4.155763673947358,3.7025096414034286,0.13130949437618256,"Brad Lord",31972,695418
"José A. Ferrer","SEA",4,2,3,54,0,49,7.530613417428996,2.571428971805023,0.9183674899303654,0.31788079470198677,0.8,0.549019607,0.111111111,95.5438003540039,3.4897964617353887,3.546637767921318,3.8956196226511834,3.964059285272249,0.13128791749477386,"Jose A. Ferrer",24017,678606
"Garrett Stallings","MIL",0,0,0,4,0,8,10.125,3.375,0,0.16666666666666666,1,0.352941176,0,92.27769470214844,0,1.4059644038762722,1.954292964935303,3.663131538592279,0.13065271079540253,"Garrett Stallings",27485,668831
"Tyler Davis","CHW",2,3,1,24,0,26.1,7.518988794059037,5.126583268676616,0.6835444358235488,0.22388059701492538,0.61643836,0.405797101,0.068965517,96.28544560185185,4.101266614941293,3.4292085222947364,4.104609618670626,4.790055105867347,0.129006028175354,"Tyler Davis",34847,699823
"Eduard Bazardo","SEA",3,3,0,56,0,52,8.826925019541157,2.4230774563446316,1.3846156893397894,0.3150684931506849,0.81314879,0.313333333,0.112676056,95.60989990234376,3.288462262182,4.252732247266896,3.9831393176987766,4.057114354998684,0.12791863083839417,"Eduard Bazardo",20997,660825
"Cooper Criswell","SEA",2,1,1,26,0,30.2,6.7500005597654065,2.3478262816575324,0.8804348556215748,0.29069767441860467,0.73170732,0.602272727,0.125,91.05874197823661,3.521739422486299,3.3710958788771572,3.7314669320623954,3.6484850633770156,0.1257229447364807,"Cooper Criswell",24975,681867
"Yuki Matsui","SDP",3,1,0,34,0,46,9.391305905434303,5.08695736544358,1.1739132381792878,0.2,0.90128755,0.29245283,0.098360655,91.80204463505245,2.3478264763585757,3.3104620251062067,4.514075811598876,4.832706840157478,0.12360331416130066,"Yuki Matsui",33826,673513
"Blade Tidwell","SFG",0,0,1,8,0,12,7.5,2.25,0.75,0.28125,0.79365079,0.363636363,0.071428571,96.34921746504934,3,3.608373076428632,3.49595963160197,4.184755189468464,0.12317385524511337,"Blade Tidwell",31701,694918
"Eddy Yean","WSN",0,0,0,6,0,7.2,7.043479721127328,2.347826573709109,0,0.1,1,0.6,0,96.7196533203125,0,2.246967045805657,2.6879885359837847,3.8767460510685314,0.12280894070863724,"Eddy Yean",24248,678868
"Cristian Javier","HOU",1,0,0,4,0,9,13,3,1,0.3,1,0.238095238,0.09090909,93.47896272590361,1,3.32070640047053,2.6348485204908583,3.046920057303376,0.12234783917665482,"Cristian Javier",17606,664299
"Scott Blewett","- - -",0,0,0,7,0,11.2,3.8571433826369397,3.085714706109552,0,0.27906976744186046,0.6875,0.452380952,0,95.60596499235734,2.314286029582164,3.983579478461371,3.250721559719167,4.813088468489716,0.121732281986624,"Scott Blewett",16427,656240
"Zach Agnos","COL",0,1,2,28,0,60.2,5.63736287367948,3.1153847459807658,0.8901099274230759,0.3251231527093596,0.58035714,0.391304347,0.075,94.48141355436992,6.2307694919615315,5.445199452247721,4.397974338895415,5.115294308782991,0.1195557489991188,"Zach Agnos",31552,688642
"JoJo Romero","STL",1,3,0,44,0,43,9.000002395275665,3.348838100567689,1.0465119064274029,0.2966101694915254,0.81132075,0.483333333,0.125,94.51318359375,3.348838100567689,4.832729219961376,3.9862699505057186,3.8876351531185387,0.11716731637716293,"JoJo Romero",19574,668941
"Tyler Samaniego","BOS",0,2,0,19,0,19.1,6.982760457732223,3.7241389107905185,0.4655173638488148,0.2727272727272727,0.89430894,0.509803921,0.058823529,93.86171751384494,0.9310347276976296,4.625846571007375,3.7517069349391465,4.414937258948478,0.11560582369565964,"Tyler Samaniego",30081,701719
"Ryan Yarbrough","NYY",2,1,2,27,0,41.1,6.31451690606356,3.9193553210049688,0.6532258868341614,0.2619047619047619,0.6133829,0.352,0.054545454,87.45469835069444,3.9193553210049688,3.4973992449130207,4.216389879054028,5.294048539646416,0.11502757668495178,"Ryan Yarbrough",16502,642232
"Tyler Zuber","MIA",1,1,1,25,0,22.1,10.880599492907052,1.6119406656158597,1.6119406656158597,0.3448275862068966,0.77868852,0.483870967,0.173913043,95.12960012335526,3.6268664976356844,3.162329618852741,3.795711038542352,3.031662593654399,0.11447285115718842,"Tyler Zuber",20379,676604
"Alec Gamboa","BOS",0,0,1,8,0,14,7.714286239779761,3.214285933241567,0.6428571866483135,0.28205128205128205,0.8974359,0.461538461,0.076923076,95.7686767578125,1.9285715599449402,2.8049243253376654,3.365007270112331,3.8469058081797427,0.114198237657547,"Alec Gamboa",26227,687941
"José Fermin","LAA",4,2,1,37,0,40.1,10.710746165353543,4.462810902230643,1.1157027255576608,0.26804123711340205,0.79166667,0.475247524,0.15625,96.79854600694445,3.12396763156145,4.0652854497183695,4.095822114887838,3.689383112950949,0.11320658773183823,"Jose Fermin",33908,820862
"Brian Fitzpatrick","MIL",0,0,0,5,0,6.2,6.750000643730225,4.050000386238135,0,0.3181818181818182,0.8,0.545454545,0,93.79762961647727,1.350000128746045,2.704472994354592,2.9292929506301872,4.524209104813089,0.11269724369049072,"Brian Fitzpatrick",31624,702153
"Will Dion","- - -",1,0,0,14,0,23.1,10.02857197508523,1.5428572269361893,1.5428572269361893,0.3387096774193548,0.6557377,0.34375,0.153846153,91.30268898988382,3.857143067340473,3.79505234359124,3.722150142825382,3.1861426056183895,0.11148973181843758,"Will Dion",30061,702021
"Reynaldo López","ATL",2,0,0,13,0,22,7.7727272727272725,4.090909090909091,0.8181818181818182,0.2698412698412698,0.76335878,0.38095238,0.083333333,94.55765369450934,3.272727272727273,4.33532397423423,3.8974747831171213,4.372712187875401,0.10593827813863754,"Reynaldo Lopez",16400,625643
"Michael Rucker","SEA",0,4,0,24,0,24.1,10.726027957760952,3.3287672972361575,1.1095890990787192,0.3384615384615385,0.55194805,0.462686567,0.136363636,95.97923519736842,5.178082462367357,3.692211182318705,3.531347783078485,3.3019212366768835,0.10387899726629257,"Michael Rucker",19454,621074
"Tyler Schweitzer","CHW",1,0,1,11,0,22.2,4.367647548860387,3.573529812703953,0.397058868078217,0.2602739726027397,0.79710145,0.378378378,0.032258064,94.31663907284768,2.779412076547519,5.431161240555596,3.873410701091737,5.377293057405784,0.1028565764427185,"Tyler Schweitzer",31920,805326
"Simeon Woods Richardson","- - -",2,0,0,6,0,16,5.0625,5.625,0,0.2222222222222222,0.95,0.318181818,0,92.46567769569926,0.5625,4.548937986894105,3.829292964935303,5.728002491220832,0.10230262950062752,"Simeon Woods Richardson",24494,680573
"A.J. Minter","- - -",1,2,0,29,0,28,7.714287028020966,0.9642858785026207,1.607143130837701,0.25316455696202533,0.90909091,0.407407407,0.128205128,92.9698712004333,2.2500003831727815,3.3473284215718064,4.11500742703071,3.909283721285761,0.10117959417402744,"A.J. Minter",18655,621345
"Dax Fulton","MIA",0,0,0,6,0,14,7.714285714285714,6.428571428571429,0,0.2571428571428571,0.63157895,0.657142857,0,95.0072991786859,4.5,3.779690709173326,3.5078643935067313,4.375845891237259,0.10093367099761963,"Dax Fulton",27757,690978
"Andrew Painter","PHI",0,0,0,2,0,10,9,3.6,0.9,0.2857142857142857,0.60344828,0.518518518,0.142857142,96.35920948093221,5.4,3.162541097331025,3.579292964935303,3.342570299655199,0.09961642324924469,"Andrew Painter",30091,691725
"Kenley Jansen","DET",3,4,14,35,0,31.2,10.51579031820119,5.684210982811455,1.4210527457028637,0.20833333333333334,0.75757576,0.2,0.116279069,,3.9789476879680183,3.449937321454032,4.6898194100652155,4.6997859699463245,0.09892106056213379,"Kenley Jansen",3096,445276
"Paul Gervase","LAD",0,0,0,4,0,7.2,9.39130512663013,5.869565704143831,0,0.3333333333333333,0.83333333,0.45,0,92.72294921875,2.3478262816575324,3.918704697605485,2.9488581715098845,4.533867994459818,0.09622231125831604,"Paul Gervase",31571,801434
"Tayler Saucedo","LAA",0,0,0,10,0,6.2,13.50000997782491,2.700001995564982,1.350000997782491,0.4,0.69767442,0.3125,0.1,92.79332386363636,5.400003991129964,4.145922902361493,3.3792931866647455,3.707744860965223,0.09452599287033081,"Tayler Saucedo",17888,642048
"Bruce Zimmermann","STL",0,0,0,1,0,5,3.6,1.8,0,0.3333333333333333,0.57142857,0.333333333,0,89.33348846435547,5.4,2.793493296427877,2.8792929649353027,5.613434682786465,0.09407219290733337,"Bruce Zimmermann",20370,669145
"Travis Adams","MIN",2,0,2,27,0,35.1,10.698114747549777,4.330189302579671,1.273585088994021,0.32608695652173914,0.64444444,0.358695652,0.119047619,94.46360719358766,5.858491409372497,4.03492739915672,3.9849534726643845,3.9508961116257737,0.09127357602119446,"Travis Adams",30180,701519
"Khristian Curtis","PIT",0,0,0,1,0,5,7.2,3.6,0,0.18181818181818182,1,0.454545454,0,94.75169067382812,0,4.5046803088355105,2.679292964935303,3.590673537552357,0.08959264308214188,"Khristian Curtis",33865,694753
"Grant Anderson","MIL",3,3,0,44,0,48.2,7.5821933656861535,3.328767819081726,1.2945208185317822,0.23387096774193547,0.7300885,0.348837209,0.111111111,93.37046348625887,3.6986309100908064,3.1924621959559896,4.435457631968599,4.53192943551968,0.08810052275657654,"Grant Anderson",20546,681982
"Sam Aldegheri","LAA",1,1,0,3,0,8,9.000001072883734,3.3750004023314,1.1250001341104667,0.2857142857142857,0.93023256,0.238095238,0.071428571,92.07909071180555,1.1250001341104667,2.382058681407497,3.8292930543422807,4.86248651430828,0.08765622228384018,"Sam Aldegheri",26443,691951
"Greg Weissert","BOS",3,2,1,48,0,45.1,8.735295832776204,2.7794123104287927,1.3897061552143963,0.28225806451612906,0.76763485,0.4375,0.14,94.15939240408416,3.970589014898275,3.3980117958538165,4.204293185823148,3.872272114413915,0.08506320416927338,"Greg Weissert",20375,669711
"George Soriano","STL",6,3,2,54,0,52.2,9.056963774662023,3.7594943970295187,1.3670888716470977,0.2463768115942029,0.80291971,0.416666666,0.13559322,96.60125492125984,3.5886082880736314,4.2988333047592375,4.408407145703315,4.135351832975745,0.08293144404888153,"George Soriano",21863,666277
"Bennett Sousa","HOU",0,1,0,15,0,12,9.7500023245817,5.250001251697839,0.750000178813977,0.26666666666666666,0.68493151,0.258064516,0.055555555,94.03437943892045,3.000000715255908,3.146080517353936,3.745959790547727,4.941078173695455,0.07964514940977097,"Bennett Sousa",21345,656986
"Cade Gibson","MIA",2,0,0,27,0,31,7.548388490071787,4.064516879269424,0.5806452684670605,0.3263157894736842,0.6097561,0.494736842,0.086956521,92.29936872209821,5.516130050437075,3.9585548683280467,4.079293149517463,4.36755950219898,0.07832781970500946,"Cade Gibson",31815,806188
"Ryan Watson","- - -",1,0,1,37,0,57.1,6.906977127151552,2.9825583049063518,1.255814023118464,0.27586206896551724,0.73353293,0.391061452,0.111111111,94.3494128552112,4.395349080914624,5.569369160780053,4.509525602375776,4.60311285257727,0.07769317179918289,"Ryan Watson",27853,670245
"William Kempner","MIA",1,0,0,9,0,12.1,10.216217269507462,2.9189192198592746,0.7297298049648187,0.2413793103448276,0.79365079,0.3,0.076923076,95.5502217610677,2.9189192198592746,3.9109237272930466,3.3225362332569093,3.8695562145224263,0.0759953185915947,"William Kempner",31615,687531
"DL Hall","MIL",1,0,0,27,0,32.2,8.816328246511391,6.612246184883543,0.551020515406962,0.2236842105263158,0.82524272,0.487179487,0.074074074,94.79048775337837,2.7551025770348097,3.836418980218278,4.211946246605169,4.671501206489022,0.07265894114971161,"DL Hall",22207,669084
"Carlos Rodriguez","MIL",0,0,0,4,0,9.1,7.714285977032729,3.8571429885163644,0.9642857471290911,0.3103448275862069,0.79365079,0.233333333,0.0625,94.08189174107143,3.8571429885163644,3.281460201232347,4.043578712064394,5.2546661036482245,0.07252930104732513,"Carlos Rodriguez",30161,692230
"Drew Rom","- - -",1,0,0,6,0,6.2,16.2000038623819,5.4000012874606345,1.3500003218651586,0.38461538461538464,0.93023256,0.285714285,0.142857142,92.07883071899414,2.7000006437303172,2.873041111154583,3.229293000698098,2.8742089181193005,0.07235199399292469,"Drew Rom",24602,680723
"Kai-Wei Teng","HOU",2,1,0,15,0,24.1,8.876714184217935,3.328767819081726,1.1095892730272419,0.17543859649122806,0.91743119,0.372881355,0.107142857,94.27474496384298,2.2191785460544837,3.4384304152647736,4.312169934965572,4.4572833922346575,0.06892520934343338,"Kai-Wei Teng",24282,678906
"Xzavion Curry","NYM",0,0,0,7,0,16,5.625000335276147,3.937500234693303,1.1250000670552294,0.25,0.87912088,0.26,0.0625,90.71392463235294,2.8125001676380736,3.172399291290464,4.766793065518147,6.179728391792501,0.06801662594079971,"Xzavion Curry",25595,675540
"Martín Pérez","ATL",0,0,0,4,0,9.1,10.607143218420003,0,1.9285714942581822,0.15789473684210525,1,0.4,0.25,,1.9285714942581822,2.7784642951099845,3.5078644081037877,2.024122318449339,0.0617561936378479,"Martin Perez",6902,527048
"Codi Heuer","CLE",0,1,0,8,0,9.2,5.586208366185778,4.655173638488148,0,0.35294117647058826,0.72222222,0.411764705,0,95.14285799352135,4.655173638488148,4.776309290155061,3.6999827834003893,5.742732880126422,0.05975114926695824,"Codi Heuer",23293,676051
"Trevor Williams","WSN",0,0,0,6,0,11.1,11.117648306190077,1.588235472312868,1.588235472312868,0.32142857142857145,0.98214286,0.566666666,0.222222222,89.91138780381945,2.382353208469302,3.1552549312695013,3.696940093056974,2.609061317111069,0.058941569179296494,"Trevor Williams",16977,592866
"Jake Woodford","- - -",1,0,1,18,0,26.1,7.860760442608271,2.3924053520981694,1.3670887726275254,0.391304347826087,0.62801932,0.4,0.133333333,92.71025797526042,7.177216056294508,5.971578792359069,4.104609544405946,3.8603954122989927,0.05765164643526077,"Jake Woodford",18674,663765
"Paxton Schultz","WSN",1,2,1,26,0,31.1,8.904256764555061,3.1595749809711506,1.4361704458959776,0.36363636363636365,0.60869565,0.326732673,0.102040816,93.58800899621212,6.319149961942301,4.892620450614327,4.32397401804515,4.624912793397698,0.04959255829453468,"Paxton Schultz",25501,687606
"Hunter Bigge","TBR",1,1,0,18,0,19.1,6.5172424509184035,6.5172424509184035,0.4655173179227431,0.23214285714285715,0.41353383,0.421052631,0.037037037,96.76508908155488,6.982759768841146,4.043923442624443,4.475844918703532,5.924748213895271,0.04868724197149277,"Hunter Bigge",26259,685801
"Alimber Santa","HOU",0,1,0,10,0,15.1,5.282609133729448,3.521739422486299,0.5869565704143831,0.16279069767441862,0.63492063,0.5,0.066666666,95.58475748697917,1.1739131408287662,2.9398777567184284,3.927119122200523,4.565239673950866,0.04862368851900101,"Alimber Santa",28846,695001
"David Morgan","SDP",2,0,0,18,0,22,10.636366402808035,5.318183201404017,0.8181820309852333,0.39344262295081966,0.76530612,0.573770491,0.125,97.53955934758773,4.500001170418783,3.2322313672135907,4.0792932250283656,4.002178747537556,0.04752941057085991,"David Morgan",31616,688158
"John King","MIA",6,1,1,46,0,45.1,6.1544129730923265,2.5808828596838786,0.9926472537245687,0.175,0.75,0.456,0.102040816,90.76383463541667,2.7794123104287927,3.5477960207290966,4.270469669404785,4.478471477091739,0.042296312749385834,"John King",22051,667463
"Zach McCambley","CIN",0,0,0,7,0,7.2,8.217393007981883,7.043479721127328,0,0.36,0.75,0.44,0,93.74403530943627,4.695653147418218,6.599963737967416,3.992336632488845,5.577346652601841,0.04071062058210373,"Zach McCambley",27666,685112
"Daniel Espino","CLE",0,0,0,6,0,6,18.000002861023404,6.000000953674468,1.500000238418617,0.4,0.78947368,0.272727272,0.25,98.53931290064102,4.500000715255851,3.2188900583483138,3.245959658092927,2.0919378886850555,0.040430206805467606,"Daniel Espino",25625,682982
"JT Brubaker","SFG",0,0,2,36,0,55.2,5.820359946194945,3.7185632989578816,0.8083833258604091,0.23125,0.74576271,0.412121212,0.073529411,93.20760995370371,3.2335333034416363,4.748338815321905,4.246957768955894,4.934798534281162,0.0391138531267643,"JT Brubaker",17578,664141
"Josh Walker","BAL",0,0,0,12,0,14,7.714287816262331,2.571429272087444,1.285714636043722,0.275,0.77464789,0.404761904,0.105263157,92.469609375,3.2142865901093045,2.9137545607621536,4.079293237413753,4.283606493051844,0.03679252415895462,"Josh Walker",23617,677020
"Carl Edwards Jr.","NYM",0,0,0,2,0,6,16.500002622604786,6.000000953674468,1.500000238418617,0.2222222222222222,1,0.4,0.25,,1.500000238418617,2.742510629922154,3.579293044408175,2.425271275000304,0.033363308757543564,"Carl Edwards Jr.",13607,605218
"Carson Palmquist","WSN",0,0,0,5,0,5.2,3.176470944625736,3.176470944625736,0,0.2222222222222222,0.85714286,0.333333333,0,90.56627061631944,1.588235472312868,2.56417248322133,3.9616460051091185,6.642177401789153,0.03329737111926079,"Carson Palmquist",31612,687223
"Robert Garcia","TEX",0,1,0,9,0,8,6.750001609325793,7.875001877546758,0,0.23809523809523808,0.58333333,0.523809523,0,94.53705193014706,3.3750008046628963,4.696320546555989,4.204293233156268,5.343519220540227,0.03303065523505211,"Robert Garcia",23363,676395
"Matt Pushard","STL",0,0,0,6,0,7,7.714286765273879,5.14285784351592,0,0.2857142857142857,0.54545455,0.35,0,95.01982421875,5.14285784351592,5.166260127315592,3.5078644518949633,5.243827683862239,0.03138323128223419,"Matt Pushard",31870,690155
"Matt Waldron","- - -",1,1,0,10,0,21.1,9.281250138301404,2.1093750314321373,1.68750002514571,0.3389830508474576,0.64102564,0.409836065,0.148148148,92.04865326752534,5.906250088009984,3.244624869920135,4.157417981000617,3.642361368689774,0.030805899295955896,"Matt Waldron",25550,663362
"Zach Pop","PHI",0,0,0,6,0,5.1,8.43750050291422,5.062500301748532,0,0.15384615384615385,0.66666667,0.461538461,0,96.22346496582031,3.375000201165688,2.7609206266353166,3.454292987287046,5.163131662798745,0.03014352358877659,"Zach Pop",20185,647315
"Yerry De los Santos","NYY",0,0,0,7,0,10,7.2000006866455735,3.6000003433227867,0.9000000858306967,0.2903225806451613,0.71428571,0.548387096,0.1,94.93607177734376,0.9000000858306967,3.9472715432888226,3.9792930507659996,4.198260692676804,0.030073199421167374,"Yerry De los Santos",21420,660787
"José Urquidy","PIT",0,1,1,5,0,6.1,8.526316217438357,2.8421054058127857,1.4210527029063929,0.5185185185185185,0.44871795,0.5,0.111111111,92.98975372314453,8.526316217438357,4.123215366182413,4.184556178306942,4.290457539820776,0.029391473159193993,"Jose Urquidy",18413,664353
"Drey Jameson","ARI",0,0,0,11,0,17.1,6.750000495177085,4.673077265891828,0.5192308073213142,0.28846153846153844,0.69105691,0.37735849,0.052631578,96.30613319546569,4.673077265891828,4.37298628654925,4.060062267653341,4.975084534752439,0.02909800410270691,"Drey Jameson",26260,686753
"James Karinchak","ATL",0,0,0,9,0,9.2,7.448276351946887,4.655172719966804,0.9310345439933608,0.13043478260869565,0.92105263,0.291666666,0.066666666,94.99408083545919,1.8620690879867217,2.961352472674467,4.320672356926451,5.332863559577504,0.02902182936668396,"James Karinchak",20151,675916
"Connor Seabold","- - -",1,0,0,21,0,24,7.500001192093085,4.1250006556511964,0.7500001192093085,0.35443037974683544,0.7038835,0.4125,0.06060606,93.78773262830285,5.250000834465159,3.950119588417061,4.245959817038672,5.251207122399177,0.028651513624936342,"Connor Seabold",19695,657756
"Cal Quantrill","TEX",3,1,0,17,0,33.1,5.40000020599366,3.510000133895879,0.810000030899049,0.2549019607843137,0.6937799,0.323809523,0.063829787,93.90765830592105,3.780000144195562,5.390785969422073,4.579293022155764,5.551037404874947,0.02795022539794445,"Cal Quantrill",19312,615698
"Joel Peguero","SFG",0,0,0,11,0,11.1,3.9705893490144364,3.176471479211549,0,0.2702702702702703,0.6875,0.54054054,0,100.18059048587328,2.382353609408662,2.691241338517508,3.785175515871203,5.527521216942143,0.025417208671569824,"Joel Peguero",21951,666711
"Marco Gonzales","TEX",0,0,1,2,0,6,4.5,6,0,0.3333333333333333,0.90909091,0.3,0,90.17864668996711,1.5,3.088514404407792,4.079292964935304,6.8640669368207465,0.02434389479458332,"Marco Gonzales",15467,594835
"David Peterson","NYM",2,0,1,8,0,30.2,7.33695713017979,2.641304566864724,1.1739131408287662,0.2736842105263158,0.6779661,0.469387755,0.111111111,92.62118635506465,4.108695992900682,4.454289155798317,4.220597407407714,4.30808114369595,0.023621002212166786,"David Peterson",20302,656849
"Jake Bird","- - -",1,1,0,38,0,32.2,9.36735012927595,3.0306132771186896,1.3775514895994043,0.34782608695652173,0.69565217,0.412371134,0.138888888,,5.785716256317499,4.548297617378998,4.456844454534708,4.141012745647454,0.02320963889360428,"Jake Bird",21267,656234
"Jose Trevino","CIN",0,0,0,4,0,5,1.8,1.8,0,0.5384615384615384,0.5,0.346153846,0,41.09605341372283,14.4,9.056097491575574,3.8792929649353027,5.702054110169411,0.016538262367248535,"Jose Trevino",16725,624431
"Joey Gerber","NYM",0,0,0,7,0,8.1,8.640001318359577,4.320000659179788,1.080000164794947,0.23809523809523808,0.69767442,0.227272727,0.1,93.64896763392858,4.320000659179788,3.983454616149153,4.15929312973025,4.422054315058533,0.01591799408197403,"Joey Gerber",24591,680702
"JR Ritchie","ATL",0,0,1,6,0,18.1,8.345455124279724,4.909091249576308,0.9818182499152617,0.21739130434782608,0.89108911,0.44680851,0.117647058,94.48433430989583,2.454545624788154,4.552015175812512,4.442929423150944,4.433244852887415,0.015006130561232567,"JR Ritchie",31760,702275
"Gabe Speier","SEA",2,3,1,37,0,30.2,8.217393519072237,3.815218419569253,0.8804350199005968,0.25301204819277107,0.79365079,0.428571428,0.081081081,95.37998098544973,2.9347833996686563,4.02069154311207,4.285815029243528,4.846743505794345,0.012478241696953773,"Gabe Speier",17170,642100
"Anthony Banda","MIN",2,0,2,39,0,34.1,8.650488640679162,3.9320402912178007,0.7864080582435602,0.28865979381443296,0.70281124,0.391752577,0.071428571,94.99598933765724,4.456312330046841,4.448090925713981,4.30259438886973,5.024826891787836,0.01024533063173294,"Anthony Banda",14706,607455
"Tobias Myers","NYM",0,1,1,23,0,41.1,6.532258868341614,1.7419356982244305,1.7419356982244305,0.2890625,0.64593301,0.318518518,0.142857142,92.7368147166955,5.225807094673291,4.48511996395922,4.724454457702821,4.266281500780325,0.005607287399470806,"Tobias Myers",22191,668964
"Max Rajcic","STL",0,0,0,6,0,9,8.000001695421366,6.000001271566025,1.0000002119276707,0.20833333333333334,0.66037736,0.36,0.076923076,95.23784398320896,5.000001059638354,3.2537240106006915,4.745959984814754,5.495580040721009,0.004918432328850031,"Max Rajcic",31873,691008
"Kyle Backhus","PHI",2,1,0,20,0,19,9.00000271044361,2.8421061190874557,1.4210530595437278,0.3389830508474576,0.74626866,0.393442622,0.142857142,,4.7368435318124265,4.2056457580993305,4.395082834883199,4.021310092928047,0.004620350431650877,"Kyle Backhus",29615,679775
"Craig Kimbrel","- - -",0,2,0,34,0,34.2,8.307693374227627,4.413462105058427,1.0384616717784534,0.2717391304347826,0.66037736,0.326315789,0.095238095,93.62118537846038,4.67307752300304,4.4866856049750234,4.377370054658369,4.717657793051762,0.003928223624825478,"Craig Kimbrel",6655,518886
"Pierce Johnson","CIN",2,1,1,39,0,34.2,8.048079284691234,3.3750009903543883,1.5576927647789485,0.2653061224489796,0.73770492,0.378640776,0.139534883,95.53844523879717,4.673078294336846,5.62650318893368,4.665831892024973,4.299935853048104,0.0036406945437192917,"Pierce Johnson",13435,572955
"Caleb Ferguson","- - -",1,0,1,29,0,26,8.307695659661375,5.538463773107583,1.038461957457672,0.32894736842105265,0.8040201,0.5,0.130434782,92.24092102050781,4.153847829830688,4.258838709944989,4.579293570151941,4.422995633383599,-0.0011328980326652527,"Caleb Ferguson",19349,657571
"Elieser Hernández","ATL",1,0,1,2,0,6,9,6,1.5,0.29411764705882354,1,0.388888888,0.111111111,91.31043701171875,1.5,2.512720197849625,5.24595963160197,5.357744396477939,-0.002240518108010292,"Elieser Hernandez",16933,622694
"Matt Svanson","STL",2,3,0,40,0,42.1,8.50393879590287,4.464567867849007,1.0629923494878588,0.362962962962963,0.54285714,0.366906474,0.09090909,96.64647565569196,7.440946446415011,5.95595575272578,4.354883784320733,4.792912675394144,-0.0032405019737780094,"Matt Svanson",29629,694335
"Bryce Miller","SEA",1,0,0,1,0,5,7.2,0,1.8,0.3076923076923077,0.83333333,0.642857142,0.333333333,96.902216796875,3.6,2.7004633605815727,4.079292964935303,2.390673537552357,-0.0044356901198625565,"Bryce Miller",29837,682243
"Cole Winn","TEX",5,3,1,44,0,40.1,8.925621804461287,3.12396763156145,1.561983815780725,0.3135593220338983,0.6300813,0.346774193,0.14,95.49471201795212,6.024794718011369,4.6676571145475005,4.467723023407059,4.094542305962953,-0.0051048146560788155,"Cole Winn",22113,668390
"J.T. Ginn","ATH",0,0,0,3,0,7,5.14285784351592,2.57142892175796,1.28571446087898,0.23809523809523808,0.60606061,0.409090909,0.111111111,94.2015625,5.14285784351592,3.1957734595653498,4.650721750454057,4.746537276258716,-0.0065926373936235905,"J.T. Ginn",27889,669372
"Peter Strzelecki","STL",0,1,0,4,0,6.2,2.70000025749209,4.050000386238135,0,0.23809523809523808,0.55555556,0.45,0,93.05501487038352,5.40000051498418,4.45428407516911,4.279293079376233,6.102054398442405,-0.010175366885960102,"Peter Strzelecki",21367,657265
"Cole Wilcox","SEA",0,0,0,23,0,27,9.333335311324927,5.666667867590134,0.6666668079517806,0.33783783783783783,0.76388889,0.447368421,0.111111111,96.66222774621212,4.000000847710683,5.434886537293097,4.079293176862974,4.128975305114642,-0.012219028547406197,"Cole Wilcox",27481,677961
"Gregory Santos","SFG",0,0,0,3,0,5,1.8000003433228193,5.400001029968458,0,0.2777777777777778,0.375,0.5,0,96.26154119318181,3.6000006866456387,6.232018676881729,4.479293231964163,5.998261142712723,-0.013565930537879467,"Gregory Santos",21894,666619
"Alek Jacob","SDP",1,0,0,3,0,5,10.8,3.6,1.8,0.3076923076923077,0.75757576,0.428571428,0.142857142,84.19174936655405,5.4,3.0571936848748225,5.079292964935303,4.605847634375095,-0.014170081354677677,"Alek Jacob",29628,689690
"Luke Murphy","LAA",0,1,0,5,0,5.1,6.750001609325793,10.125002413988689,0,0.21428571428571427,0.66666667,0.357142857,0,95.74962378329919,3.3750008046628963,3.504964090681971,4.954293411970245,6.663132393046183,-0.023384377360343933,"Luke Murphy",29952,684665
"Luis Mey","CIN",0,0,0,9,0,13.1,13.50000128746045,6.750000643730225,1.350000128746045,0.2692307692307692,0.78125,0.535714285,0.2,98.2384033203125,4.725000450611158,5.464983979797477,4.954293143749255,4.143518782199104,-0.024780137464404106,"Luis Mey",25620,682825
"Jhony Brito","SDP",0,0,0,3,0,5.1,6.750001609325793,1.6875004023314482,1.6875004023314482,0.21428571428571427,0.83333333,0.266666666,0.111111111,94.36971609933036,3.3750008046628963,2.694326320107747,4.579293322563257,4.705051213031739,-0.02556854486465454,"Jhony Brito",25386,666745
"Joe Rock","CHW",0,1,0,4,0,10.1,10.45161322475597,9.580645456026307,0,0.39285714285714285,0.79166667,0.296296296,0,93.07761594082447,3.4838710749186568,6.835097884356119,4.530905912818077,6.294868365697719,-0.026084626093506813,"Joe Rock",30016,697812
"Lucas Sims","CHW",0,2,0,9,0,10,9.000001716614097,6.300001201629867,0.9000001716614097,0.2962962962962963,0.64102564,0.384615384,0.1,94.2138922275641,4.5000008583070485,4.625534861220017,4.779293289184633,4.998260951977823,-0.02890658937394619,"Lucas Sims",13470,608371
"Nick Mears","KCR",2,3,0,21,0,19.1,6.982759768841146,5.120690497150174,0.9310346358454862,0.2909090909090909,0.6870229,0.464285714,0.105263157,95.01966622205285,5.120690497150174,6.475276861358861,4.579293211575253,4.727244173809571,-0.03237144276499748,"Nick Mears",25376,683232
"Steven Matz","TBR",1,1,1,12,0,16.2,5.940000906372209,1.6200002471924206,1.6200002471924206,0.19230769230769232,0.46875,0.518518518,0.157894736,,5.400000823974735,2.9982073611796256,4.819293230438273,4.210916225579712,-0.0332631953060627,"Steven Matz",13361,571927
"Erick Fedde","CHW",3,4,0,13,0,49,6.244898445355041,3.6734696737382597,1.1020409021214779,0.31446540880503143,0.6851312,0.472392638,0.113207547,94.01942661830357,4.224490124798998,4.686345322403459,4.569088999284708,4.620217246418284,-0.035986147820949554,"Erick Fedde",17425,607200
"Brett Sullivan","COL",0,0,0,6,0,7,1.28571446087898,2.57142892175796,1.28571446087898,0.3333333333333333,0.75471698,0.428571428,0.09090909,61.65293866738506,5.14285784351592,6.408165101517507,5.507864724373377,6.037671058169855,-0.037101686000823975,"Brett Sullivan",18217,664954
"Cameron Foster","BAL",0,0,0,6,0,9,9.000000953674418,8.000000847710593,1.0000001059638242,0.5161290322580645,0.63559322,0.5,0.111111111,96.17927911931818,9.000000953674418,4.806219560423564,5.19040429974782,5.26492748422856,-0.037361182272434235,"Cameron Foster",31942,671382
"Chris Paddack","- - -",0,0,0,5,0,16,5.062500301748532,3.375000201165688,1.1250000670552294,0.2807017543859649,0.70754717,0.385964912,0.1,92.91190592447917,4.5000002682209175,5.470016556520442,4.704293061792857,4.978002604392746,-0.03744969284161925,"Chris Paddack",20099,663978
"Riley Cornelio","WSN",2,1,0,11,0,20,9.000000858306967,9.000000858306967,0.45000004291534834,0.2909090909090909,0.56179775,0.388888888,0.038461538,96.45128927595628,5.40000051498418,4.253006559268026,4.72929312229158,6.0539511559577655,-0.037898898124694824,"Riley Cornelio",31953,683000
"Mike Paredes","MIN",0,1,0,4,0,12.1,5.837838439718549,4.378378829788912,0.7297298049648187,0.2857142857142857,0.64516129,0.357142857,0.058823529,93.2906494140625,5.108108634753731,3.978687906175632,4.53875257486494,5.57841075428199,-0.040053170174360275,"Mike Paredes",30187,702474
"Bailey Falter","KCR",0,0,0,3,0,5.1,6.750000402331376,5.062500301748532,1.687500100582844,0.47619047619047616,0.63492063,0.238095238,0.142857142,92.99820682920259,10.125000603497064,4.157958393764988,5.704293121397505,5.260438097541489,-0.042215872555971146,"Bailey Falter",20070,663559
"Anthony Molina","ATL",0,0,0,3,0,5,3.6,1.8,1.8,0.29411764705882354,0.53571429,0.555555555,0.25,96.83179473876953,5.4,5.6224812581071975,5.479292964935302,4.094467061758042,-0.04251539334654808,"Anthony Molina",26952,683627
"Jason Foley","SFG",0,1,0,8,0,8,5.625000670552334,4.500000536441867,1.1250001341104667,0.2692307692307692,0.56603774,0.481481481,0.125,96.88895670572917,5.625000670552334,3.7805199059747374,4.9542931884527475,4.848260796841124,-0.04392661899328232,"Jason Foley",19531,671345
"Miguel Ullola","HOU",0,0,0,3,0,5,12.6,1.8,3.6,0.2,0.90909091,0.166666666,0.285714285,95.15986499451755,5.4,4.433773334253881,6.079292964935303,3.0058476343750957,-0.04398670792579651,"Miguel Ullola",29036,699044
"Gavin Collyer","TEX",1,1,0,23,0,23,8.608697079981445,7.434783841802156,0.3913044127264293,0.24561403508771928,0.67357513,0.362068965,0.038461538,97.52979372258773,5.08695736544358,4.253778013084407,4.992336760486735,6.1442133926954146,-0.046808261424303055,"Gavin Collyer",26349,686560
"Marco Raya","MIN",0,0,0,3,0,6,6,4.5,1.5,0.23529411764705882,0.90909091,0.444444444,0.166666666,94.4154079861111,3,4.9719382571054895,5.412626298268637,4.764927252630393,-0.048599790781736374,"Marco Raya",30166,694397
"Andrew Nardi","MIA",3,3,0,25,0,22.2,10.720590340225343,4.367647916388102,1.5882356059593101,0.30357142857142855,0.72992701,0.423728813,0.153846153,94.76974706491713,5.161765719367757,5.210365824645859,4.579293259452429,4.027520716412117,-0.05002448707818985,"Andrew Nardi",25942,677053
"Kolby Allard","CLE",0,0,0,4,0,8.2,9.346154531783656,3.1153848439278855,2.076923229285257,0.4666666666666667,0.58139535,0.40625,0.2,89.801318359375,10.384616146426286,6.620642139103969,5.386985441918922,4.139640297754716,-0.05361755192279816,"Kolby Allard",18694,663465
"Alex Lange","KCR",1,7,10,45,0,46.2,9.450001287460502,5.014286397428021,0.9642858456592349,0.3333333333333333,0.61971831,0.446153846,0.104166666,95.93223916330645,6.171429412219104,4.92152994153596,4.365007425814283,4.534517001965937,-0.05465221032500267,"Alex Lange",19883,656638
"Patrick Corbin","TOR",1,0,1,4,0,11,9.000000780279054,0.8181818891162776,2.454545667348833,0.35294117647058826,0.42372881,0.432432432,0.25,91.57438579358552,8.181818891162775,4.325982585585285,4.8974749407492535,3.009075818151375,-0.05484795942902565,"Patrick Corbin",9323,571578
"Albert Suárez","BAL",2,0,1,22,0,50,5.94,3.42,1.26,0.2565789473684211,0.67028986,0.303225806,0.101449275,93.5939881859756,4.14,4.61330590768341,4.719292964935303,4.995468281954527,-0.05488009750843048,"Albert Suarez",6175,544150
"Kade Morris","ATH",0,0,0,2,0,6,3,4.5,1.5,0.36,0.77586207,0.461538461,0.125,95.49850365423387,6,4.906054342520911,6.079292964935304,5.937916459639868,-0.05529939383268356,"Kade Morris",33787,695034
"Shawn Armstrong","CLE",2,1,0,38,0,33,9.000002080744444,5.181819379822559,1.0909093431205388,0.2840909090909091,0.6981982,0.426966292,0.097560975,93.40279844576719,4.909092044042424,3.974588434496151,4.564141793071592,4.875586485141282,-0.05577307939529419,"Shawn Armstrong",12857,542888
"Ben Williamson","TBR",0,0,0,5,0,5,0,1.8,1.8,0.21052631578947367,0.86956522,0.25,0.09090909,49.8484521484375,3.6,5.96181840530999,6.279292964935303,7.021021731197834,-0.05592760071158409,"Ben Williamson",33197,810938
"Chase Petty","CIN",1,2,1,13,0,19.1,5.5862078150729175,2.3275865896137153,1.3965519537682294,0.25396825396825395,0.77981651,0.439393939,0.115384615,96.98499348958333,3.7241385433819447,4.161302283786089,4.941362236626276,4.966870420824241,-0.05604032054543495,"Chase Petty",30170,695534
"Mason Englert","TBR",0,0,1,11,0,21.1,7.1718754274770875,2.109375125728555,1.687500100582844,0.296875,0.8974359,0.328358208,0.125,93.08972368084017,3.375000201165688,5.482678095189553,4.766793065518147,4.607744487580748,-0.056120652705430984,"Mason Englert",22288,669438
"Domingo Gonzalez","SEA",0,0,0,5,0,7.2,5.869565704143831,5.869565704143831,1.1739131408287662,0.32,0.79365079,0.24,0.1,92.854765625,4.695652563315065,10.062875700617361,5.427119246592835,5.712729210749813,-0.058080729097127914,"Domingo Gonzalez",25241,682445
"Hoby Milner","CHC",1,0,1,38,0,35.2,4.542057370211127,2.2710286851055637,1.0093460822691394,0.2608695652173913,0.79207921,0.435897435,0.1,87.39531491126543,3.532711287941988,5.309086153681229,4.537237305990726,4.78280853980054,-0.06084984168410301,"Hoby Milner",13346,571948
"Lucas Giolito","SDP",0,2,0,2,0,9,4,5,1,0.3939393939393939,0.68181818,0.363636363,0.09090909,91.033447265625,7,6.629541163295297,5.301515187157525,5.713586723970042,-0.06176849082112312,"Lucas Giolito",15474,608337
"Josh Simpson","SEA",0,0,0,7,0,6.2,12.150002896786427,2.7000006437303172,2.7000006437303172,0.35294117647058826,0.97560976,0.263157894,0.181818181,93.00241524832589,4.050000965595475,4.130185832322324,5.629293572902824,4.235589815314853,-0.0633125752210617,"Josh Simpson",25957,681006
"Randy Vásquez","SDP",0,1,0,4,0,11.2,3.8571433826369397,1.542857353054776,1.542857353054776,0.35555555555555557,0.63953488,0.425531914,0.1,95.32245710784314,4.628572059164328,5.694281027522981,4.965007507557807,5.34038062331849,-0.06486345082521439,"Randy Vasquez",24719,681190
"Randy Dobnak","KCR",0,0,0,2,0,9.2,3.7241381759734433,3.7241381759734433,0.9310345439933608,0.25,0.94827586,0.5625,0.125,92.51405736019737,1.8620690879867217,4.93611477574461,4.837913770256096,4.750162830163355,-0.06629659235477448,"Randy Dobnak",23798,677976
"Adam Macko","TOR",2,0,0,21,0,20.1,9.737708267299181,4.426231030590537,1.3278693091771612,0.3333333333333333,0.73825503,0.357142857,0.130434782,94.51607259114583,5.311477236708645,4.6527962301408525,4.751424687602839,4.551568321337393,-0.06717589497566223,"Adam Macko",25590,671936
"Jonah Tong","NYM",1,1,0,3,0,10,6.300000600814877,6.300000600814877,0.9000000858306967,0.21875,0.66176471,0.419354838,0.071428571,95.4559685202206,3.6000003433227867,3.99115464987293,5.079293155670184,5.9058479039363805,-0.06759867817163467,"Jonah Tong",32157,804636
"Cade Povich","BAL",0,0,0,1,0,5.2,3.176470944625736,4.764706416938604,1.588235472312868,0.16666666666666666,0.89285714,0.47368421,0.142857142,91.79335145692568,3.176470944625736,5.880991363192934,6.255763909561039,5.838017982785143,-0.06771242618560791,"Cade Povich",30055,700249
"Seth Johnson","- - -",1,0,0,20,0,20,11.250003218651738,7.650002188683183,1.3500003862382086,0.34545454545454546,0.6424581,0.362068965,0.125,97.8741994170368,6.7500019311910435,5.437101675816056,5.229293580055413,5.102054688886183,-0.06845773756504059,"Seth Johnson",26020,686751
"Raymond Burgos","BOS",0,0,1,2,0,6,6,0,3,0,1,0.5,0.285714285,90.86235046386719,3,3.9582799244911233,6.079292964935304,3.518088522801797,-0.07064554840326309,"Raymond Burgos",22370,670103
"Rhett Lowder","CIN",0,0,0,3,0,7,3.857142857142857,6.428571428571429,1.2857142857142858,0.17391304347826086,1,0.478260869,0.125,93.4471435546875,1.2857142857142858,4.437482038042664,6.222150107792446,6.100970246110643,-0.0710376501083374,"Rhett Lowder",33876,695076
"Tyler Ferguson","- - -",0,1,0,17,0,17,10.588237076069957,1.0588237076069957,2.6470592690174892,0.225,0.75,0.318181818,0.217391304,95.46671032514729,5.2941185380349784,4.682040798584749,5.432234537395294,3.6637786682224056,-0.07306767627596855,"Tyler Ferguson",19481,621053
"Jared Shuster","STL",0,0,0,5,0,9,4.000000423855297,6.000000635782945,1.0000001059638242,0.30303030303030304,0.44871795,0.5,0.083333333,93.6376171875,9.000000953674418,4.033248667976314,5.634848791287299,6.215694569762718,-0.07546035945415497,"Jared Shuster",27472,694363
"Chad Dallas","TOR",1,1,0,3,0,7.2,7.043478844972598,7.043478844972598,1.1739131408287662,0.34615384615384615,0.61643836,0.333333333,0.083333333,,8.217391985801363,4.299712373834779,5.557554040018253,6.239416459912714,-0.07770082354545593,"Chad Dallas",30158,689149
"Brandon Sproat","MIL",0,1,0,2,0,7.1,8.590910580532869,7.363637640456744,1.227272940076124,0.3888888888888889,0.71428571,0.444444444,0.142857142,97.67396897536058,6.1363647003806205,6.407398689573583,5.397475185079093,5.074671494633572,-0.07877780497074127,"Brandon Sproat",33850,687075
"Jacob Waguespack","DET",1,1,0,18,0,23.2,5.704226884499908,3.422536130699945,1.1408453768999818,0.13846153846153847,0.95505618,0.469696969,0.12,92.9516100761218,1.5211271691999755,2.6661550199883317,4.72718073156861,4.68383665763071,-0.07899969816207886,"Jacob Waguespack",18318,621097
"CJ Van Eyk","TOR",0,1,0,3,0,5.2,1.588235472312868,1.588235472312868,1.588235472312868,0.37037037037037035,0.77586207,0.5,0.1,93.90270057091347,4.764706416938604,5.748525406616169,6.079293301526276,6.46570679375439,-0.08045714348554611,"CJ Van Eyk",27568,669310
"Jesse Scholtens","TBR",5,1,0,7,0,27.1,6.585366160014369,2.3048781560050293,1.6463415400035923,0.2619047619047619,0.85714286,0.344827586,0.138888888,93.3178241436298,2.963414772006466,5.234151618270147,4.871975975161437,4.494518677980759,-0.08524143695831299,"Jesse Scholtens",19205,669947
"Geoff Hartlieb","ATH",1,1,0,8,0,13.1,4.050000386238135,6.075000579357202,0.6750000643730225,0.3333333333333333,0.69105691,0.326530612,0.041666666,95.25461013595779,6.075000579357202,4.5301572015139575,5.1792931652069285,6.938435050822934,-0.08558270335197449,"Geoff Hartlieb",19558,664129
"Carter Baumler","TEX",0,0,0,4,0,5.2,9.529412833877208,9.529412833877208,1.588235472312868,0.23076923076923078,0.9375,0.285714285,0.142857142,95.2351575020032,3.176470944625736,5.579769267896379,6.961646341700091,6.543900414924195,-0.08598636090755463,"Carter Baumler",30231,691945
"Austin Warren","NYM",1,2,0,24,0,33,9.818182953133203,4.363636868059201,1.3636365212685002,0.3103448275862069,0.76744186,0.362637362,0.142857142,93.8843410326087,4.363636868059201,5.032995536002023,4.503535553815737,4.144864807384661,-0.08688530325889587,"Austin Warren",24937,681810
"Wyatt Mills","LAD",0,0,0,6,0,6.1,7.1052635145319645,12.789474326157537,0,0.25,0.6875,0.368421052,0,90.44318336664244,5.684210811625571,5.91758639314854,6.710872094584975,8.389731128410324,-0.08709356188774109,"Wyatt Mills",20010,670090
"Ryan Helsley","BAL",0,4,8,17,0,15.1,12.326087978702045,5.282609133729448,1.7608697112431495,0.2857142857142857,0.73033708,0.594594594,0.272727272,98.75991647611788,4.108695992900682,2.8949337812579894,4.644510486040325,3.1907262675227437,-0.08779586851596832,"Ryan Helsley",18138,664854
"Lou Trivino III","- - -",0,0,0,5,0,6,10.500001668930318,10.500001668930318,1.500000238418617,0.45,0.48192771,0.38095238,0.125,94.37252807617188,15.00000238418617,4.605769337922473,6.912626907560657,6.7712503797940276,-0.0920841895713238,"Lou Trivino III",15043,642152
"Kendry Rojas","MIN",1,1,0,8,0,17.1,10.384616146426286,7.788462109819713,1.0384616146426284,0.36363636363636365,0.82781457,0.422222222,0.111111111,96.05539006294964,4.153846458570514,4.441270253333014,4.867754634597608,4.9451440928813035,-0.09436219930648804,"Kendry Rojas",29423,696070
"Chayce McDermott","- - -",1,0,0,4,0,5.2,6.352941889251472,3.176470944625736,3.176470944625736,0.17647058823529413,0.71428571,0.111111111,0.166666666,95.64167897294207,6.352941889251472,6.4880516817427285,7.3145875577696176,5.9429894248818185,-0.09611454978585243,"Chayce McDermott",29866,694646
"Kodai Senga","NYM",0,1,1,8,0,16,10.687500637024678,5.625000335276147,1.687500100582844,0.28205128205128205,0.75757576,0.390243902,0.176470588,96.51934762286325,5.062500301748532,4.5683059803880814,5.016793080419309,4.193196128671805,-0.09811282157897949,"Kodai Senga",31838,673540
"J.P. France","HOU",0,0,0,3,0,6.2,5.40000051498418,6.750000643730225,1.350000128746045,0.25,0.56603774,0.476190476,0.111111111,92.51968149038461,8.10000077247627,8.213576542247376,6.529293293952974,6.62989959193591,-0.09813647717237473,"J.P. France",21212,641585
"Ryan Johnson","LAA",0,0,0,3,0,5,5.4,5.4,3.6,0.3333333333333333,0.36585366,0.35,0.25,,14.4,7.5725407546768935,8.879292964935303,6.10964115858078,-0.09935883432626724,"Ryan Johnson",35325,696270
"Jonathan Pintaro","NYM",0,0,0,7,0,15.1,9.39130512663013,4.108695992900682,1.7608697112431495,0.14705882352941177,0.703125,0.472222222,0.23076923,96.058017578125,4.695652563315065,4.244747193701506,5.296684453167417,4.041026462518578,-0.09937784820795059,"Jonathan Pintaro",33980,702752
"Blas Castaño","COL",1,0,0,10,0,20.2,7.40322671745383,2.6129035473366455,1.7419356982244305,0.32142857142857145,0.86065574,0.483333333,0.2,94.61011555989583,3.9193553210049688,5.906410693535278,5.111551279530472,4.065390784048766,-0.09967115521430969,"Blas Castano",26117,680604
"Beck Way","KCR",1,0,0,18,0,22.1,8.462687771738503,4.029851319875478,1.6119405279501913,0.31746031746031744,0.80985915,0.567164179,0.25,97.10062349759616,3.2238810559003825,4.28964782869049,4.87033799599107,3.6301952196095955,-0.10112552344799042,"Beck Way",27877,694360
"Gavin Hollowell","CHC",0,0,1,14,0,14.1,8.162793051172072,5.023257262259737,1.2558143155649342,0.23684210526315788,0.87209302,0.153846153,0.083333333,94.55533500339673,2.5116286311298683,5.296757140982404,4.963014438282704,5.6924488047339405,-0.1027684360742569,"Gavin Hollowell",25427,668970
"Braydon Fisher","TOR",3,3,1,50,0,52,8.134617174871263,4.500000990354316,1.0384617670048422,0.25384615384615383,0.68791946,0.454545454,0.115384615,94.8568115234375,3.9807701068518946,3.8917157621168372,4.44467788081204,4.463645506014833,-0.10291042923927307,"Braydon Fisher",24609,680755
"Ryan Borucki","SFG",1,1,0,21,0,23.2,5.704226424783652,3.4225358548701914,1.1408452849567305,0.32,0.71005917,0.448717948,0.103448275,,4.943662901479165,4.031317596216629,4.853941185979105,5.06732408567547,-0.10412751883268356,"Ryan Borucki",16350,621366
"Griffin Canning","SDP",3,2,0,9,0,20.2,8.709678491122153,3.0483874718927533,1.7419356982244305,0.3225806451612903,0.65693431,0.461538461,0.148148148,94.55831720132744,6.0967749437855066,4.070280687812036,4.9663899713451025,4.434718572102707,-0.10537095367908478,"Griffin Canning",19867,656288
"Jason Adam","SDP",2,2,2,36,0,32.1,6.123712303509632,2.2268044740035027,1.3917527962521892,0.25773195876288657,0.93939394,0.455445544,0.121951219,93.4155,2.5051550332539403,3.425396985761334,4.656612800687784,4.572417090396768,-0.10550765693187714,"Jason Adam",11861,592094
"Jason Alexander","HOU",0,0,0,2,0,6.1,8.526316217438357,7.1052635145319645,2.8421054058127857,0.42857142857142855,0.45454545,0.478260869,0.333333333,92.88790457589286,14.210527029063929,6.196409265093922,7.658240563189237,4.991999228230591,-0.10741381347179413,"Jason Alexander",19666,669920
"Josh Ekness","MIA",0,1,1,9,0,9,6.000000635782945,7.000000741746769,1.0000001059638242,0.16666666666666666,0.66037736,0.333333333,0.09090909,97.66612204527243,2.0000002119276483,6.453003263318121,5.523737668402429,5.935809248879622,-0.10836700350046158,"Josh Ekness",33785,694795
"Anthony Kay","CHW",0,0,0,2,0,7,1.28571446087898,3.8571433826369397,1.28571446087898,0.2222222222222222,0.83333333,0.428571428,0.1,95.62958096590908,3.8571433826369397,8.825731606852877,6.365007698292697,6.677818628093266,-0.11166640371084213,"Anthony Kay",20387,641743
"Alek Manoah","LAA",0,0,0,3,0,7.1,6.136363902367847,9.818182243788556,1.2272727804735695,0.28,0.47945205,0.346153846,0.076923076,89.0742919921875,9.818182243788556,6.358312530275305,6.761111306356012,7.681099401695899,-0.11183685809373856,"Alek Manoah",26410,666201
"Michael Grove","TBR",1,0,0,3,0,7,7.714285714285714,0,3.857142857142857,0.21052631578947367,0.71428571,0.272727272,0.3,94.81992409446023,5.142857142857143,8.381677939815095,6.93643582207816,3.5349609949759078,-0.11248186230659485,"Michael Grove",23221,675627
"Peyton Pallette","CLE",1,2,0,16,0,20.2,9.580645456026307,6.9677421498373135,0.8709677687296642,0.2777777777777778,0.69277108,0.357142857,0.1,95.5969798430736,5.225806612377985,5.484065223793869,4.9663897971829085,5.178293953084207,-0.11285271495580673,"Peyton Pallette",31865,688883
"Brandon Leibrandt","CIN",0,0,0,1,0,6,4.5,4.5,3,0.36363636363636365,0.78431373,0.304347826,0.153846153,87.87770146908967,7.5,9.112697637224102,7.912626298268636,6.870389477163554,-0.1138429269194603,"Brandon Leibrandt",16135,605335
"Zak Kent","- - -",0,0,0,10,0,14.1,6.9069773569308754,4.39534922713783,1.8837210973447842,0.3125,0.57692308,0.392156862,0.130434782,,6.279070324482614,5.2975020009222344,5.730455990827962,5.446938892442597,-0.11404021084308624,"Zak Kent",25703,687849
"Jonathan Hernández","LAD",0,0,0,15,0,22.1,7.2537323757758605,4.835821583850573,1.6119405279501913,0.25,0.60606061,0.411764705,0.148148148,97.08765012826493,6.447762111800765,4.655819108929513,5.4076515053078005,4.915657066670154,-0.11645340919494629,"Jonathan Hernandez",17464,642546
"Germán Márquez","SDP",0,0,1,3,0,9,4,5,2,0.18518518518518517,0.65217391,0.413793103,0.166666666,94.03976779513889,6,6.907658656226489,6.74595963160197,5.882360904084312,-0.11695248633623123,"German Marquez",15038,608566
"Tristan Beck","SFG",0,0,1,11,0,14,3.8571431198898805,3.214285933241567,1.285714373296627,0.3,0.59405941,0.490196078,0.1,94.55149332682292,7.071429053131448,4.607370329763431,5.365007406351529,5.677818314843543,-0.11742863059043884,"Tristan Beck",21584,663941
"Gordon Graceffo","STL",7,1,1,48,0,59.2,5.430168870720412,4.0726266530403095,0.7541901209333906,0.19879518072289157,0.73333333,0.476470588,0.071428571,95.39712438206215,3.1675985079202404,5.182694176102654,4.4200754021502195,5.112719142264504,-0.1187802106142044,"Gordon Graceffo",29519,700669
"Tommy Kahnle","BOS",0,0,0,8,0,9,5,6,2,0.3333333333333333,0.65789474,0.387096774,0.166666666,93.59466911764706,8,6.430881219241731,6.857070742713081,5.993472015195422,-0.11884410679340363,"Tommy Kahnle",11384,592454
"Jayden Murray","- - -",0,0,0,10,0,16.1,7.714285864426863,4.959183769988698,1.6530612566628993,0.41509433962264153,0.5704698,0.267857142,0.103448275,95.32430917245371,9.367347121089763,5.743778122170152,5.405823622460865,5.715011037243251,-0.12008448410779238,"Jayden Murray",26482,681151
"Jared Koenig","MIL",0,0,0,9,0,7,9.000002452306052,9.000002452306052,1.285714636043722,0.44,0.59139785,0.5,0.111111111,96.08489990234375,9.000002452306052,4.84041638022295,6.365008145935926,6.460823684794418,-0.1217532530426979,"Jared Koenig",27517,657649
"Danny Coulombe","BOS",0,2,0,29,0,22,4.090910509598649,6.136365764397973,0.40909105095986487,0.2463768115942029,0.70552147,0.420289855,0.038461538,89.78065529847757,4.5000015605585135,4.328322119219902,4.942929974863576,6.147164853696394,-0.12219495326280594,"Danny Coulombe",13293,543056
"Joel Payamps","ATL",0,2,0,12,0,7.2,10.565219581690991,4.695653147418218,2.347826573709109,0.3333333333333333,0.39215686,0.217391304,0.153846153,94.14694063780738,8.217393007981883,6.285664264839825,5.687989157945424,4.8723253897158845,-0.12221287190914154,"Joel Payamps",14332,606303
"Cole Irvin","LAD",0,1,0,1,0,6,7.5,4.5,1.5,0.35,0.56603774,0.45,0.166666666,90.45284016927083,9,6.808152252911699,5.579292964935304,4.93159391929706,-0.12335377186536789,"Cole Irvin",19244,608344
"Tyler Heineman","- - -",0,0,0,5,0,5.1,0,1.687500100582844,3.375000201165688,0.30434782608695654,0.55555556,0.32,0.222222222,50.87624931335449,10.125000603497064,7.504420959040565,8.51679328903558,6.205051011730465,-0.12338639423251152,"Tyler Heineman",13897,623168
"Cody Laweryson","MIN",1,0,1,15,0,16.2,9.720001483154523,4.320000659179788,1.6200002471924206,0.2553191489361702,0.625,0.4,0.166666666,92.90566310036945,4.860000741577261,4.596356767347471,5.059293267059372,4.3597781910325395,-0.12498928606510162,"Cody Laweryson",26429,689520
"Yovanny Cruz","- - -",0,0,0,8,0,8,10.1250012069942,5.625000670552334,1.1250001341104667,0.35,0.79365079,0.38095238,0.111111111,99.97049458821614,4.500000536441867,4.438188976138314,4.704293158650421,4.7881317423017355,-0.1265748292207718,"Yovanny Cruz",22622,672442
"Yaramil Hiraldo","BAL",1,0,0,7,0,7.2,15.260872729109211,7.043479721127328,2.347826573709109,0.3333333333333333,0.80357143,0.176470588,0.181818181,95.84502583165323,5.869566434272773,3.6156018097399443,5.818423967595931,4.606507694338141,-0.12666331231594086,"Yaramil Hiraldo",25215,682274
"Beau Brieske","DET",0,0,0,8,0,9.1,7.714287553515192,3.857143776757596,2.892857832568197,0.25,0.68181818,0.37037037,0.25,95.55867627640845,6.750001609325793,4.610747389249578,6.829293859005188,4.603680269699817,-0.12718172371387482,"Beau Brieske",26079,689225
"Jimmy Herget","COL",0,3,3,33,0,31,9.000001661239438,5.225807416203545,1.7419358054011815,0.35555555555555557,0.65843621,0.308510638,0.136363636,92.031982421875,6.677420587371197,4.172018737150904,5.434132109273937,5.0739570532840155,-0.13405680656433105,"Jimmy Herget",17556,623474
"Cody Bolton","HOU",0,0,1,5,0,12.1,9.486486731000507,5.1081082397695035,2.1891892456155015,0.29411764705882354,0.75949367,0.351351351,0.1875,95.38873697916667,5.837837988308004,5.121461465685913,5.836049792747416,4.644440189313817,-0.13474209606647491,"Cody Bolton",23265,675989
"TJ Shook","COL",0,0,0,4,0,5.2,9.529412833877208,1.588235472312868,4.764706416938604,0.4117647058823529,0.73529412,0.3,0.375,92.29871961805556,9.529412833877208,6.264583935473549,8.373411205978197,3.6354826099664628,-0.13667500019073486,"TJ Shook",27567,669298
"Easton McGee","- - -",0,0,0,6,0,7.1,8.590909463314986,4.909091121894278,2.454545560947139,0.45454545454545453,0.68181818,0.416666666,0.2,92.4976087297712,8.590909463314986,5.976908423550272,6.3520203795314885,4.877885253395483,-0.14159239642322063,"Easton McGee",22176,668834
"Michael Kelly","ATH",0,0,0,5,0,5,10.800002059936917,10.800002059936917,1.8000003433228193,0.5789473684210527,0.54216867,0.25,0.166666666,96.0269305889423,16.200003089905376,9.039514086720407,6.8792936897279215,6.102054686715455,-0.14490899443626404,"Michael Kelly",12791,547184
"Trent Thornton","CHC",5,4,3,35,0,37.1,4.580357766881366,3.6160719212221313,0.9642858456592349,0.20754716981132076,0.76923077,0.47706422,0.1,95.01915724734043,2.651786075562896,4.568343878660126,4.740007476903985,4.974615674254412,-0.14591841399669647,"Trent Thornton",17948,663423
"Angel Zerpa","MIL",0,2,2,12,0,12.2,5.68421166755509,4.263158750666317,1.4210529168887724,0.358974358974359,0.57291667,0.575,0.222222222,95.58109907670455,6.394738125999476,7.512287211839935,5.2898197245400596,4.31645441773952,-0.14823871850967407,"Angel Zerpa",22717,672582
"Christian Roa","HOU",0,1,0,7,0,8.2,6.230771059115794,7.269232902301759,1.0384618431859656,0.34615384615384615,0.80645161,0.333333333,0.076923076,96.06002604166666,5.1923092159298285,7.952218645200662,6.65621709146474,7.434668751434869,-0.14962522685527802,"Christian Roa",27662,685005
"Julian Garcia","CIN",2,3,1,18,0,23.2,8.74648122289986,3.802817922999939,1.9014089614999694,0.1509433962264151,0.88235294,0.396551724,0.185185185,92.1951511548913,3.042254338399951,2.864949072619313,5.276476653779712,4.2629042308352405,-0.1505756974220276,"Julian Garcia",22362,670062
"Evan Phillips","LAD",0,2,0,14,0,11,9.8181843718228,2.4545460929557,3.2727281239409334,0.3,0.76923077,0.323529411,0.210526315,96.53255540497449,5.7272742168966335,4.676802385588824,6.442930203430151,4.339328274438028,-0.15416260063648224,"Evan Phillips",17734,623465
"Max Lazar","PHI",0,0,0,6,0,8,5.625000670552334,3.3750004023314,3.3750004023314,0.20833333333333334,0.88235294,0.518518518,0.3,94.48462975543478,5.625000670552334,4.6188487405088114,7.829293531179496,4.85300270266351,-0.15822863578796387,"Max Lazar",23426,676661
"Colin Rea","CHC",1,1,1,5,0,21,6.428571428571429,2.5714285714285716,1.7142857142857142,0.27692307692307694,0.72649573,0.417910447,0.148148148,94.34254853219697,5.142857142857143,5.527512231775083,5.12691201255435,4.603679906257561,-0.15822948515415192,"Colin Rea",12317,607067
"Antwone Kelly","PIT",0,0,0,3,0,7.1,4.909091121894278,4.909091121894278,2.454545560947139,0.2727272727272727,0.76086957,0.52173913,0.285714285,98.86575137867646,6.136363902367847,5.108040298773013,7.170202233180535,5.074671235141571,-0.16034093499183655,"Antwone Kelly",29000,699008
"Nick Davila","SEA",0,0,1,22,0,24.2,4.013513927306503,4.013513927306503,0.7297298049648187,0.21333333333333335,0.68493151,0.506493506,0.074074074,94.71889426491477,4.013513927306503,4.763434835619272,4.944158022067617,5.552757778102076,-0.16304965317249298,"Nick Davila",27741,689546
"Carlos Carrasco","ATL",0,0,0,8,0,16.2,3.7800005767823146,1.6200002471924206,1.6200002471924206,0.3103448275862069,0.68807339,0.413793103,0.176470588,91.44991817989865,5.940000906372209,8.823221785680131,5.479293331146296,4.688640183951192,-0.16593748331069946,"Carlos Carrasco",6632,471911
"Camilo Doval","- - -",3,1,1,49,0,44.2,9.067166244089211,4.432836830443614,1.4104480824138772,0.27049180327868855,0.62730627,0.559055118,0.184210526,98.8594071821733,4.231344247241632,3.439767153153041,4.7136216953513825,3.968564128634127,-0.16736353188753128,"Camilo Doval",21992,666808
"Kyle Nicolas","CIN",1,0,0,7,0,7.1,8.590910580532869,15.954548220989613,1.227272940076124,0.3333333333333333,0.71428571,0.227272727,0.09090909,97.05919780927834,8.590910580532869,8.967550888336424,8.261112045256716,8.7668362917623,-0.16990876197814941,"Kyle Nicolas",27775,693312
"Joe Ross","- - -",0,1,0,8,0,11.2,5.400000735691716,4.628572059164328,2.314286029582164,0.3170731707317073,0.50561798,0.431818181,0.166666666,95.38545636432927,9.257144118328656,6.869742915524352,6.765007752788379,5.765700517658854,-0.17047827690839767,"Joe Ross",12972,605452
"Philip Abner","ARI",0,0,0,7,0,13.1,4.050000386238135,5.40000051498418,1.350000128746045,0.25,0.65934066,0.369565217,0.105263157,90.37919921875,6.075000579357202,6.922154526993543,5.9292932367325095,6.143822117157081,-0.17394305765628815,"Philip Abner",33821,691769
"Shaun Anderson","LAA",2,0,0,12,0,20,7.650000729560921,4.500000429153483,1.8000001716613934,0.3442622950819672,0.55921053,0.444444444,0.181818181,93.19303731715425,7.650000729560921,6.860559668743255,5.629293208122277,4.700157502644257,-0.1745290756225586,"Shaun Anderson",19453,641312
"Jose Franco","CIN",1,0,0,10,0,20.1,6.639344677493279,7.08196765599283,1.3278689354986557,0.2711864406779661,0.77922078,0.338709677,0.107142857,95.16839254127359,4.426229784995519,5.179575607542837,5.882571828765798,6.0562321702223425,-0.17898929119110107,"Jose Franco",27014,683742
"Carson Seymour","SFG",0,0,0,5,0,11,4.909091334697666,4.909091334697666,1.6363637782325553,0.35135135135135137,0.67708333,0.384615384,0.133333333,96.32834344161184,7.363637002046499,8.066705231299906,6.261111422609716,5.968794516850736,-0.1833949238061905,"Carson Seymour",30084,693313
"Ethan Roberts","CHC",0,2,0,23,0,25.2,5.961040437634069,4.909092125110409,1.0519483125236593,0.2602739726027397,0.7183908,0.486842105,0.115384615,,4.207793250094637,4.991185536750715,5.261111687206597,5.280325645735092,-0.18403790891170502,"Ethan Roberts",24930,681799
"Yariel Rodríguez","TOR",0,1,0,10,0,9.1,5.785715665136394,6.750001609325793,1.928571888378798,0.3448275862068966,0.52325581,0.387096774,0.153846153,95.79056919642858,7.714287553515192,7.34383876171728,7.150722507068321,6.480712962329473,-0.1871974766254425,"Yariel Rodriguez",33838,684320
"Ben Peoples","TEX",0,1,0,13,0,13.1,4.725000450611158,3.3750003218651123,2.0250001931190673,0.21052631578947367,1,0.43902439,0.166666666,96.33867029989919,2.70000025749209,3.817412393411078,6.3042932724953,5.429899477494981,-0.18953347206115723,"Ben Peoples",26406,687239
"Andrew Hoffmann","ARI",1,0,0,8,0,11.2,9.257144118328656,6.171429412219104,2.314286029582164,0.37142857142857144,0.625,0.314285714,0.2,94.59639830508475,7.714286765273879,4.799510073210953,6.679293455396447,5.289394493074285,-0.19014552235603333,"Andrew Hoffmann",29633,694851
"Luis García","- - -",0,1,2,15,0,15,3.6000002288818505,3.6000002288818505,1.2000000762939502,0.3559322033898305,0.51470588,0.383333333,0.08,96.2792236328125,9.000000572204627,7.137033842167671,5.412626446617984,6.210905865751927,-0.1905902773141861,"Luis Garcia",6984,472610
"Mason Barnett","ATH",1,1,2,14,0,24.2,8.391892757095414,4.7432437322713215,1.8243245124120466,0.25,0.77777778,0.333333333,0.161290322,95.09349662162163,4.7432437322713215,4.724678327486464,5.43064455871083,4.704482169730614,-0.19641509652137756,"Mason Barnett",31741,686930
"Seranthony Domínguez","- - -",4,3,12,48,0,41.2,10.80000164794947,5.832000889892714,1.7280002636719152,0.26804123711340205,0.75289575,0.419047619,0.2,97.1806539201595,4.536000692138778,4.688324266769496,5.263293298187307,4.225502056020217,-0.2003019703552127,"Seranthony Dominguez",19249,622554
"Lake Bachar","- - -",1,2,2,37,0,56.2,9.052942192183348,3.017647397394449,1.9058825667754415,0.22377622377622378,0.75203252,0.379084967,0.162162162,94.77735871647509,4.288235775244743,3.6990938017773707,4.985175531710745,4.215827279911666,-0.20428093522787094,"Lake Bachar",19222,669199
"Charlie Barnes","- - -",0,1,0,5,0,13,4.153846153846154,4.846153846153846,2.076923076923077,0.30434782608695654,0.67307692,0.469387755,0.23076923,89.50455850629665,6.923076923076923,7.427474899078952,7.002369888012225,5.521337509040649,-0.2046117391437292,"Charlie Barnes",19865,656212
"Brandon Pfaadt","ARI",0,0,0,10,0,21.1,8.437501257285662,4.640625691507115,1.6875002514571327,0.3114754098360656,0.65789474,0.492307692,0.2,93.55179767219387,5.9062508800999645,5.836266272416027,5.469918321166242,4.456450314861887,-0.205001100897789,"Brandon Pfaadt",27782,694297
"Chase Shugart","PHI",2,1,0,34,0,40,10.575002017021564,3.6000006866456387,2.025000386238172,0.28421052631578947,0.76036866,0.384615384,0.2,96.11748180650685,4.725000901222401,4.255418406631549,5.15429336071022,3.938131702402768,-0.21100114285945892,"Chase Shugart",21544,663767
"Bryan King","HOU",2,3,6,47,0,49.1,7.297298613911456,3.101351910912369,1.2770272574345047,0.2925170068027211,0.78778135,0.464052287,0.134615384,91.95100026150628,3.831081772303514,4.090274171577809,4.640104057355253,4.396583397745327,-0.21200522780418396,"Bryan King",25890,687911
"Ricky Vanasco","DET",0,1,0,5,0,6.1,5.68421166755509,8.526317501332635,2.842105833777545,0.42857142857142855,0.46511628,0.433333333,0.133333333,93.9968121408046,15.631582085776497,7.203047785429381,8.763504632490392,8.255796264570673,-0.2196817547082901,"Ricky Vanasco",23391,676568
"Angel Chivilli","NYY",1,1,0,15,0,16.2,8.640002307129523,3.780001009369166,2.1600005767823807,0.2222222222222222,0.79268293,0.375,0.166666666,97.92882680084746,3.780001009369166,3.983418711139336,5.719293669891545,4.78660679511821,-0.22108207643032074,"Angel Chivilli",26790,683409
"Tyler Kinley","ATL",6,5,1,47,0,41,8.780489438776051,3.951220247449223,1.7560978877552103,0.24509803921568626,0.78431373,0.293577981,0.145454545,94.47699938322368,3.951220247449223,3.3180829302546084,5.0549030886599144,4.555957121584491,-0.22494061291217804,"Tyler Kinley",18297,641755
"Luis Morales","ATH",0,0,0,3,0,8.2,8.307692917141027,6.230769687855771,3.1153848439278855,0.3548387096774194,0.25316456,0.470588235,0.333333333,97.57796536959134,14.538462604996798,5.192270614444414,7.810062542751721,4.887451780956713,-0.22561244666576385,"Luis Morales",32227,806960
"Cionel Pérez","- - -",4,3,0,34,0,39.2,8.62184991412963,3.630252595423002,1.5882355104975634,0.3125,0.70539419,0.584745762,0.21875,96.91930980413733,5.2184881059205654,5.339535401463889,4.667528475432865,3.598796326625705,-0.2260606661438942,"Cionel Perez",19614,672335
"Osvaldo Bido","- - -",2,0,1,11,0,18.2,5.303571880167882,4.8214289819708025,1.4464286945912408,0.22641509433962265,0.64516129,0.303571428,0.115384615,94.58840573489012,6.267857676562043,6.268381977376387,6.240007519782829,6.266426708464856,-0.22744664549827576,"Osvaldo Bido",23150,674370
"Corbin Martin","CHC",0,0,1,7,0,5,7.2,9,3.6,0.21428571428571427,0.55555556,0.375,0.222222222,95.01512815241227,10.8,7.07422186126533,9.679292964935303,7.213434682786465,-0.23033086955547333,"Corbin Martin",19884,656686
"Seth Halvorsen","- - -",1,1,0,22,0,20,7.650001459121983,7.200001373291277,1.3500002574921146,0.296875,0.82840237,0.393939393,0.142857142,98.95451690547199,4.5000008583070485,6.821997464596178,5.729293470382787,5.374209404735721,-0.2321474812924862,"Seth Halvorsen",33294,678020
"Chris Martin","TEX",1,1,0,16,0,14,5.7857150739554095,1.28571446087898,2.57142892175796,0.42,0.58035714,0.314814814,0.210526315,94.77864837646484,9.00000122615286,7.61239508771104,6.150721954812866,4.497892072456954,-0.23370110988616943,"Chris Martin",11847,455119
"Tanner Banks","PHI",0,3,0,27,0,28,9.64285845659235,3.5357147674171947,2.250000306538215,0.40217391304347827,0.64159292,0.333333333,0.162790697,92.07533094618056,7.071429534834389,4.39099979781707,5.36500756205349,4.447707712232096,-0.23384763300418854,"Tanner Banks",16990,621383
"Andre Granillo","WSN",0,0,0,8,0,9.1,2.892857832568197,7.714287553515192,1.928571888378798,0.3055555555555556,0.52083333,0.305555555,0.111111111,94.39077447385205,9.64285944189399,7.001021021698408,8.115008451257719,8.25873175465027,-0.23704631626605988,"Andre Granillo",29542,701552
"Max Kranick","WSN",0,0,0,9,0,9.1,2.8928575369777048,5.7857150739554095,1.9285716913184698,0.3142857142857143,0.63953488,0.305555555,0.117647058,95.349609375,8.678572610933115,6.288793956841524,7.472150706271818,7.4531274419818745,-0.23911884427070618,"Max Kranick",22175,668820
"Cole Sands","MIN",1,1,1,13,0,12,8.250001966953747,3.750000894069885,2.250000536441931,0.3333333333333333,0.5952381,0.394736842,0.1875,93.79402179028614,8.250001966953747,5.769141183374749,5.995960326989658,4.771250196367239,-0.2430063635110855,"Cole Sands",21461,663485
"Edwin Díaz","LAD",2,1,6,13,0,11,13.090910225860442,6.545455112930221,2.454545667348833,0.45161290322580644,0.64220183,0.242424242,0.1875,96.2523292824074,9.818182669395332,5.231273709469829,6.1702023238190185,4.834155111300915,-0.2445286363363266,"Edwin Diaz",14710,621242
"Tim Herrin","CLE",1,4,0,48,0,39.1,7.550849898661564,5.262713565733818,0.9152545331710987,0.27358490566037735,0.79422383,0.43119266,0.093023255,94.62338131421232,3.661018132684395,4.259278932762675,4.8589545572124395,5.197487065912922,-0.25119540095329285,"Tim Herrin",25139,682120
"Landon Knack","LAD",0,0,1,3,0,7.2,7.043478844972598,2.3478262816575324,4.695652563315065,0.18181818181818182,1,0.307692307,0.266666666,93.03287464488636,5.869565704143831,4.94776333483729,9.470597842780808,5.659882002690173,-0.25542768836021423,"Landon Knack",27487,689017
"Sam Bachman","LAA",1,2,1,41,0,45.2,9.065694692805867,5.3211686240382265,1.1824819164529392,0.2413793103448276,0.75539568,0.512396694,0.15,98.670654296875,4.138686707585287,3.7019692729477733,4.743526773276477,4.365980111395307,-0.2638213038444519,"Sam Bachman",29754,696147
"Lazaro Estrada","TOR",1,1,1,7,0,12,6.000000476837196,6.000000476837196,1.500000119209299,0.15625,0.6557377,0.40625,0.142857142,92.89577159662356,4.500000357627897,4.041121588346416,5.912626523441757,5.51808871661987,-0.26422417163848877,"Lazaro Estrada",24914,681751
"Mitch Farris","LAA",1,3,1,26,0,47.1,9.3169024096102,4.373239906551727,1.711267789520241,0.32786885245901637,0.81125828,0.366412213,0.176470588,91.88603065718158,4.183099041049478,5.332864031027366,5.001828382791376,4.16663143401148,-0.27124348282814026,"Mitch Farris",33628,815083
"Nick Sandlin","LAA",0,1,0,8,0,8.2,6.230770373485707,5.192308644571423,2.076923457828569,0.2916666666666667,0.42253521,0.423076923,0.181818181,91.55347234552556,11.42307901805713,6.262511536187702,7.463909153684504,6.391829399140786,-0.2717190086841583,"Nick Sandlin",20517,680704
"Eric Cerantola","KCR",0,0,0,4,0,5.1,11.812500704079909,16.87500100582844,3.375000201165688,0.25,0.71428571,0.5,0.5,94.44590250651042,10.125000603497064,7.349714883295296,10.954293434321908,7.218518927423713,-0.27616432309150696,"Eric Cerantola",30128,672021
"Jalen Beeks","TEX",2,1,0,29,0,26,7.269232902301759,2.7692315818292417,2.076923686371931,0.28205128205128205,0.9057971,0.4125,0.2,93.59618201622597,3.8076934250152075,5.737850827030621,5.386985949793004,4.139640531114635,-0.2781903147697449,"Jalen Beeks",17192,656222
"Reiver Sanmartin","SFG",1,0,0,7,0,6.2,9.450003604890291,2.7000010299686545,4.050001544952982,0.4,0.68181818,0.478260869,0.5,92.30655924479167,9.450003604890291,6.096241512640566,7.729294738770208,3.246363887593383,-0.2790002226829529,"Reiver Sanmartin",19754,665665
"PJ Poulin","WSN",3,0,3,24,0,21.2,5.815386321841408,7.061540533664567,0.8307694745487725,0.22580645161290322,0.79470199,0.484375,0.076923076,90.32624289772727,3.32307789819509,6.432861902104104,5.340832090095851,5.963593418071953,-0.288808137178421,"PJ Poulin",23394,676571
"Carlos Cortes","ATH",0,0,0,8,0,8,1.1250001341104667,5.625000670552334,4.500000536441867,0.2903225806451613,0.72580645,0.342857142,0.235294117,70.2966640625,9.000001072883734,7.295747611753006,11.204293933510897,7.932099738120351,-0.2936888337135315,"Carlos Cortes",21842,666126
"Trevor Martin","TBR",0,0,0,6,0,11.1,5.55882368533257,3.176470677332897,3.176470677332897,0.2702702702702703,0.83333333,0.4,0.222222222,95.27552324459876,3.9705883466661214,6.591144692260207,8.02046957411981,5.844712205313073,-0.2966552972793579,"Trevor Martin",31878,694680
"Eli Morgan","KCR",0,1,1,16,0,19.1,7.448276351946887,4.189655447970124,2.327586359983402,0.3220338983050847,0.85714286,0.3125,0.192307692,91.3659164186508,5.120689991963484,7.228306364608168,6.493086292910959,5.173766799935313,-0.29710784554481506,"Eli Morgan",20203,669212
"Connor Brogdon","CLE",2,2,1,15,0,15.1,8.217393007981883,1.760869930281832,2.9347832171363866,0.2,0.5,0.361702127,0.2,94.68789365310077,5.282609790845496,5.09934419173398,6.079293586896942,4.316740429682051,-0.3017241954803467,"Connor Brogdon",21205,641401
"Eric Lauer","- - -",1,2,0,3,0,16,5.625,3.375,2.25,0.13636363636363635,0.67307692,0.282608695,0.166666666,90.95290687435963,5.0625,7.3983674019599395,6.204292964935303,5.232744396477938,-0.3077014423906803,"Eric Lauer",19316,641778
"Connor Phillips","CIN",1,0,1,25,0,27.2,9.108435200129277,9.108435200129277,0.9759037714424226,0.2535211267605634,0.71129707,0.256756756,0.076923076,98.48776187968164,5.530121371507061,6.284189714155279,5.826281358625085,6.557838243295732,-0.3081832230091095,"Connor Phillips",27649,683175
"Bryan Abreu","HOU",4,3,7,46,0,43,11.930234674894585,6.279070881523467,1.4651165390221421,0.25,0.76628352,0.423913043,0.184210526,95.525,4.186047254348978,4.099332069693104,4.84673513899376,4.0727994109569945,-0.30842843651771545,"Bryan Abreu",16609,650556
"Joel Kuhnel","- - -",1,3,6,35,0,35.1,5.603774845324563,3.056604461086125,1.5283022305430625,0.3008849557522124,0.73529412,0.5,0.214285714,95.33318698021674,4.839623730053031,5.437905581607141,5.400048203908101,4.3962109985594555,-0.31408293545246124,"Joel Kuhnel",19995,669270
"Miles Mikolas","WSN",1,3,0,14,0,63,4.000000242203016,1.1428572120580045,1.571428666579756,0.25365853658536586,0.77738516,0.423255813,0.125,93.69505810136555,3.7142859391885144,4.497751661655918,4.888816884027143,4.740708155225735,-0.32041263580322266,"Miles Mikolas",9803,571945
"Cole Henry","WSN",0,2,0,11,0,13.2,9.878049929322257,4.609756633683721,2.6341466478192688,0.3170731707317073,0.60747664,0.272727272,0.16,94.02468171296296,7.902439943457806,6.15639033769929,6.884171456229803,5.857892594850602,-0.3242820203304291,"Cole Henry",27570,669371
"Luis Curvelo","TEX",0,0,0,9,0,10.1,5.225806612377985,6.096774381107649,3.4838710749186568,0.34210526315789475,0.65217391,0.238095238,0.181818181,95.47281605113636,9.580645456026307,6.695889706713642,8.982518952991917,7.184191897277645,-0.3244674801826477,"Luis Curvelo",24710,681168
"Craig Yoho","- - -",2,1,0,19,0,23.1,7.714285819384518,4.62857149163071,1.9285714548461295,0.15517241379310345,0.68181818,0.387096774,0.185185185,94.02125527202219,5.400000073569163,4.320548618081072,6.07929300580706,5.051241238990999,-0.3314546309411526,"Craig Yoho",33248,684974
"Ryne Stanek","STL",2,2,1,52,0,46.1,9.517987439983342,5.244605324072454,1.553957133058505,0.2796610169491525,0.76124567,0.387096774,0.163265306,98.09290515988373,4.467626757543202,4.453102530528134,5.021739381258434,4.383525160028362,-0.3341900408267975,"Ryne Stanek",15947,592773
"Ron Marinaccio","- - -",1,0,0,39,0,55.1,7.156627533899378,3.7409643927201297,1.626506257704404,0.3,0.73972603,0.394117647,0.14084507,93.7553452711839,5.367470650424534,5.027155132187996,5.410618600978282,5.0102577198560345,-0.33782173320651054,"Ron Marinaccio",23488,676760
"Brandan Bidois","PIT",0,0,0,15,0,15.2,11.489364266558036,6.893618559934822,2.872341066639509,0.3333333333333333,0.64,0.239130434,0.192307692,96.84170909410112,6.3191503466069205,5.752487512639395,7.164400259711494,5.536303607813695,-0.3446841835975647,"Brandan Bidois",28052,684049
"Ryan Walker","SFG",0,1,3,27,0,26.1,6.4936721403237145,5.126583268676616,1.3670888716470977,0.3372093023255814,0.59907834,0.46590909,0.137931034,93.78746541341145,7.518988794059037,4.421420123961295,5.4337237994386385,5.131827323779121,-0.34520408511161804,"Ryan Walker",20423,676254
"Elvis Alvarado","ATH",4,3,2,36,0,37.1,11.089288358178088,4.339286748852295,1.928571888378798,0.25316455696202533,0.76086957,0.395348837,0.181818181,99.08076379654256,4.821429720946995,4.938664018859938,5.007864853314101,4.012362169322693,-0.34923967719078064,"Elvis Alvarado",21662,665660
"Mitch Spence","KCR",0,1,0,2,0,5.1,8.43750050291422,13.500000804662752,5.062500301748532,0.45,0.25316456,0.434782608,0.333333333,,27.000001609325505,6.446290468387004,13.016793557256495,8.267551134665052,-0.35001739859580994,"Mitch Spence",27707,687765
"Colton Gordon","HOU",0,0,0,3,0,5.2,9.529412833877208,4.764706416938604,6.352941889251472,0.5,0.76923077,0.333333333,0.5,91.2810302734375,12.705883778502944,7.4407982303132325,11.726352758638697,4.694306258175041,-0.35043230652809143,"Colton Gordon",31312,676467
"Danny Young","ATL",0,1,0,14,0,10.2,9.281253872440882,7.5937531683607205,1.6875007040801602,0.35714285714285715,0.80188679,0.464285714,0.2,93.48619842529297,5.906252464280561,6.550887912088881,6.829294529557881,5.815826251420111,-0.35407939553260803,"Danny Young",18439,664849
"Zach Maxwell","CIN",0,1,1,10,0,10,8.10000077247627,9.000000858306967,2.70000025749209,0.34375,0.65656566,0.257142857,0.166666666,98.71047044836956,9.900000944137663,7.782006179072666,8.17929345130925,7.013435057975492,-0.3573276102542877,"Zach Maxwell",31610,687209
"Dennis Santana","PIT",2,5,2,44,0,41.2,7.992000487792999,4.536000276855486,1.7280001054687564,0.288135593220339,0.65055762,0.296,0.133333333,94.22730054723502,6.048000369140648,5.321369772648064,5.455293109954843,5.146606465395035,-0.36541634798049927,"Dennis Santana",17878,642701
"Matt Krook","- - -",0,1,0,11,0,8.1,9.720003707887157,10.800004119874618,2.1600008239749235,0.30434782608695654,0.54945055,0.52,0.333333333,,10.800004119874618,7.763990351438234,8.359294979096227,6.332950893247768,-0.3731672763824463,"Matt Krook",19315,640454
"Javier Assad","CHC",2,0,2,11,0,28.1,5.717647315424631,2.541176584633169,1.5882353653957306,0.20987654320987653,0.73076923,0.423529411,0.142857142,93.5591529107863,4.129411950028899,4.899264775172493,5.26752835725831,4.849782458604313,-0.3817928433418274,"Javier Assad",21741,665871
"Phil Maton","CHC",0,1,0,31,0,27.2,10.084340362007065,5.204820832003647,1.6265065100011395,0.3670886075949367,0.75,0.414634146,0.227272727,,6.18072473800433,6.789761431045696,5.464835846270308,4.3232916858206805,-0.38504835963249207,"Phil Maton",18064,664208
"Mason Black","KCR",0,0,0,14,0,25.2,6.311688937069676,5.610390166284157,1.753246926963799,0.26666666666666666,0.91666667,0.3,0.131578947,93.87512777453271,3.506493853927598,7.156345365026008,6.313059519112977,6.029453111755769,-0.3862404525279999,"Mason Black",30171,696131
"Steven Cruz","KCR",2,3,3,40,0,42,9.642858894504165,3.642857804590462,2.1428575321120364,0.24509803921568626,0.825,0.440366972,0.232558139,98.43355140582656,4.285715064224073,3.8689750283772137,5.388817193989387,3.848712335754973,-0.3931622803211212,"Steven Cruz",23165,674444
"Jordan Leasure","CHW",2,1,0,17,0,17.1,9.34615556022856,3.6346160511999956,3.1153851867428535,0.21428571428571427,0.58823529,0.208333333,0.1875,95.91415824142157,6.75000123794285,7.978961896833165,6.713909016135299,5.018156620880944,-0.3935701847076416,"Jordan Leasure",29950,673929
"Ken Waldichuk","WSN",0,0,0,5,0,9.1,7.714286765273879,5.7857150739554095,3.8571433826369397,0.18181818181818182,0.85106383,0.391304347,0.333333333,93.53994750976562,6.750000919614645,7.143447307983984,9.186436654110459,5.567965959598064,-0.39985722303390503,"Ken Waldichuk",27681,686610
"David Sandlin","CHW",0,0,0,2,0,8.2,10.384616146426286,5.192308073213143,4.153846458570514,0.2727272727272727,0.67307692,0.5,0.571428571,96.0331169577206,9.346154531783656,5.125530096954057,8.848524157394351,4.07538227037709,-0.4013013243675232,"David Sandlin",31743,689818
"Chase Lee","TOR",1,0,1,6,0,7,2.571429272087444,9.000002452306052,2.571429272087444,0.1111111111111111,0.85365854,0.35,0.2,90.32162039620536,3.8571439081311656,5.2260420680037605,9.222151781588641,7.677819390832064,-0.4059546887874603,"Chase Lee",29574,695445
"Ryan Weiss","HOU",0,3,0,7,0,19,10.894737935792817,5.684211096935383,2.8421055484676914,0.38181818181818183,0.62091503,0.295081967,0.24,95.56882306654676,8.526316645403073,6.309610649669099,6.658240692635358,4.551618929880013,-0.42508894205093384,"Ryan Weiss",24621,680802
"Austin Voth","- - -",0,1,0,3,0,10,2.70000025749209,5.40000051498418,2.70000025749209,0.36363636363636365,0.625,0.255319148,0.136363636,92.03948296440973,9.900000944137663,7.3758200567683305,8.17929345130925,7.621022164330883,-0.4308152347803116,"Austin Voth",15047,608723
"Brendon Little","TOR",0,3,0,16,0,15.1,12.913046958542086,8.804350199005968,2.347826719734925,0.4857142857142857,0.55921053,0.605263157,0.4,96.4478056936553,9.978263558873431,4.584373642419454,6.5358156356561645,4.135141698000919,-0.4346400499343872,"Brendon Little",21574,663893
"Luis Gastelum","STL",2,2,0,14,0,15.2,8.617022150833266,3.4468088603333067,2.8723407169444224,0.275,0.5,0.431818181,0.3125,94.31122698102679,6.893617720666613,4.574130481518846,6.653761412688362,4.056111059982026,-0.44252103567123413,"Luis Gastelum",33027,703725
"Connor Thomas","ATL",0,1,0,2,0,6.1,5.68421166755509,8.526317501332635,5.68421166755509,0.4230769230769231,0.38961039,0.4,0.285714285,90.99509626116071,21.315793753331587,8.379141128704799,12.868768614613511,8.01595922362378,-0.44645875692367554,"Connor Thomas",25873,671162
"Gus Varland","WSN",1,2,6,33,0,31.2,8.526317501332635,4.263158750666317,1.9894740836442815,0.36363636363636365,0.66390041,0.27184466,0.134615384,95.1745069550305,6.821054001066107,7.259280937842496,5.479293446791896,5.099913885153404,-0.46335986256599426,"Gus Varland",24737,681402
"Justin Topa","MIN",0,1,2,23,0,19,5.6842128087948485,5.210528408061944,1.894737602931616,0.359375,0.62874251,0.544117647,0.19047619,,8.052634812459369,6.230424296594595,6.4477153701470655,5.38973178961142,-0.4717576801776886,"Justin Topa",15145,623437
"Brenan Hanifee","DET",0,1,0,21,0,19.2,4.118644999827854,3.203390555421664,2.2881361110154743,0.25396825396825395,0.81818182,0.636363636,0.333333333,96.36883544921875,5.033899444234043,6.510231739248417,6.689463273426385,4.542912668116834,-0.47962847352027893,"Brenan Hanifee",22304,669724
"Richard Lovelady","- - -",2,3,4,28,0,23,7.826090201539662,6.6521766713087125,1.1739135302309494,0.3472222222222222,0.79908676,0.444444444,0.142857142,91.53494157462285,4.304349610846814,5.894955582069811,5.644511419884415,5.335742598012585,-0.4796602688729763,"Richard Lovelady",19337,663992
"Caleb Thielbar","CHC",3,2,3,42,0,35.2,11.102806904960534,3.280374767374703,2.5233652056728486,0.28735632183908044,0.76470588,0.28125,0.192307692,93.35832923228347,5.299066931912982,4.7770521709080755,5.350321650040867,3.9200310447271165,-0.4807099997997284,"Caleb Thielbar",10078,573204
"Griffin Jax","TBR",1,2,0,11,0,9,10.0000031789154,7.000002225240779,3.0000009536746197,0.2916666666666667,0.46875,0.56,0.375,97.05473247327302,8.000002543132318,6.693111774138119,7.523738822231036,4.540597981496923,-0.4818097949028015,"Griffin Jax",20253,643377
"Hunter Barco","PIT",0,1,0,6,0,14.2,6.136364301374208,7.3636371616490495,1.8409092904122624,0.3333333333333333,0.65972222,0.470588235,0.157894736,94.21874135785399,7.3636371616490495,6.762308643594485,7.238384324755599,6.547046849802557,-0.49563726782798767,"Hunter Barco",33174,682995
"John Schreiber","KCR",0,3,1,48,0,43,6.906977969675813,4.395349617066426,1.4651165390221421,0.275,0.78544061,0.43548387,0.166666666,93.79691329656863,3.7674425289140796,5.079101836541921,5.1955724101895076,4.56293602080721,-0.5147852897644043,"John Schreiber",20020,670167
"Valente Bellozo","COL",0,1,0,3,0,10.2,6.750000402331376,5.9062503520399545,4.21875025145711,0.18518518518518517,0.72727273,0.258064516,0.294117647,90.67147488064236,7.593750452622798,11.496810885979244,9.923043372854615,6.250147799947029,-0.5151397585868835,"Valente Bellozo",23899,678368
"Mitchell Parker","WSN",3,3,1,22,0,39.2,7.714286208868344,2.9495800210378964,2.0420169376416206,0.30833333333333335,0.61983471,0.375,0.173076923,93.647944897677,6.579832354623,5.16469278593739,5.449041016025578,4.4907127939160825,-0.5485110878944397,"Mitchell Parker",27636,680730
"Justin Sterner","ATH",2,3,1,46,0,42.2,8.43750201165724,2.7421881537886033,2.320313053205741,0.2916666666666667,0.64220183,0.388888888,0.192982456,93.76466545078397,6.1171889584515,3.5426283554376052,5.4699185349048545,4.147601525857572,-0.5519028306007385,"Justin Sterner",27694,686993
"Lucas Erceg","KCR",4,4,12,46,0,43.1,6.4384622941779845,5.6076929658969545,1.038461660351288,0.34558823529411764,0.65384615,0.510791366,0.131578947,97.18436164529915,6.02307763003747,4.774908708305483,5.433139395064888,5.2651571353266915,-0.5563971996307373,"Lucas Erceg",19360,668674
"Clayton Beeter","WSN",5,3,12,38,0,36,9.250000980165373,5.750000609291989,1.5000001589457364,0.19047619047619047,0.80310881,0.56321839,0.222222222,95.63721381293402,3.7500003973643405,4.319512717713356,5.273737641911472,4.246296582144551,-0.5952419638633728,"Clayton Beeter",27494,690925
"Paul Sewald","ARI",2,5,24,45,0,39,10.153847147021871,2.076923280072655,2.769231040096874,0.22916666666666666,0.56737589,0.177570093,0.173913043,91.3613016598916,6.230769840217966,4.624817709240281,5.669036807988861,4.356440932188997,-0.6042112112045288,"Paul Sewald",13892,623149
"Drew Pomeranz","- - -",2,3,0,31,0,29,5.275862762959284,4.965517894549915,2.1724140788655877,0.26881720430107525,0.77114428,0.272727272,0.134615384,92.23227916815902,5.586207631368654,5.296215551739986,6.906879675317529,6.492614665427267,-0.6110081076622009,"Drew Pomeranz",11426,519141
"Chris Roycroft","- - -",1,0,1,16,0,20.2,6.967742471367503,4.790322949065159,3.0483873312232825,0.34782608695652173,0.68181818,0.575342465,0.388888888,,9.145161993669848,6.712026330402644,7.966390114991675,4.886135870600354,-0.6440907865762711,"Chris Roycroft",31261,688297
"Kyle Finnegan","DET",2,0,2,50,0,49,6.795919425484704,5.142857943610046,1.4693879838885846,0.29927007299270075,0.88323353,0.489510489,0.145454545,96.53175197137851,3.4897964617353887,5.299140660417029,5.467048438754253,5.0495630504155296,-0.7285351157188416,"Kyle Finnegan",15009,640448
"Scott Barlow","ATH",2,0,2,36,0,33.1,7.830002090836129,5.130001369858154,1.890000504684583,0.2111111111111111,0.61611374,0.37113402,0.155555555,89.25110973011364,6.4800017303471416,5.572020272496234,6.409293854141473,5.729899961112102,-0.7415705919265747,"Scott Barlow",14993,605130
"Tony Santillan","CIN",1,4,5,34,0,31,8.129033258380675,4.064516629190337,2.6129035473366455,0.24096385542168675,0.75657895,0.355555555,0.214285714,94.69870765186916,5.225807094673291,5.207314105808693,6.401874018955976,4.685636391093614,-0.7561565637588501,"Tony Santillan",19926,663574
"Matt Gage","SFG",4,1,1,34,0,27.1,7.243905303452426,5.59756318903142,1.975610537305207,0.275,0.74468085,0.411764705,0.181818181,92.30533854166667,5.59756318903142,5.332974836796957,6.298806433136381,5.279023035763355,-0.7827613949775696,"Matt Gage",17381,657424
"Tim Hill","NYY",4,2,1,54,0,46,4.108696674354389,2.1521744484713468,1.7608700032947382,0.22535211267605634,0.74324324,0.673469387,0.272727272,89.35776238692434,4.3043488969426935,4.4211571754381245,5.7532066736421275,4.299422214005066,-0.8453489542007446,"Tim Hill",16814,657612
"Justin Lawrence","- - -",0,3,1,37,0,34.1,11.271847269337679,7.339807524219884,2.3592238470706772,0.32967032967032966,0.62913907,0.424242424,0.257142857,95.73400208190247,7.339807524219884,6.405057379613109,6.953080269384687,5.093774986653542,-0.8800774365663528,"Justin Lawrence",17639,664875
"Aaron Bummer","- - -",1,2,0,21,0,16.2,7.020001874542737,5.9400015861515465,3.780001009369166,0.30357142857142855,0.57251908,0.451612903,0.269230769,90.41438441122732,10.260002739716308,6.468233891183264,9.139294583130315,6.048883246705798,-0.9427496641874313,"Aaron Bummer",16258,607481
"Matt Strahm","KCR",3,4,0,41,0,35.2,7.570094807365419,3.5327109101038623,3.0280379229461674,0.2621359223300971,0.68062827,0.278260869,0.176470588,91.32856345663265,7.317758313786571,4.191407110182094,7.11667686219686,5.638820474364381,-1.333020806312561,"Matt Strahm",13799,621381