Name,Team,G,PA,HR,R,RBI,SB,BB%,K%,ISO,BABIP,AVG,OBP,SLG,wOBA,xwOBA,wRC+,BsR,Off,Def,WAR,NameASCII,PlayerId,MLBAMID
"Aaron Judge","NYY",152,679,53,137,114,12,0.182621502,0.235640648,0.356746765,0.376119402,0.330868761,0.456553755,0.687615526,0.46277131105470437,0.45925570055028764,204.45786957330023,-4.1427703108638525,79.45284778761305,-3.845034122467041,10.12667684956468,"Aaron Judge",15640,592450
"Cal Raleigh","SEA",159,705,60,110,125,14,0.137588652,0.266666666,0.342281879,0.247863247,0.246644295,0.358865248,0.588926174,0.39200781996166983,0.37054980078408883,161.1147743082231,-2.760269746184349,48.021508437442925,16.293894536793232,9.062879105971586,"Cal Raleigh",21534,663728
"Bobby Witt Jr.","KCR",157,687,23,99,88,38,0.071324599,0.181950509,0.205457464,0.334024896,0.295345104,0.350800582,0.500802568,0.36028863131912187,0.36518207527476654,129.71644196602443,7.413172552362084,31.47486219598688,23.18013095855713,8.011112534654776,"Bobby Witt Jr.",25764,677951
"Shohei Ohtani","LAD",158,727,55,146,102,20,0.149931224,0.257221458,0.340425532,0.315363881,0.281505728,0.391724137,0.62193126,0.4178216946885941,0.42509599165482953,172.3156045629402,3.680434776470065,65.99084893877733,-17.067899703979492,7.480110532847197,"Shohei Ohtani",19755,660271
"Geraldo Perdomo","ARI",161,720,20,98,100,27,0.130555555,0.115277777,0.172529313,0.302970297,0.289782244,0.389044943,0.462311557,0.3698901362224638,0.35617754119743916,137.98755046348717,3.7621945179998875,36.17883408519434,9.052163481712341,7.078549937322684,"Geraldo Perdomo",22799,672695
"Trea Turner","PHI",141,639,15,94,69,36,0.067292644,0.167449139,0.152801358,0.34968017,0.303904923,0.355242566,0.456706281,0.35156535943473766,0.32088068660150126,124.8082278067238,7.955487499013543,26.743931087851973,17.25831699371338,6.677112544143246,"Trea Turner",16252,607208
"Corbin Carroll","ARI",143,642,31,107,84,32,0.10436137,0.238317757,0.281914893,0.299479166,0.258865248,0.342679127,0.540780141,0.37149713461675615,0.3719789517000786,139.08839604480144,10.26703043282032,40.009503964956885,2.5449557304382324,6.53919756023393,"Corbin Carroll",25878,682998
"José Ramírez","CLE",158,673,30,103,85,44,0.09806835,0.109955423,0.219224283,0.279352226,0.283305227,0.360119047,0.50252951,0.35964188603254466,0.3417029512845553,133.4721923751499,7.250836165621877,33.80128076665129,4.583213627338409,6.297136862613903,"Jose Ramirez",13510,608070
"Francisco Lindor","NYM",160,732,31,117,86,31,0.088797814,0.178961748,0.198757764,0.288343558,0.267080745,0.345628415,0.465838509,0.3501807249572179,0.34546049556181224,128.77125428201668,2.7495667804032564,27.710687587606657,9.234126567840576,6.271617221497545,"Francisco Lindor",12916,596019
"Fernando Tatis Jr.","SDP",155,691,25,111,71,32,0.128798842,0.186685962,0.178451179,0.30316742,0.267676767,0.367583212,0.446127946,0.3532081374473739,0.3701129750883352,131.28272564346076,5.8059568870812654,31.425822005830458,5.128818988800049,6.092135171439661,"Fernando Tatis Jr.",19709,665487
"Juan Soto","NYM",160,715,43,120,105,38,0.177622377,0.191608391,0.26169844,0.270471464,0.263431542,0.395511921,0.525129982,0.38982828523431506,0.42858725180782814,155.93110814120718,2.711435863748193,50.10874337437486,-17.154218196868896,5.805493362895623,"Juan Soto",20123,665742
"Julio Rodríguez","SEA",160,710,32,106,95,30,0.06197183,0.214084507,0.207055215,0.302127659,0.266871165,0.323943661,0.47392638,0.3409884508619917,0.347904129245682,125.96944026266532,3.8648876510560513,25.59657822203235,5.944949150085449,5.727308625546893,"Julio Rodriguez",23697,677594
"Jeremy Peña","HOU",125,543,17,68,62,20,0.064456721,0.171270718,0.172413793,0.345454545,0.304259634,0.363468634,0.476673427,0.3629105426647045,0.33391561136617287,135.11462301057807,4.281400267034769,26.7543672977083,10.43244457244873,5.716812989542194,"Jeremy Pena",21636,665161
"Maikel Garcia","KCR",160,666,16,81,74,23,0.093093093,0.126126126,0.16302521,0.308,0.285714285,0.35143288,0.448739495,0.3469151187446502,0.334391168314462,120.50392963812814,1.1092503610998392,17.203988194382053,14.949350118637085,5.634961600472064,"Maikel Garcia",22715,672580
"Pete Crow-Armstrong","CHC",157,647,31,91,95,35,0.044822256,0.239567233,0.233502538,0.275779376,0.247038917,0.287051482,0.480541455,0.3234034123830497,0.320855923687083,108.9191437637993,6.71594494394958,13.555402371707675,17.416976928710938,5.371225599643558,"Pete Crow-Armstrong",27769,691718
"George Springer","TOR",140,586,32,106,84,18,0.11774744,0.189419795,0.251004016,0.339832869,0.309236947,0.39896373,0.560240963,0.4078920781612396,0.40411586595618204,166.12905855908951,2.781200483441353,48.4545151351716,-17.774693489074707,5.202487966443002,"George Springer",12856,543807
"Byron Buxton","MIN",126,542,35,97,83,24,0.075645756,0.27306273,0.286885246,0.302250803,0.264344262,0.326568265,0.551229508,0.3666271403071157,0.3501997990394706,136.3415758121969,8.5274652633816,31.742835614070653,-1.3612439632415771,5.017032364611684,"Byron Buxton",14161,621439
"Kyle Schwarber","PHI",162,724,56,111,132,10,0.14917127,0.272099447,0.322847682,0.252840909,0.240066225,0.364640883,0.562913907,0.39137705031543724,0.40230382602750175,152.08051640783808,-1.0830436181277037,43.60671962103099,-19.549615621566772,4.925811487238976,"Kyle Schwarber",16478,656941
"Cody Bellinger","NYY",152,656,29,89,98,13,0.086890243,0.137195121,0.207482993,0.274058577,0.272108843,0.333841463,0.479591836,0.34747452362803105,0.32659346622858443,125.03422753309191,0.8509355094283819,20.20671248649219,5.125375747680664,4.901848046001733,"Cody Bellinger",15998,641355
"Nico Hoerner","CHC",156,649,7,89,61,29,0.060092449,0.07550077,0.096828047,0.312614259,0.297161936,0.345146379,0.393989983,0.324089211722215,0.322042728394501,109.3889383665007,4.5452390145510435,11.767204203495037,13.549191236495972,4.799355591702349,"Nico Hoerner",21479,663538
"Gunnar Henderson","BAL",154,651,17,85,68,30,0.095238095,0.210445468,0.164644715,0.329439252,0.273830155,0.348694316,0.43847487,0.33939238232235575,0.34076161020073614,119.78289181549304,7.284861529245973,22.463867767340375,1.7328612804412842,4.768079440044021,"Gunnar Henderson",26289,683002
"Matt Olson","ATL",162,724,29,98,95,1,0.125690607,0.243093922,0.211538461,0.332547169,0.272435897,0.366022099,0.483974358,0.3663292339799147,0.3601102577664485,136.0615266903134,-4.790014090016484,26.15401644171929,-4.206103324890137,4.710014863829272,"Matt Olson",14344,621566
"Alejandro Kirk","TOR",130,506,15,45,76,1,0.09486166,0.11660079,0.139689579,0.292428198,0.281596452,0.347826086,0.421286031,0.3344693310440533,0.358883381837879,115.55087581177857,-5.861030763015151,3.413201002624401,24.857967376708984,4.674338155196416,"Alejandro Kirk",22581,672386
"Ketel Marte","ARI",126,556,28,87,72,4,0.115107913,0.149280575,0.233333333,0.29032258,0.283333333,0.37589928,0.516666666,0.38054607012055136,0.38983042918852645,145.2872078795435,-3.392894307151437,26.450247531048422,-0.015487074851989746,4.597209838564742,"Ketel Marte",13613,606466
"Nick Kurtz","ATH",117,489,36,90,86,2,0.128834355,0.308793456,0.328571429,0.364406779,0.29047619,0.383196721,0.619047619,0.41892504495443755,0.37232573958467846,170.30615312604996,-0.3335937410593033,40.186903835444994,-12.123651266098022,4.593201447685465,"Nick Kurtz",35110,701762
"Junior Caminero","TBR",154,653,45,93,110,7,0.062787136,0.191424196,0.270764119,0.259681093,0.264119601,0.310872894,0.53488372,0.356518121127702,0.34550213557417675,129.25356454772745,0.031236344948410988,22.54585257077762,-0.42749929428100586,4.562478449126252,"Junior Caminero",28163,691406
"Kyle Tucker","CHC",136,597,22,91,73,25,0.145728643,0.147403685,0.198,0.282442748,0.266,0.377104377,0.464,0.3629035417631497,0.3720955271940215,135.97800271715482,3.7615440152585506,29.218448153120068,-5.071225881576538,4.502728506941264,"Kyle Tucker",18345,663656
"Brice Turang","MIL",156,659,18,97,81,24,0.100151745,0.227617602,0.147260274,0.356294536,0.287671232,0.359208523,0.434931506,0.34630487177793573,0.33523911337816076,123.56972992154685,2.6060672160238028,21.01523798851718,0.14898896217346191,4.408576414286521,"Brice Turang",22186,668930
"Jazz Chisholm Jr.","NYY",130,531,31,75,80,31,0.109227871,0.278719397,0.238095238,0.282229965,0.242424242,0.332075471,0.48051948,0.3490127379141593,0.3450513608527906,126.09384578932723,2.9428022354841232,19.2735167736173,5.301408886909485,4.3842020292452935,"Jazz Chisholm Jr.",20454,665862
"Elly De La Cruz","CIN",162,699,22,102,86,37,0.095851216,0.258941344,0.176470589,0.337236533,0.263910969,0.336194563,0.440381558,0.3325369146115894,0.3215300714084675,108.50352613594754,9.366406241431832,16.411234860235368,2.7464590072631836,4.33944145900445,"Elly De La Cruz",26668,682829
"Will Smith","LAD",110,436,17,64,61,2,0.14678899,0.20412844,0.201657459,0.344827586,0.29558011,0.403669724,0.497237569,0.3892415171382071,0.37794396411413433,152.73726379964666,-2.9055581372231245,24.34643609260093,1.6196469068527222,4.140782797825882,"Will Smith",19197,669257
"Andy Pages","LAD",156,624,27,74,86,14,0.046474358,0.216346153,0.189328744,0.308235294,0.271944922,0.3125,0.461273666,0.33191527751011723,0.3159952701193891,113.46694603698575,0.5895143374800682,10.549252366616011,8.428885668516159,4.0657734805553964,"Andy Pages",24816,681624
"Wyatt Langford","TEX",134,573,22,73,62,22,0.129144851,0.263525305,0.190184049,0.29906542,0.241308793,0.343804537,0.431492842,0.3371595635748746,0.34610491300884044,118.20581472623358,1.5529479123651981,13.848196550375782,6.155039310455322,4.064361028991421,"Wyatt Langford",33333,694671
"Dillon Dingler","DET",126,469,13,54,57,0,0.049040511,0.234541577,0.147126437,0.345047923,0.278160919,0.326923076,0.425287356,0.3261193729009751,0.3512107619911816,108.94446170022889,-0.18214974738657475,4.762091192104968,18.764248371124268,4.0585898590137734,"Dillon Dingler",27464,693307
"Willy Adames","SFG",160,686,30,94,87,12,0.116618075,0.260932944,0.196277495,0.263427109,0.225042301,0.318248175,0.421319796,0.3207774200690787,0.32673662971047795,107.7213517013979,0.8597658015787601,7.137626230959983,9.58981466293335,4.046544656245317,"Willy Adames",15986,642715
"Corey Seager","TEX",102,445,21,61,50,3,0.130337078,0.195505617,0.215789474,0.299270072,0.271052631,0.373033707,0.486842105,0.36543997128804523,0.3998089669764727,137.68712924586418,-1.4138935580849648,18.352418292463508,5.558135747909546,4.01338547692748,"Corey Seager",13624,608369
"Kyle Stowers","MIA",117,457,25,61,73,5,0.105032822,0.273522975,0.255639098,0.355731225,0.288220551,0.368421052,0.543859649,0.38619400544408666,0.37542991300599765,148.79942673479505,0.9526789411902428,27.384380744686585,-3.673213005065918,3.981559954430026,"Kyle Stowers",26151,669065
"Shea Langeliers","ATH",123,523,31,73,72,7,0.068833652,0.196940726,0.25987526,0.289772727,0.276507276,0.325047801,0.536382536,0.36381869686060936,0.32702307434670036,132.34545220078905,0.6414712704718113,20.57974209699461,-0.027740478515625,3.9444351098044796,"Shea Langeliers",25816,669127
"Jarren Duran","BOS",157,696,16,86,84,24,0.086206896,0.242816091,0.185483871,0.326484018,0.256451612,0.3323741,0.441935483,0.3350495208237288,0.32572161962115576,111.15078705378289,7.191657543182373,16.33883988853637,-2.058706045150757,3.911952017864964,"Jarren Duran",24617,680776
"Freddie Freeman","LAD",147,627,24,81,90,6,0.095693779,0.20414673,0.206834533,0.342298288,0.294964028,0.366826156,0.501798561,0.3697290580118856,0.34992756635576533,139.37060177554082,-1.692714635282755,27.56455536408472,-10.371381998062134,3.893361143205388,"Freddie Freeman",5361,518692
"Vladimir Guerrero Jr.","TOR",156,680,23,96,84,6,0.119117647,0.138235294,0.174872666,0.31302521,0.292020373,0.380882352,0.466893039,0.3656467213517144,0.3843275221295777,137.02781322530683,-2.5973666571080685,27.078919623322182,-12.477776244282722,3.8884524230892934,"Vladimir Guerrero Jr.",19611,665489
"Bo Bichette","TOR",139,628,18,78,94,4,0.063694267,0.144904458,0.171821306,0.342436974,0.310996563,0.356687898,0.482817869,0.36087718320349915,0.35305656530918217,133.74225688817225,-3.245534287765622,21.729514546584777,-5.990059852600098,3.821801531506878,"Bo Bichette",19612,666182
"Ceddanne Rafaela","BOS",156,587,16,84,63,20,0.04770017,0.199318568,0.164835164,0.289156626,0.249084249,0.294520547,0.413919413,0.3065042726389349,0.30501882997277663,91.48703384452843,3.926151018589735,-1.9635274042159505,18.9567129611969,3.805695239399587,"Ceddanne Rafaela",24262,678882
"Eugenio Suárez","- - -",159,657,49,91,118,4,0.07001522,0.298325722,0.297619048,0.242857142,0.227891156,0.298325722,0.525510204,0.3468173504785727,0.3196506704082926,124.69361712346375,-3.43961582146585,15.801432446630429,-0.7449610233306885,3.802711669291534,"Eugenio Suarez",12552,553993
"Manny Machado","SDP",159,678,27,91,95,14,0.081120943,0.193215339,0.185365854,0.307359307,0.274796747,0.334808259,0.460162601,0.3411543614255922,0.35432209621389765,123.02550141793589,-0.7419531438499689,17.760656910184725,-3.520729422569275,3.764809205933287,"Manny Machado",11493,592518
"Matt Chapman","SFG",128,535,21,76,61,9,0.13271028,0.235514018,0.198237885,0.270096463,0.231277533,0.340186915,0.429515418,0.33623319853111155,0.33971685059508133,118.30905700722285,0.8733422290533781,12.482854227012178,5.8612751960754395,3.697953823680849,"Matt Chapman",16505,656305
"William Contreras","MIL",150,659,17,89,76,6,0.127465857,0.182094081,0.139575972,0.298850574,0.259717314,0.355083459,0.399293286,0.3315742284287023,0.3313699424813647,113.47876548840496,-3.332034019753337,7.195574760846231,6.542165517807007,3.648753886692119,"William Contreras",20503,661388
"Pete Alonso","NYM",162,709,38,87,126,1,0.086036671,0.228490832,0.251602564,0.304849884,0.272435897,0.346967559,0.524038461,0.36833570584316144,0.38566869353162786,141.20800005483187,-5.410721210762858,29.216845801823425,-17.74122381210327,3.5875089888888323,"Pete Alonso",19251,624413
"Sal Frelick","MIL",142,594,12,76,63,19,0.079124579,0.134680134,0.117424243,0.317460317,0.287878787,0.350936967,0.40530303,0.33226253764998975,0.2991080088158176,113.95027944107807,2.5336809661239386,12.35485841407843,2.824613571166992,3.575003536204167,"Sal Frelick",29622,686217
"Alex Bregman","BOS",114,495,18,64,62,1,0.103030303,0.141414141,0.189376443,0.288184438,0.272517321,0.359595959,0.461893764,0.3555938498518331,0.3371211106215066,125.30300647899588,-1.9769592266529799,12.78520051365253,4.619088649749756,3.523784679257944,"Alex Bregman",17678,608324
"Ronald Acuña Jr.","ATL",95,412,21,74,42,9,0.172330097,0.247572815,0.227810651,0.358139534,0.289940828,0.417475728,0.517751479,0.4028523605243832,0.3969082925833908,161.08104296056186,1.9225861094892025,31.748781998796982,-11.191091060638428,3.505741510673062,"Ronald Acuna Jr.",18401,660670
"Michael Busch","CHC",155,592,34,78,90,4,0.094594594,0.234797297,0.261450382,0.291784702,0.261450381,0.342905405,0.522900763,0.36859447440858617,0.37781399012826294,139.87647460022396,-3.35047378949821,24.628557162894097,-10.102578669786453,3.5013350490886492,"Michael Busch",26319,683737
"Masyn Winn","STL",129,537,9,72,51,9,0.063314711,0.189944134,0.109979634,0.30104712,0.252545824,0.310280373,0.362525458,0.29734385303247757,0.28628965003468165,91.42323105092078,1.5602387972176075,-3.898498599017759,20.136653423309326,3.4892941908841513,"Masyn Winn",27479,691026
"Bryce Harper","PHI",132,580,27,72,75,12,0.120689655,0.208620689,0.225548903,0.292134831,0.261477045,0.356896551,0.487025948,0.3609641829849536,0.36761485242677483,131.2467242056975,1.3539776168763638,22.833602543930724,-8.218193411827087,3.4696373755144654,"Bryce Harper",11579,547180
"Jacob Wilson","ATH",125,523,13,62,63,5,0.051625239,0.074569789,0.133744856,0.317241379,0.310699588,0.355086372,0.444444444,0.34788482865461934,0.3042099323678524,121.36920669600204,-0.33341252617537975,12.838919330803245,2.9951045513153076,3.4617269427955386,"Jacob Wilson",33266,805779
"Mookie Betts","LAD",150,663,20,95,82,8,0.092006033,0.102564102,0.147707979,0.258317025,0.258064516,0.325791855,0.405772495,0.31784157628551374,0.329853998550669,103.82600808653768,-0.3311624873895198,2.675284966846197,8.635106563568115,3.41402158099717,"Mookie Betts",13611,605141
"Hunter Goodman","COL",144,579,31,73,91,1,0.056994818,0.262521588,0.242592593,0.331476323,0.277777777,0.322970639,0.52037037,0.3587744185549813,0.32409323586357963,117.70424184789086,-2.410036752000451,9.73923099270603,4.1954667046666145,3.396588114506926,"Hunter Goodman",29715,696100
"Tyler Soderstrom","ATH",158,624,25,75,93,8,0.088141025,0.225961538,0.197860962,0.327455919,0.276292335,0.346153846,0.474153297,0.3535302139555143,0.34126441709456906,125.25810135928567,-0.6811907514929771,17.89505150937222,-6.252346873283386,3.3885670086378266,"Tyler Soderstrom",27467,691016
"Dansby Swanson","CHC",159,645,24,84,77,20,0.072868217,0.260465116,0.172881356,0.297766749,0.244067796,0.29968944,0.416949152,0.3095082416319365,0.345243317315883,99.40050492924945,4.7424059603363276,4.284116850960381,6.915017440915108,3.3413672524058704,"Dansby Swanson",18314,621020
"Rafael Devers","- - -",163,729,35,99,109,1,0.153635116,0.263374485,0.227347611,0.307291666,0.252059308,0.371742112,0.479406919,0.3650801973482166,0.3668786212490194,135.33665120111453,-5.798344610258937,24.63209686049298,-16.773152828216553,3.324791200971848,"Rafael Devers",17350,646240
"James Wood","WSN",157,689,31,87,94,15,0.123367198,0.320754716,0.219063545,0.3495702,0.255852842,0.349782293,0.474916387,0.35281340211148476,0.3606025223183421,127.29375842430733,-0.851773165166378,21.43651791940268,-12.580478191375732,3.2514136947009904,"James Wood",29518,695578
"Xander Bogaerts","SDP",136,552,11,63,53,20,0.086956521,0.170289855,0.128309572,0.299492385,0.262729124,0.328493647,0.391038696,0.3131875612222365,0.3271935699182913,103.86734386363368,1.6729243714362383,4.203073225771392,8.944000720977783,3.2240973667702533,"Xander Bogaerts",12161,593428
"Patrick Bailey","SFG",135,452,6,47,55,1,0.066371681,0.294247787,0.102689487,0.307971014,0.222493887,0.276785714,0.325183374,0.26539691338049515,0.26412550821667014,69.7839235772586,-2.625710455700755,-18.812872369936695,35.22990369796753,3.2182587035045715,"Patrick Bailey",27478,672275
"Ernie Clement","TOR",157,588,9,83,50,6,0.045918367,0.103741496,0.121100917,0.295833333,0.27706422,0.313253012,0.398165137,0.30834983885288236,0.29249311852331605,97.55813512606845,1.082478104159236,-0.6097991944263499,11.738574504852295,3.2092141096943445,"Ernie Clement",20352,676391
"Harrison Bader","- - -",146,501,17,61,54,11,0.077844311,0.271457085,0.171875,0.359060402,0.276785714,0.347305389,0.448660714,0.346380784126099,0.2967016109244857,121.9372868346894,-1.0046846196055412,11.986018857559488,2.204652488231659,3.1933311078130715,"Harrison Bader",18030,664056
"Steven Kwan","CLE",156,693,11,81,56,21,0.079365079,0.086580086,0.1024,0.283422459,0.272,0.330434782,0.3744,0.30951694633032,0.3099017697711324,98.94299726875172,0.4605597723275423,-0.40278033899917554,7.592094421386719,3.1759081246428837,"Steven Kwan",24610,680757
"Zach McKinstry","DET",144,511,12,68,49,19,0.090019569,0.217221135,0.17920354,0.314371257,0.258849557,0.333333333,0.438053097,0.33299771683155205,0.30505365098155085,113.6826954217801,4.384622802957892,12.625342357411105,0.7158436924219131,3.1644212694351808,"Zach McKinstry",19392,656716
"Trent Grisham","NYY",143,581,34,87,74,3,0.141135972,0.235800344,0.22874494,0.253086419,0.234817813,0.347676419,0.463562753,0.3532670625515936,0.3699475024119917,129.02449082001655,-3.0039241798222065,16.871358620926426,-6.000736236572266,3.1581518212784023,"Trent Grisham",18564,663757
"Josh Naylor","- - -",147,604,20,81,92,30,0.079470198,0.137417218,0.167587477,0.314606741,0.2946593,0.353333333,0.462246777,0.3507002030042994,0.3347388387728138,127.55957763351991,0.5727553926408291,20.25019169334074,-9.822434782981873,3.1475515650823,"Josh Naylor",18839,647304
"CJ Abrams","WSN",144,635,19,92,60,31,0.058267716,0.196850393,0.175862069,0.296127562,0.256896551,0.315457413,0.43275862,0.32365244561085393,0.30867956562253157,107.31756540218946,7.371237672865391,12.878484530307514,-3.318309783935547,3.1396415570134737,"CJ Abrams",25768,682928
"Zach Neto","LAA",128,554,26,82,62,26,0.059566787,0.268953068,0.217131474,0.312121212,0.256972111,0.318840579,0.474103585,0.337106439220163,0.3441548050541581,115.58566304980467,2.9971745051443577,13.17388974532326,-1.599076747894287,3.1351207109038306,"Zach Neto",31347,687263
"Drake Baldwin","ATL",124,446,19,56,80,0,0.085201793,0.152466367,0.195061728,0.289308176,0.274074074,0.340807174,0.469135802,0.3506518264255182,0.3532621785664238,125.32199832860624,-1.4985166918486357,11.886750359250358,3.9120153188705444,3.1345786164683878,"Drake Baldwin",31539,686948
"Bryson Stott","PHI",147,560,13,66,66,24,0.096428571,0.1625,0.134268537,0.288220551,0.256513026,0.327956989,0.390781563,0.3152057655837848,0.31270359662533664,99.90073669076088,3.850186586380005,3.784303948076609,7.9119884967803955,3.102895960977081,"Bryson Stott",26294,681082
"Ben Rice","NYY",138,530,26,74,65,3,0.094339622,0.188679245,0.244111349,0.271137026,0.254817987,0.337121212,0.498929336,0.3584577606031389,0.3942605005948322,132.60016845324574,-2.0188420712947845,18.34540177024633,-6.8197569996118546,3.0455758545038907,"Ben Rice",29576,700250
"Austin Wells","NYY",126,448,21,51,71,5,0.066964285,0.263392857,0.216957606,0.245421245,0.219451371,0.275167785,0.436408977,0.3022235233245013,0.29333195023472536,93.86250687821568,-0.5776378531008959,-3.818358583696596,18.152137845754623,3.0441258570544325,"Austin Wells",27562,669224
"Ryan O'Hearn","- - -",144,544,17,67,63,3,0.106617647,0.200367647,0.156118143,0.329545454,0.280590717,0.365808823,0.43670886,0.34921390215555825,0.34291223433824275,127.26868770556393,-0.6155985221266747,16.88232286042463,-5.790281414985657,3.0290161511678253,"Ryan O'Hearn",16442,656811
"Jackson Merrill","SDP",115,483,16,59,67,1,0.068322981,0.223602484,0.193181818,0.311526479,0.263636363,0.317427385,0.456818181,0.33119709861005914,0.3469079983209622,116.20445616275907,1.8956531155854464,11.171974716635361,2.273480176925659,3.0197520756928418,"Jackson Merrill",29490,701538
"Trevor Story","BOS",157,654,25,91,96,31,0.050458715,0.269113149,0.16993464,0.330097087,0.263071895,0.307810107,0.433006535,0.3203090862628141,0.31149744803238505,100.99665332453415,7.769699890166521,8.537935515768556,-1.5511994361877441,3.017846071095698,"Trevor Story",12564,596115
"Brandon Nimmo","NYM",155,652,25,81,92,13,0.076687116,0.216257668,0.173764907,0.301401869,0.262350936,0.324116743,0.436115843,0.3287401940272405,0.3208324960561899,114.08380106543058,1.3056755475699902,12.189002681578772,-4.538533926010132,3.002122093016406,"Brandon Nimmo",12927,607043
"Ramón Laureano","- - -",132,488,24,72,76,7,0.071721311,0.243852459,0.231292517,0.331125827,0.281179138,0.342213114,0.512471655,0.36434990351205,0.3623046088464481,137.80491716799915,-0.6971649341285229,21.082576893498096,-8.678788602352142,2.964262139753925,"Ramon Laureano",17128,657656
"Jackson Chourio","MIL",131,589,21,88,78,21,0.050933786,0.205432937,0.193078324,0.307506053,0.269581056,0.307823129,0.46265938,0.32846995980004434,0.30666001691931966,111.35224164419445,3.0575272142887115,10.98237861548845,-1.9488619565963745,2.9291755795627137,"Jackson Chourio",28806,694192
"Taylor Ward","LAA",157,663,36,86,103,4,0.113122171,0.263951734,0.246977548,0.256684491,0.227979274,0.316742081,0.474956822,0.33875144356327114,0.33286587349237634,116.71884497982768,-1.109724946320057,11.954762448830564,-6.190913558006287,2.9244222817896555,"Taylor Ward",17548,621493
"Riley Greene","DET",157,655,36,84,111,2,0.070229007,0.306870229,0.235,0.323369565,0.258333333,0.312977099,0.493333333,0.3432960526658854,0.3345828975012543,120.77683357750392,-2.00809882581234,14.0314901836745,-8.020442396402359,2.9215423787200017,"Riley Greene",25976,682985
"Max Muncy","LAD",100,388,19,48,67,4,0.164948453,0.213917525,0.226837061,0.263888888,0.242811501,0.376288659,0.469648562,0.3660966017394486,0.37412570301115206,136.88225240877588,0.4352832306176424,17.39596739817638,-1.7725197076797485,2.9192115810356527,"Max Muncy",13301,571970
"Jake Cronenworth","SDP",135,515,11,61,59,3,0.133980582,0.20776699,0.131264916,0.298701298,0.245823389,0.366666666,0.377088305,0.3330861906171548,0.3191045025202233,117.49854494100151,-0.6325431130826473,10.04824678283382,1.3017563074827194,2.9142879244483995,"Jake Cronenworth",18036,630105
"Randy Arozarena","SEA",160,709,27,95,76,31,0.090267983,0.269393511,0.187601957,0.2975,0.23817292,0.334273624,0.425774877,0.33227248500395024,0.32696191717477424,119.9653375656667,-1.2629522699862719,15.420866649113641,-11.562757015228271,2.8914271078267837,"Randy Arozarena",19290,668227
"Yandy Díaz","TBR",150,651,25,79,83,3,0.087557603,0.141321044,0.181818182,0.318471337,0.300171526,0.365591397,0.481989708,0.3642911937726889,0.3535389410001095,134.60814339668812,-1.0442675072699785,25.509849525093824,-19.770220279693604,2.879687143224589,"Yandy Diaz",16578,650490
"TJ Friedl","CIN",152,685,14,82,53,12,0.118248175,0.167883211,0.117443868,0.301098901,0.260794473,0.364170337,0.378238341,0.33261985330679694,0.302874755859375,108.56034180948117,1.8262391425669193,8.776096378781444,-3.4658615589141846,2.875017628483111,"TJ Friedl",19522,670770
"Brendan Donovan","STL",118,515,10,64,50,3,0.081553398,0.130097087,0.134782609,0.315245478,0.286956521,0.35282651,0.42173913,0.33701156775156654,0.34607920927159924,118.59689135104449,-0.5288473069667816,10.82235303039819,-0.09933483600616455,2.850139523000561,"Brendan Donovan",24679,680977
"Ian Happ","CHC",150,663,23,87,79,6,0.131221719,0.227752639,0.177504394,0.2875,0.242530755,0.342383107,0.420035149,0.3334078720225509,0.35413383715080493,115.77252036124874,-3.31320084258914,9.080723219884245,-3.6881632804870605,2.8085533487178207,"Ian Happ",17919,664023
"J.P. Crawford","SEA",157,654,12,69,58,8,0.113149847,0.186544342,0.105263158,0.318077803,0.26491228,0.351851851,0.370175438,0.3224378884115027,0.32835642496744794,113.19065201889754,-2.2515403497964144,7.916015967314042,-3.0371055603027344,2.802189125761041,"J.P. Crawford",15491,641487
"Willson Contreras","STL",135,563,20,70,80,5,0.078152753,0.252220248,0.189795918,0.319277108,0.257142857,0.34402852,0.446938775,0.34426162796361104,0.35825864730342744,123.56341575893369,-2.4632058665156364,13.259990804071093,-4.997234344482422,2.7618141464327213,"Willson Contreras",11609,575929
"Roman Anthony","BOS",71,303,8,48,32,4,0.132013201,0.277227722,0.171206226,0.403614457,0.291828793,0.396039603,0.463035019,0.3763852876798548,0.37200824156502227,139.6254499087771,1.1840005312114954,15.335074778446526,0.8683199882507324,2.7248035017697334,"Roman Anthony",31812,701350
"Gabriel Moreno","ARI",83,309,9,44,40,2,0.093851132,0.171521035,0.148014441,0.322580645,0.285198555,0.352750809,0.433212996,0.3396805127461751,0.34563456050685193,117.29298683781217,-0.43304043263196945,5.900152174305409,10.072312712669373,2.6860073893764533,"Gabriel Moreno",22664,672515
"Colson Montgomery","CHW",71,284,21,43,55,0,0.088028169,0.292253521,0.290196078,0.263157894,0.239215686,0.310954063,0.529411764,0.35514040111649964,0.34103837249972296,128.92953304025298,-0.3545383056625724,9.328961285161329,7.032263994216919,2.6740443593565115,"Colson Montgomery",29712,695657
"Iván Herrera","STL",107,452,19,54,66,8,0.095132743,0.185840707,0.180412371,0.314878892,0.283505154,0.373333333,0.463917525,0.36456602705613544,0.37088142702932314,137.47258212875454,0.6492839436978102,20.723854373567704,-9.667875856161118,2.669755908438211,"Ivan Herrera",20599,671056
"Carlos Narváez","BOS",118,446,15,51,50,1,0.085201793,0.248878923,0.178660049,0.29390681,0.240694789,0.306306306,0.419354838,0.31507636646966675,0.2934142791473114,97.39202848611909,-2.071880031377077,-3.4427942379591303,14.160643339157104,2.667128087975868,"Carlos Narvaez",19722,665966
"Caleb Durbin","MIL",136,506,11,60,53,18,0.059288537,0.098814229,0.130337078,0.265463917,0.256179775,0.333996023,0.386516853,0.31931711404508434,0.31196773218113194,105.08224794564076,2.3243253603577614,5.3722243614935365,3.6441043615341187,2.644888170828225,"Caleb Durbin",29646,702332
"Jorge Polanco","SEA",138,524,26,64,78,6,0.080152671,0.156488549,0.229299363,0.269021739,0.265392781,0.326295585,0.494692144,0.3498725429177284,0.3426868732158954,132.0893588053727,0.20632861740887165,20.024560299196075,-12.297992467880249,2.6357541560311515,"Jorge Polanco",13152,593871
"Carson Kelly","CHC",111,421,17,48,50,2,0.106888361,0.190023752,0.178861788,0.27173913,0.249322493,0.332541567,0.428184281,0.33160556651067846,0.32127713817315545,114.53788312329624,-3.224348595365882,4.029650125313502,7.65091609954834,2.6281362173661638,"Carson Kelly",13620,608348
"Carlos Correa","- - -",144,584,13,63,52,0,0.077054794,0.19349315,0.126629422,0.327669902,0.275605214,0.33219178,0.402234636,0.3222022352561559,0.3382442953664547,106.24118134646454,-2.951332464814186,1.3445483501669955,4.0402480363845825,2.607447459084884,"Carlos Correa",14162,621043
"Isaac Collins","MIL",130,441,9,56,54,16,0.1292517,0.210884353,0.147849462,0.326007326,0.26344086,0.367579908,0.411290322,0.3444176029124761,0.3219453300982373,122.27689005395746,1.1660537850111723,12.80965590944665,-2.083141803741455,2.5986039910496617,"Isaac Collins",25477,686555
"Seiya Suzuki","CHC",151,651,32,75,103,5,0.10906298,0.251920122,0.232924694,0.281984334,0.245183887,0.325652841,0.478108581,0.34336035976043117,0.35235200714440484,122.59029453466638,-0.5235936921089888,16.906394290417545,-13.181522399187088,2.5970804434462167,"Seiya Suzuki",30116,673548
"Gleyber Torres","DET",145,628,16,79,74,4,0.135350318,0.160828025,0.131578948,0.284360189,0.255639097,0.358280254,0.387218045,0.331659921130557,0.3634899084647877,112.76113802846297,-3.3770988527685404,6.068328775235409,-2.567996859550476,2.569586101031371,"Gleyber Torres",16997,650402
"Jonathan Aranda","TBR",106,422,14,56,59,0,0.097156398,0.253554502,0.172972973,0.408730158,0.316216216,0.393364928,0.489189189,0.38089629275133047,0.3819005305950458,146.04677466089927,-6.330284075811505,16.57228709091295,-6.290734887123108,2.537975123731683,"Jonathan Aranda",21837,666018
"Xavier Edwards","MIA",139,619,3,75,43,27,0.079159935,0.142164781,0.069518717,0.329809725,0.283422459,0.342532467,0.352941176,0.3083631902059437,0.29463180816700335,95.48281525010997,3.6126714441925287,0.29866988756169155,3.8421526551246643,2.5307106082304616,"Xavier Edwards",22266,669364
"Isaac Paredes","HOU",102,438,20,53,53,0,0.114155251,0.173515981,0.203703704,0.267605633,0.253968253,0.351598173,0.457671957,0.35253073935095036,0.3197501296297126,127.96436495708564,-3.0346473045647144,11.40151136317624,-2.0906728953123093,2.4950018478970595,"Isaac Paredes",20036,670623
"Christian Yelich","MIL",150,644,29,88,103,16,0.099378881,0.25931677,0.188481675,0.322751322,0.263525305,0.343167701,0.45200698,0.3431630712878368,0.3301577964794692,121.41749554522096,2.8472796324640512,19.19468222929771,-16.723996758461,2.444933740901483,"Christian Yelich",11477,592885
"Wilyer Abreu","BOS",115,417,22,53,69,6,0.095923261,0.242206235,0.222520107,0.276679841,0.246648793,0.317307692,0.4691689,0.33351583666464996,0.3353505006961869,110.09428943253836,-1.0218225568532944,3.9393505733633702,5.420199871063232,2.4260356526858815,"Wilyer Abreu",23772,677800
"Brandon Marsh","PHI",133,425,11,59,43,7,0.089411764,0.258823529,0.16358839,0.362595419,0.279683377,0.342042755,0.443271767,0.33920695114703403,0.3296586357608331,116.34232068203916,2.613982545211911,10.845821475570695,-1.2906239032745361,2.4243002546811048,"Brandon Marsh",20202,669016
"Jung Hoo Lee","SFG",150,617,8,73,55,10,0.07617504,0.115072933,0.141071429,0.290721649,0.266071428,0.327390599,0.407142857,0.3199864445281376,0.3199388953728404,107.17950801800322,3.4941856544464827,8.744363979110846,-5.660334587097168,2.415779518829565,"Jung Hoo Lee",33824,808982
"Brent Rooker","ATH",162,699,30,92,89,6,0.092989985,0.22174535,0.217252396,0.302483069,0.26198083,0.335243553,0.479233226,0.34876540475001594,0.3514974574850063,121.97580261381478,-0.17605563811957836,17.928776236084158,-18.404823303222656,2.412774331400491,"Brent Rooker",19627,667670
"Mike Yastrzemski","- - -",147,558,17,68,46,7,0.129032258,0.193548387,0.169811321,0.263305322,0.232704402,0.332733812,0.402515723,0.3208266536610714,0.3293465215509588,105.9273420216054,1.7730711679905653,5.660238696528866,-1.4700887203216553,2.3499648120295236,"Mike Yastrzemski",14854,573262
"Spencer Torkelson","DET",155,649,31,82,78,2,0.110939907,0.260400616,0.21669627,0.282608695,0.239786856,0.332819722,0.456483126,0.3386429640034309,0.3338547108888997,117.5714949331538,-0.48784747906029224,12.952979274846081,-12.355383455753326,2.346549911203422,"Spencer Torkelson",27465,679529
"Otto Lopez","MIA",143,594,15,66,77,15,0.074074074,0.138047138,0.121323529,0.264444444,0.246323529,0.304713804,0.367647058,0.2948251313253029,0.33001512430481994,86.20880953158606,0.7156087141484022,-8.993568036103472,11.857356071472168,2.3149549397280738,"Otto Lopez",19608,672640
"Brett Baty","NYM",130,432,18,53,50,8,0.076388888,0.25,0.180661577,0.303703703,0.254452926,0.313225058,0.435114503,0.3236704915416213,0.3338545333507449,110.61089182065844,0.5093556754291058,5.942232259046561,2.1486868858337402,2.298313982232893,"Brett Baty",26123,683146
"Jake Meyers","HOU",104,381,3,53,24,16,0.081364829,0.175853018,0.081632653,0.352727272,0.291545189,0.353562005,0.373177842,0.3225737253405488,0.3247750684500373,107.328099103895,0.3697332292795181,3.660437725168466,5.417101860046387,2.270410915275123,"Jake Meyers",20308,676694
"Mauricio Dubón","HOU",133,398,7,43,33,3,0.060301507,0.105527638,0.113821139,0.255451713,0.241192411,0.288607594,0.35501355,0.2827766662911524,0.27802073289900264,79.91339447300903,0.22864335402846336,-9.193770979758353,17.112960696220398,2.2117615453002144,"Mauricio Dubon",16530,643289
"Daulton Varsho","TOR",71,271,20,43,55,2,0.062730627,0.284132841,0.310483871,0.25,0.237903225,0.284132841,0.548387096,0.34502069530663665,0.32661689475730615,122.81931578249532,0.25221710838377476,7.540823273641974,4.701147794723511,2.2068145056879707,"Daulton Varsho",19918,662139
"Addison Barger","TOR",135,502,21,61,74,4,0.071713147,0.241035856,0.210869566,0.284375,0.24347826,0.301397205,0.454347826,0.3217406139767146,0.33082439338177505,106.7825389781929,-0.199411790817976,3.8135829471446305,0.36840319633483887,2.1956276190985826,"Addison Barger",24598,680718
"Jakob Marsee","MIA",55,234,5,28,33,14,0.094017094,0.205128205,0.186602871,0.356687898,0.291866028,0.363247863,0.478468899,0.3633179086395818,0.34693859575132446,133.1285647262201,2.2426388915628195,11.430463242614008,1.7994431257247925,2.1501121606388933,"Jakob Marsee",31370,805300
"Jose Altuve","HOU",155,654,26,80,77,10,0.084097859,0.166666666,0.176870748,0.2832244,0.265306122,0.329249617,0.44217687,0.33135664582620433,0.29977445292878185,113.37832433817539,-1.4312043283134699,8.881012682801073,-10.524024963378906,2.134914814219087,"Jose Altuve",5417,514888
"Marcus Semien","TEX",127,534,15,62,62,11,0.093632958,0.174157303,0.134042553,0.250673854,0.229787234,0.305243445,0.363829787,0.29480341478679956,0.31786075899793326,89.02824894465994,2.9069746788591146,-3.998440211989407,6.352029085159302,2.1212454715982294,"Marcus Semien",12533,543760
"Jeff McNeil","NYM",122,462,12,42,54,3,0.106060606,0.119047619,0.167919799,0.25297619,0.243107769,0.334782608,0.411027568,0.3237252002745344,0.3301513404176946,110.64836906214204,-0.0034769028425216675,5.827204026256309,-0.5414233654737473,2.1134320774204465,"Jeff McNeil",15362,643446
"Alec Burleson","STL",139,546,18,54,69,5,0.071428571,0.144688644,0.169014085,0.311881188,0.28973843,0.342541436,0.458752515,0.3455924883319883,0.34478312476446543,124.47509791187049,-0.969244847074151,14.869154402757793,-12.437045812606812,2.107398541494975,"Alec Burleson",27615,676475
"José Caballero","- - -",126,370,5,52,36,49,0.127027027,0.264864864,0.111464968,0.323943661,0.235668789,0.338797814,0.347133757,0.3089980033577466,0.29557760884939144,97.03140276750113,5.619027625769377,4.324457510757833,3.4794236421585083,2.1013639828057635,"Jose Caballero",23401,676609
"J.T. Realmuto","PHI",134,550,12,57,52,8,0.063636363,0.234545454,0.12749004,0.321428571,0.256972111,0.315118397,0.384462151,0.3065890470777985,0.31617589240526633,93.99800739965843,0.6545695904642344,-3.2579123952271,5.317486047744751,2.0828994042225712,"J.T. Realmuto",11739,592663
"Ryan Jeffers","MIN",119,464,9,47,47,1,0.10775862,0.196120689,0.130541872,0.32247557,0.266009852,0.355603448,0.396551724,0.3331341904388906,0.32330441682235056,113.2695360739141,-2.2733593564480543,4.98345970758788,-0.7657068967819214,2.065472638621328,"Ryan Jeffers",24618,680777
"Tyler Heineman","TOR",64,174,3,25,20,2,0.068965517,0.178160919,0.127516778,0.341880341,0.288590604,0.360946745,0.416107382,0.34140931607703484,0.27292608227250137,120.33157178194584,0.942200081422925,5.11178455918453,9.034979343414307,2.060119894394248,"Tyler Heineman",13897,623168
"Sean Murphy","ATL",94,337,16,34,45,0,0.103857566,0.3115727,0.209621993,0.242774566,0.199312714,0.299703264,0.408934707,0.3087859581268969,0.3140072165848966,96.64253213367084,-0.8630795497447252,-2.2041017621048224,10.698239207267761,2.0161918456083874,"Sean Murphy",19352,669221
"Lawrence Butler","ATH",152,630,21,83,63,22,0.093650793,0.284126984,0.170474517,0.303523035,0.233743409,0.305732484,0.404217926,0.31035382931779143,0.305299192190932,95.51550579704784,3.2740016635507345,-0.055863065325746586,-2.1956374645233154,1.9881445197378271,"Lawrence Butler",22542,671732
"Ryan McMahon","- - -",154,586,20,62,53,3,0.119453924,0.322525597,0.166994106,0.293729372,0.214145383,0.312286689,0.381139489,0.3061282659188295,0.32171873850365207,86.33602902288065,0.578139740973711,-8.892957545750308,8.12303102016449,1.9376803866337744,"Ryan McMahon",15112,641857
"Giancarlo Stanton","NYY",77,281,24,36,66,0,0.103202846,0.34163701,0.321285141,0.338461538,0.273092369,0.35,0.59437751,0.3948756402580316,0.3544363028736321,157.68708286023326,-1.1631806064397097,17.942278254929175,-8.763494968414307,1.9286263651800906,"Giancarlo Stanton",4949,519317
"Jordan Westburg","BAL",85,352,17,59,41,1,0.048295454,0.227272727,0.192073171,0.301724137,0.265243902,0.3125,0.457317073,0.3320749026130546,0.3283083445665843,114.74215389000975,-1.3326264135539532,4.783496134330754,1.5309388041496277,1.8855892463365314,"Jordan Westburg",27815,676059
"Kyle Teel","CHW",78,297,8,38,35,3,0.124579124,0.259259259,0.138339921,0.360946745,0.272727272,0.375,0.411067193,0.34928126472073634,0.33664285814439926,124.89339324704478,-1.3150514289736748,7.398859652608623,0.7450977861881256,1.87909361795844,"Kyle Teel",33549,691019
"Jake Mangum","TBR",118,428,3,37,40,27,0.044392523,0.14953271,0.071604938,0.345132743,0.296296296,0.330210772,0.367901234,0.3074701635005603,0.2761210075141706,95.46626208833395,3.6745448242872953,1.3875101215745191,1.719717264175415,1.8250804924250805,"Jake Mangum",26202,663968
"Nathan Lukes","TOR",135,438,12,55,65,2,0.08675799,0.136986301,0.152061855,0.272727272,0.255154639,0.3225058,0.407216494,0.3169723537974146,0.3143581973805147,103.49786298601786,-1.3722942024469376,0.43342193456039824,2.2818405628204346,1.8201918837584574,"Nathan Lukes",18123,664770
"Francisco Alvarez","NYM",76,277,11,32,32,0,0.097472924,0.263537906,0.191056911,0.320987654,0.25609756,0.33935018,0.447154471,0.3429317134382062,0.32647201042313007,123.80544826258107,-1.0100037045776844,6.805380604138637,1.7574836015701294,1.818985717561192,"Francisco Alvarez",26121,682626
"Myles Straw","TOR",137,299,4,51,32,12,0.06354515,0.16722408,0.104868914,0.308411214,0.262172284,0.3125,0.367041198,0.29904223585294354,0.2947099473741319,91.14647574319402,3.623598365113139,0.5035599253494354,6.790809154510498,1.799212957360806,"Myles Straw",17620,664702
"Mike Trout","LAA",130,556,26,73,64,2,0.15647482,0.320143884,0.206140351,0.310077519,0.23245614,0.358558558,0.438596491,0.3431537466311674,0.35846948623657227,119.75142681338025,-0.5288272611796856,12.414497265011287,-14.002081036567688,1.7954856575413494,"Mike Trout",10155,545361
"Josh Smith","TEX",144,563,10,70,35,12,0.097690941,0.177619893,0.115151515,0.295336787,0.25050505,0.334525939,0.365656565,0.31112834688148977,0.31045971328406025,100.27388372736357,1.8812389187514782,2.0629775276175706,-4.180886507034302,1.7658767652046223,"Josh Smith",26396,669701
"Brandon Lowe","TBR",134,553,31,79,83,3,0.068716094,0.269439421,0.220907298,0.297297297,0.256410256,0.307414104,0.477317554,0.3343621486986893,0.33514220857880805,113.99114429708715,-1.7616433966904879,7.357434842537964,-9.315155029296875,1.7470517786469517,"Brandon Lowe",18882,664040
"Victor Scott II","STL",138,463,5,54,37,34,0.090712742,0.23974082,0.08040201,0.284210526,0.216080402,0.304635761,0.296482412,0.27411075209413405,0.28733700777577087,75.5078097293788,5.873978698626161,-7.566131246968379,9.208995699882507,1.7441201212259838,"Victor Scott II",31349,687363
"Alec Bohm","PHI",120,504,11,53,59,2,0.057539682,0.162698412,0.122844827,0.323607427,0.286637931,0.331349206,0.409482758,0.32239461855755913,0.32367229081719995,104.82533217200427,-2.8189114052802324,0.06347338479826581,0.1654905080795288,1.7390228520067559,"Alec Bohm",21618,664761
"Spencer Horwitz","PIT",108,411,11,55,51,0,0.107055961,0.177615571,0.162087913,0.313167259,0.271978021,0.352798053,0.434065934,0.3435342260977117,0.32605552673339844,119.03362238535505,-0.3476873878389597,8.923972170408438,-5.703609466552734,1.7285118967302133,"Spencer Horwitz",26477,687462
"Miguel Rojas","LAD",114,317,7,35,27,5,0.075709779,0.14511041,0.134482759,0.29113924,0.262068965,0.318471337,0.396551724,0.3121508561765043,0.29165681408297633,99.92768179775628,0.8471025563776493,0.819931839975743,5.453419327735901,1.7208983714631394,"Miguel Rojas",7802,500743
"Wenceel Pérez","DET",100,383,13,47,43,8,0.080939947,0.227154046,0.186046512,0.285140562,0.244186046,0.308093994,0.430232558,0.31809386105201265,0.30950969566564335,103.41598693082712,1.6443795040249825,3.186390779202963,0.2704949378967285,1.702390544126062,"Wenceel Perez",22857,672761
"Josh Jung","TEX",131,511,14,53,61,4,0.052837573,0.252446183,0.139004149,0.315634218,0.251037344,0.293542074,0.390041493,0.2979579804694816,0.30394315344142164,91.20131118833264,-1.5846327543258667,-6.883846447882075,5.557665467262268,1.6637660629570383,"Josh Jung",26299,673962
"Austin Riley","ATL",102,447,16,54,54,2,0.060402684,0.286353467,0.168269231,0.336996336,0.259615384,0.308724832,0.427884615,0.318424928883266,0.330424595306807,103.24553709201689,-1.5261388346552849,0.19330623349875475,1.1459563672542572,1.6585944560305739,"Austin Riley",18360,663586
"Colt Keith","DET",137,468,13,65,45,1,0.102564102,0.217948717,0.157004831,0.306930693,0.256038647,0.333333333,0.413043478,0.3255416244204601,0.3413430648901733,108.54647239341597,3.1846637688577175,7.898834661918308,-8.018769025802612,1.6357586772454413,"Colt Keith",27899,690993
"Edmundo Sosa","PHI",89,261,11,30,39,1,0.038314176,0.214559386,0.193415638,0.314606741,0.275720164,0.307392996,0.469135802,0.33199099367230783,0.29005300998687744,111.39915774596037,-1.0521763134747744,2.4740280356617426,4.73694109916687,1.6262065369038539,"Edmundo Sosa",17022,624641
"Luis Torrens","NYM",93,283,5,20,29,1,0.067137809,0.197879858,0.118773947,0.27,0.226053639,0.283687943,0.344827586,0.2776417647693174,0.3381978028209497,79.07973369331869,-0.8451045677065849,-7.862045972034606,13.949424505233765,1.5861363266141564,"Luis Torrens",15905,620443
"Oneil Cruz","PIT",135,544,20,62,61,38,0.117647058,0.319852941,0.178343949,0.262411347,0.199575371,0.297794117,0.37791932,0.29478162118682155,0.32390347732487224,85.63652013289894,5.75530850328505,-3.505582557338913,0.877325177192688,1.582851848706642,"Oneil Cruz",21711,665833
"Yainer Diaz","HOU",143,567,20,56,70,1,0.035273368,0.1675485,0.160516605,0.276744186,0.256457564,0.283950617,0.416974169,0.30015097265749907,0.3259947321131217,91.88190392011954,-1.669433144852519,-7.0945590388287005,2.9637038111686707,1.5740128942875238,"Yainer Diaz",23003,673237
"Pedro Pagés","STL",112,389,11,38,45,0,0.048843187,0.275064267,0.132963989,0.292682926,0.229916897,0.272020725,0.362880886,0.2755867348088847,0.2588126297396515,76.51890535673009,-2.6887363232672215,-13.514589832665774,15.906201124191284,1.5688330858089703,"Pedro Pages",25782,686780
"Luke Keaschall","MIN",49,207,4,25,28,14,0.091787439,0.140096618,0.142857143,0.34,0.302197802,0.381642512,0.445054945,0.3626820203186809,0.32428984711135644,133.62393029265988,1.2896077502518892,9.492960689754092,-1.3784857839345932,1.5591484428616318,"Luke Keaschall",33321,807712
"Kerry Carpenter","DET",130,464,26,66,62,1,0.038793103,0.228448275,0.244803695,0.273927392,0.251732101,0.291304347,0.496535796,0.33451348607954773,0.335282844409608,114.72685213121945,0.2657580766826868,8.319551419854795,-9.53308892250061,1.5097836680069427,"Kerry Carpenter",25961,681481
"Jared Triolo","PIT",107,376,7,41,24,13,0.103723404,0.202127659,0.129909366,0.273092369,0.226586102,0.310991957,0.356495468,0.2958116839008947,0.3104893058858892,86.34214621895569,2.1287469267845154,-3.95770939328868,6.096071839332581,1.4986710501426763,"Jared Triolo",25807,669707
"Vinnie Pasquantino","KCR",160,682,32,72,113,1,0.071847507,0.156891495,0.21095008,0.271047227,0.264090177,0.322580645,0.475040257,0.3398104663965797,0.3335446732132523,115.60980051703578,-4.61143927834928,7.935976885778061,-16.931190013885498,1.4812927095239095,"Vinnie Pasquantino",27676,686469
"Dominic Canzone","SEA",82,268,11,30,32,3,0.074626865,0.220149253,0.181069959,0.354285714,0.300411522,0.358208955,0.481481481,0.36261874125964605,0.3761265882805212,140.86973783480403,-1.2720174752175808,11.637476546985395,-6.408374071121216,1.4787459925469133,"Dominic Canzone",26438,686527
"Bo Naylor","CLE",123,414,14,46,47,1,0.108695652,0.239130434,0.183844011,0.222222222,0.194986072,0.282238442,0.378830083,0.28858633473551765,0.2922178022472818,84.52468223941526,-0.5576113183051348,-8.108750779758092,8.209354400634766,1.4681652272737118,"Bo Naylor",21865,666310
"Matt Shaw","CHC",126,437,13,57,44,17,0.086956521,0.215102974,0.167938931,0.262068965,0.226463104,0.295194508,0.394402035,0.3000826541018977,0.3016914227686891,92.9436743433649,1.804942525923252,-1.849778724675473,1.5568804740905762,1.457564352135663,"Matt Shaw",33322,807713
"Romy Gonzalez","BOS",96,341,9,47,53,6,0.052785923,0.237536656,0.177777778,0.378260869,0.304761904,0.343108504,0.482539682,0.35186136066913604,0.34415154471158277,122.73183436412653,-1.9620381128042936,7.17407434518082,-4.670393347740173,1.4569656920631373,"Romy Gonzalez",21562,663853
"Evan Carter","TEX",63,220,5,31,25,14,0.086363636,0.186363636,0.144329897,0.29054054,0.24742268,0.336363636,0.391752577,0.32129226128260296,0.312201234303653,107.27542398827268,2.693131597712636,4.579617496927566,1.813428282737732,1.4288032961151766,"Evan Carter",27790,694497
"Javier Báez","DET",126,437,12,55,57,5,0.022883295,0.249427917,0.14148681,0.317725752,0.256594724,0.282110091,0.398081534,0.2933799858213565,0.27080890173199534,86.39152316600318,1.261444529518485,-5.74767603123293,4.667731404304504,1.4283732681803336,"Javier Baez",12979,595879
"Nolan Schanuel","LAA",132,564,12,64,53,5,0.104609929,0.125886524,0.125,0.286063569,0.264344262,0.352941176,0.389344262,0.32701259369910085,0.32759953231262645,108.6323906181347,-1.220300067216158,4.517993502894384,-10.115281283855438,1.4134142005314212,"Nolan Schanuel",33189,694384
"Kody Clemens","- - -",119,386,19,46,52,5,0.075129533,0.240932642,0.221264367,0.231092436,0.212643678,0.28125,0.433908045,0.3066799095965552,0.3308261473765548,95.06345515948595,1.5876996517181396,-0.6650057571645771,1.160844525322318,1.409180398245712,"Kody Clemens",20572,665019
"Daylen Lile","WSN",91,351,9,51,41,8,0.059829059,0.159544159,0.199376947,0.335907335,0.29906542,0.346704871,0.498442367,0.360405582411583,0.34783889639343435,132.49464609512847,1.6090826503932476,15.127104173763803,-13.049712657928467,1.407333904379121,"Daylen Lile",29995,695734
"Matt McLain","CIN",147,577,15,73,50,18,0.095320623,0.289428076,0.123529411,0.292168674,0.219607843,0.299651567,0.343137254,0.28649665659313,0.2909849197039076,76.96446873414527,3.4068464394658804,-12.346334152482878,6.7973281145095825,1.3963534630703691,"Matt McLain",29695,680574
"Ke'Bryan Hayes","- - -",152,570,5,50,49,12,0.063157894,0.194736842,0.070208729,0.288834951,0.235294117,0.289982425,0.305502846,0.26588957431450694,0.2823192644034265,64.87872475695353,-0.8827822878956795,-24.609591498257096,19.21513080596924,1.3883376502012448,"Ke'Bryan Hayes",18577,663647
"Mike Tauchman","CHW",93,385,9,44,40,0,0.116883116,0.223376623,0.137313433,0.327800829,0.262686567,0.355844155,0.4,0.3351602622440883,0.32100675503412884,115.16596309928401,-2.3630476631224155,4.518772182240343,-4.2595184445381165,1.382275635843329,"Mike Tauchman",15274,643565
"Michael Harris II","ATL",160,641,20,55,86,20,0.024960998,0.199687987,0.160392798,0.280851063,0.248772504,0.268445839,0.409165302,0.28865430508769535,0.3145245813796949,82.851702365906,2.0782668106257915,-10.949598142537658,2.9685784578323364,1.3653816156324283,"Michael Harris II",25931,671739
"Joey Ortiz","MIL",149,506,7,62,45,14,0.053359683,0.146245059,0.087234042,0.259640102,0.229787234,0.276,0.317021276,0.2631502192020416,0.2745639793349943,66.60611864537773,2.543759435415268,-17.48304341116786,13.932437896728516,1.359133525582871,"Joey Ortiz",25493,687401
"Matt Wallner","MIN",104,392,22,47,40,4,0.117346938,0.290816326,0.261904762,0.227722772,0.202380952,0.311224489,0.464285714,0.33423137467126457,0.3267594749665321,114.02534523103958,-0.8721600528806448,5.607798111525472,-5.815954804420471,1.3591037125868919,"Matt Wallner",26466,670242
"Lenyn Sosa","CHW",140,544,22,57,75,2,0.033088235,0.233455882,0.16988417,0.309139784,0.264478764,0.292817679,0.434362934,0.3125737317139712,0.3262495791845974,99.60694748581646,-0.5158889219164848,-0.7679014048179864,-4.75922966003418,1.350163501030425,"Lenyn Sosa",22896,672820
"Miguel Vargas","CHW",138,569,16,80,60,6,0.098418277,0.175746924,0.166666666,0.260869565,0.234126984,0.316344463,0.40079365,0.31439264566491903,0.3187694012279242,100.85992923636091,-0.056938376277685165,0.5197584426532015,-6.912269830703735,1.34966002584563,"Miguel Vargas",20178,678246
"Gavin Sheets","SDP",145,545,19,57,71,2,0.080733944,0.196330275,0.176829268,0.283783783,0.25203252,0.317431192,0.428861788,0.3230827439795522,0.3402852976894027,110.64586228243091,-1.557720072567463,5.318844916528843,-10.286880776286125,1.3468671906296488,"Gavin Sheets",19901,657757
"Chase Meidroth","CHW",122,505,5,54,23,14,0.08910891,0.142574257,0.066666667,0.29144385,0.253333333,0.328685258,0.32,0.2935514285032493,0.29963543701171874,86.50319468655016,-1.0817248653620481,-9.115042448329492,4.894407510757446,1.346498616762121,"Chase Meidroth",31580,805367
"Cedric Mullins","- - -",133,498,17,58,59,22,0.100401606,0.240963855,0.174712643,0.253289473,0.216091954,0.298989898,0.390804597,0.3015061449522924,0.2839013690407942,94.13674240960768,3.030331214889884,-0.44335701242991643,-3.434028083458543,1.3401694031417226,"Cedric Mullins",17929,656775
"Daniel Schneemann","CLE",131,422,12,48,41,9,0.090047393,0.277251184,0.147757256,0.262948207,0.205804749,0.282660332,0.353562005,0.28045916401204607,0.29661859393690193,78.92617847580267,1.0131653677672148,-9.468452525496817,8.006337642669678,1.3364510110475198,"Daniel Schneemann",25180,682177
"Ozzie Albies","ATL",157,667,16,74,74,14,0.08245877,0.140929535,0.12437811,0.259036144,0.240464344,0.305847076,0.364842454,0.2945410410264381,0.2992760072271508,86.88430580194277,2.177694158628583,-8.190695778962706,-0.9924681186676025,1.330890236874149,"Ozzie Albies",16556,645277
"Joey Bart","PIT",93,332,4,21,30,1,0.120481927,0.280120481,0.09122807,0.356382978,0.249122807,0.355421686,0.340350877,0.3166347312999059,0.3181113277573183,100.60660335849975,-2.036741903051734,-1.798050322666465,3.6079097390174866,1.315286739500872,"Joey Bart",21524,663698
"Denzel Clarke","ATH",47,159,3,18,8,6,0.037735849,0.383647798,0.141891892,0.369047619,0.229729729,0.27388535,0.371621621,0.2811638747051263,0.25361378177715715,75.40763845685255,1.8036594949662685,-2.804950253375064,10.064243137836456,1.3026239567030093,"Denzel Clarke",29858,672016
"Davis Schneider","TOR",82,227,11,33,31,3,0.158590308,0.26431718,0.202127659,0.279661016,0.234042553,0.36123348,0.436170212,0.3511749143642476,0.3230266487020753,127.05872697840208,0.28520743921399117,7.524661102263094,-2.639919340610504,1.2991349322841201,"Davis Schneider",23565,676914
"Danny Jansen","- - -",98,337,14,38,36,0,0.12462908,0.255192878,0.184027778,0.252631578,0.215277777,0.321428571,0.399305555,0.31808197657976833,0.2997053117894415,103.08123936572649,-1.0496079288423061,0.1841376191901869,0.9640375971794128,1.2950322440635083,"Danny Jansen",16535,643376
"Luis Robert Jr.","CHW",110,431,14,52,53,33,0.092807424,0.259860788,0.141361256,0.274131274,0.222513089,0.297423887,0.363874345,0.289241316745866,0.32141453168968454,83.53411999668151,1.7503181584179401,-6.614081799032583,4.282329440116882,1.279169088199273,"Luis Robert Jr.",20043,673357
"Jurickson Profar","ATL",80,371,14,56,43,9,0.129380053,0.159029649,0.188679246,0.261224489,0.245283018,0.35309973,0.433962264,0.34613171484913785,0.3250865260651716,122.22557653155958,-0.005998171865940094,9.766849978129455,-9.840628147125244,1.2553215693992177,"Jurickson Profar",10815,595777
"Heriberto Hernández","MIA",87,294,10,40,45,1,0.105442176,0.261904761,0.171875,0.335260115,0.265625,0.346938775,0.4375,0.34113205148249254,0.3338821358876686,117.93053907429874,-1.7956777233630419,4.452233972033577,-1.9892652034759521,1.2527574337918903,"Heriberto Hernandez",24878,681715
"Austin Hays","CIN",103,416,15,60,64,7,0.069711538,0.257211538,0.186842105,0.325757575,0.265789473,0.314903846,0.452631578,0.32672177060790686,0.30017702056140433,104.51996547783054,1.3114640060812235,3.5400154007970253,-5.261622786521912,1.2399063200786165,"Austin Hays",19363,669720
"Jackson Holliday","BAL",149,649,17,70,55,17,0.086286594,0.215716486,0.133105802,0.290697674,0.242320819,0.314329738,0.375426621,0.3042718896895279,0.31325851558714873,95.58969877514491,-2.607943158596754,-5.981480522453764,-4.312319874763489,1.2322237745568394,"Jackson Holliday",31781,702616
"Jo Adell","LAA",152,573,37,63,98,5,0.057591623,0.263525305,0.24904943,0.256637168,0.235741444,0.292982456,0.484790874,0.3325408399105072,0.36543284652522245,112.44059254643317,0.4728593211621046,8.874580466998541,-16.59279489517212,1.228109735835122,"Jo Adell",20220,666176
"Marcell Ozuna","ATL",145,592,21,61,68,0,0.158783783,0.243243243,0.168377823,0.279635258,0.232032854,0.355329949,0.400410677,0.3340776355238236,0.35352776444547224,113.9681445333606,-2.754738613963127,7.0459058051949945,-14.799382209777832,1.2218679899840426,"Marcell Ozuna",10324,542303
"Tommy Edman","LAD",97,377,13,49,49,3,0.050397877,0.161803713,0.156069364,0.234657039,0.225433526,0.27393617,0.38150289,0.28409642139647867,0.321309319154464,80.7094917400987,0.024940408766269684,-8.59450307515552,7.779506087303162,1.1999093815952842,"Tommy Edman",19470,669242
"Austin Hedges","CLE",70,180,5,13,10,1,0.1,0.238888888,0.116129032,0.183486238,0.161290322,0.25,0.277419354,0.2392774224281311,0.2488879612513951,50.557617866658234,-0.9742159396409988,-11.463466673174352,16.880714654922485,1.1881097503541067,"Austin Hedges",12976,595978
"Kyle Manzardo","CLE",142,531,27,47,70,2,0.09039548,0.254237288,0.221276595,0.265175718,0.234042553,0.312617702,0.455319148,0.3294161449984026,0.3223478609312234,112.65081053203048,-0.5013719126582146,7.4160802384194655,-14.166430354118347,1.179234287567025,"Kyle Manzardo",29794,700932
"Adley Rutschman","BAL",90,365,9,37,29,0,0.109589041,0.156164383,0.145962733,0.240310077,0.220496894,0.306849315,0.366459627,0.29792877729624917,0.3252493662376926,91.22016602936061,-1.410269444808364,-5.187310823216187,3.9568269103765488,1.1594282208575284,"Adley Rutschman",26288,668939
"Kyle Isbel","KCR",135,409,4,42,33,4,0.056234718,0.180929095,0.097826087,0.307167235,0.255434782,0.30050505,0.353260869,0.2869579293812164,0.25092227049548216,79.20166569806034,-0.6872400511056185,-10.713164726026063,7.693746209144592,1.131340763718009,"Kyle Isbel",21614,664728
"Tyler Stephenson","CIN",88,342,13,40,50,0,0.108187134,0.339181286,0.190635452,0.32183908,0.23076923,0.315789473,0.421404682,0.3193265329008578,0.31095224865794885,99.45398981694092,-1.0270457193255424,-1.2483659194157537,0.8221554756164551,1.1205484314510086,"Tyler Stephenson",17988,663886
"Christian Walker","HOU",154,640,27,72,88,2,0.0625,0.2765625,0.182905983,0.29090909,0.237606837,0.296875,0.42051282,0.31036424403645807,0.31418450822666033,98.91744435595207,-1.939116446301341,-2.755704039983151,-8.41067385673523,1.1112553019186553,"Christian Walker",13419,572233
"Miguel Andujar","- - -",94,341,10,36,44,1,0.049853372,0.143695014,0.152647975,0.348484848,0.317757009,0.351906158,0.470404984,0.3538973501499961,0.2979294703556941,124.62885828351988,-2.5623358134180307,7.379154289194105,-8.231125593185425,1.1007189626059004,"Miguel Andujar",15878,609280
"Heliot Ramos","SFG",157,695,21,85,69,6,0.074820143,0.227338129,0.143548388,0.308724832,0.256451612,0.328057553,0.4,0.318876088267625,0.32033544354930155,106.41887827038718,-2.587763302028179,2.6995877965099595,-15.114742755889893,1.0955280468653217,"Heliot Ramos",22515,671218
"Ramón Urías","- - -",112,391,11,33,44,3,0.069053708,0.225063938,0.142045455,0.281368821,0.241477272,0.291560102,0.383522727,0.2918309205023529,0.2900964505296653,86.79509479905066,-1.6686441637575626,-7.753980966724786,4.8961547911167145,1.084487933926182,"Ramon Urias",18795,602104
"Bryan Reynolds","PIT",154,654,16,68,73,3,0.087155963,0.264525993,0.156729132,0.319201995,0.245315161,0.318042813,0.402044293,0.3146605150257829,0.3375106998747843,99.2542017197389,0.48808425292372704,-0.09000291825098516,-11.086689710617065,1.0826757896286714,"Bryan Reynolds",19326,668804
"Gabriel Arias","CLE",129,471,11,44,54,8,0.05732484,0.343949044,0.143518518,0.319391634,0.219907407,0.274468085,0.363425925,0.2776332849632702,0.286237606870086,76.97953615359889,0.2836197204887867,-12.495694597282878,6.8521270751953125,1.0811861693936293,"Gabriel Arias",22563,672356
"Jahmai Jones","DET",72,150,7,21,23,2,0.12,0.213333333,0.263565891,0.333333333,0.286821705,0.386666666,0.550387596,0.3988108642949354,0.39949191816701185,159.01890974601318,0.774476658552885,11.208577181800091,-5.863161563873291,1.0751174862320265,"Jahmai Jones",18872,663330
"Alex Jackson","BAL",37,100,5,17,8,0,0.05,0.37,0.252747253,0.306122448,0.219780219,0.29,0.472527472,0.32725711703300475,0.26964153289794923,111.42336170267568,0.2360215187072754,1.582397957852777,5.457010865211487,1.0723626672233741,"Alex Jackson",17276,656577
"Noelvi Marte","CIN",90,360,14,45,51,10,0.044444444,0.236111111,0.185840708,0.309917355,0.262536873,0.3,0.448377581,0.3211678052941958,0.3043151812606983,100.71532062187597,1.1837047394365072,1.4889138209831523,-3.1300588846206665,1.0575167358956155,"Noelvi Marte",26517,682622
"Blaze Alexander","ARI",74,266,7,31,28,4,0.082706766,0.32330827,0.152173913,0.333333333,0.230434782,0.323193916,0.382608695,0.31340044510228554,0.3030660928894277,99.29029533222675,-1.0458079408854246,-1.2695530259181789,2.6653480529785156,1.0482612612121815,"Blaze Alexander",23789,677942
"Nick Fortes","- - -",97,242,5,19,21,1,0.057851239,0.194214876,0.119266055,0.269461077,0.229357798,0.295833333,0.348623853,0.2860824043552081,0.2703235228856405,80.41164724203314,0.09965506196022034,-5.509924770068186,7.4788790345191964,1.0370718196164304,"Nick Fortes",21538,663743
"Andrés Giménez","TOR",101,369,7,39,35,12,0.067750677,0.178861788,0.103343465,0.239382239,0.209726443,0.285326086,0.313069908,0.26894045556369034,0.30762016838365563,70.41048581817422,1.2017487846314907,-11.667013416674068,9.099353432655334,1.0367040961872205,"Andres Gimenez",19950,665926
"Jesús Sánchez","- - -",134,497,14,61,48,13,0.084507042,0.221327967,0.157427938,0.282674772,0.237250554,0.303822937,0.394678492,0.30433660637467136,0.32309532934619534,93.36182380308922,0.20609640888869762,-3.6738594518016434,-2.915589213371277,1.0363810948102872,"Jesus Sanchez",19913,660821
"Cam Smith","HOU",134,493,9,55,51,8,0.087221095,0.277890466,0.122448979,0.319865319,0.235827664,0.312373225,0.358276643,0.2978117181853397,0.3043791981788001,90.27047905751526,1.7529909331351519,-3.900425166546327,-2.9485023021698,1.0353342325191635,"Cam Smith",35108,701358
"Anthony Volpe","NYY",153,596,19,65,72,18,0.072147651,0.251677852,0.179962895,0.251989389,0.211502782,0.271500843,0.391465677,0.28633192176561534,0.3006652265937895,82.91537728484958,1.1349963136017323,-10.86619135782473,0.30709314346313477,1.0184446723868927,"Anthony Volpe",27647,683011
"Jacob Young","WSN",120,364,2,34,31,15,0.074175824,0.178571428,0.055555556,0.282945736,0.231481481,0.295774647,0.287037037,0.264013409614563,0.29680508189430993,66.46290774755558,-0.019529514014720917,-14.487945770824055,12.234900832176208,1.0085275699236285,"Jacob Young",29931,696285
"Liam Hicks","MIA",119,390,6,37,45,2,0.11025641,0.143589743,0.099397591,0.278388278,0.246987951,0.346253229,0.346385542,0.31273318353549456,0.31543107466264203,98.4764012202611,-0.8093518577516079,-1.5136060306184111,-1.6459323167800903,1.004284968445041,"Liam Hicks",29844,689414
"Rob Refsnyder","BOS",70,209,9,29,30,3,0.114832535,0.258373205,0.214285714,0.330578512,0.269230769,0.354066985,0.483516483,0.3591034584320508,0.3380052126370944,127.72064448780624,-0.44938722997903824,6.379063562209315,-3.8398490846157074,0.9957723887033684,"Rob Refsnyder",13770,608701
"Royce Lewis","MIN",106,403,13,36,52,12,0.062034739,0.198511166,0.151595745,0.266666666,0.236702127,0.282878411,0.388297872,0.2915320652294396,0.2968748106849992,84.61138891739624,1.0781612414866686,-6.23115992387489,2.023971676826477,0.9886884727463808,"Royce Lewis",20437,668904
"Kyle Higashioka","TEX",94,327,11,33,47,3,0.061162079,0.220183486,0.161716172,0.279279279,0.240924092,0.290519877,0.402640264,0.3005201559547984,0.29341778094951926,92.96629799439975,-1.2983163204044104,-4.009158860911768,2.317108154296875,0.9783898032774465,"Kyle Higashioka",5517,543309
"Graham Pauley","MIA",62,184,4,18,11,2,0.114130434,0.195652173,0.142857143,0.262295081,0.223602484,0.311475409,0.366459627,0.3001943393483188,0.29898325602213544,89.88688970160203,-0.7100696805864573,-2.915517427800308,6.2848159074783325,0.9710504568998412,"Graham Pauley",31363,688363
"Austin Martin","MIN",50,181,1,22,7,11,0.121546961,0.171270718,0.083333333,0.346774193,0.282051282,0.374301675,0.365384615,0.33281635205838933,0.34527822313361994,113.0505891082354,0.6449010241776705,3.428978175092743,-0.22200924158096313,0.9654919729823749,"Austin Martin",27462,668885
"Freddy Fermin","- - -",109,347,5,32,26,1,0.054755043,0.187319884,0.087774294,0.301204819,0.250783699,0.297058823,0.338557993,0.2804202034761772,0.2701726015876321,77.31664205501721,-1.7309268228709698,-11.030956044295408,8.629390854388475,0.9598981198326757,"Freddy Fermin",21840,666023
"Spencer Steer","CIN",146,568,21,66,75,7,0.089788732,0.227112676,0.172888016,0.27700831,0.237721021,0.312169312,0.410609037,0.315815327554363,0.2928986245013298,97.04870123388791,-0.44436158798635006,-2.4311687540213196,-7.090264081954956,0.9592888271182829,"Spencer Steer",26323,668715
"Austin Wynns","- - -",40,110,6,13,21,0,0.045454545,0.29090909,0.252427185,0.363636363,0.291262135,0.321100917,0.54368932,0.36528077858303665,0.29529789390913935,131.75097680892057,-0.1971865762025118,3.9508660403489344,1.6471525393426418,0.9550535781273572,"Austin Wynns",15271,642851
"Alex Call","- - -",110,322,5,43,31,2,0.111801242,0.170807453,0.118518519,0.313084112,0.266666666,0.360759493,0.385185185,0.3314664688291429,0.32108781887934756,112.82532246310346,-1.4413915313780308,3.453221596844368,-4.9840177744627,0.939456241953355,"Alex Call",19296,669743
"Nick Gonzales","PIT",96,408,5,39,30,0,0.051470588,0.178921568,0.102362205,0.306188925,0.259842519,0.299019607,0.362204724,0.28886351690572853,0.2914648407507294,81.58242837354327,-0.4451472759246826,-9.351230238340468,4.622947931289673,0.90505414957118,"Nick Gonzales",27490,693304
"Ty France","- - -",138,490,7,50,52,1,0.044897959,0.169387755,0.103603604,0.299719887,0.256756756,0.320408163,0.36036036,0.3018532001655282,0.32774333484837265,92.00466011942655,-2.8714962527155876,-7.488982229251821,-0.6521897315979004,0.8925571573503996,"Ty France",17982,664034
"Luis Arraez","SDP",154,675,8,66,61,11,0.05037037,0.031111111,0.1,0.289297658,0.291935483,0.32730015,0.391935483,0.3134299959891882,0.3026015378636547,104.03341947572119,-0.46238874085247517,2.7644062166189283,-16.563055992126465,0.8858999677542558,"Luis Arraez",18568,650333
"Rhys Hoskins","MIL",90,328,12,30,43,2,0.115853658,0.277439024,0.17921147,0.296703296,0.236559139,0.332317073,0.415770609,0.32435598439234165,0.31374679752654094,108.53403618407047,-1.0863290391862392,2.231259556123822,-4.536741256713867,0.8806199914891103,"Rhys Hoskins",16472,656555
"Jordan Beck","COL",148,588,16,62,53,19,0.073129251,0.295918367,0.157699443,0.351428571,0.257884972,0.316865417,0.415584415,0.3189856100326096,0.30164486088164866,90.44762839813002,-0.1825512908399105,-6.839615420679218,-4.161144971847534,0.8760143498358415,"Jordan Beck",31431,687597
"Nolan Arenado","STL",107,436,12,48,52,3,0.064220183,0.112385321,0.139650873,0.241279069,0.23690773,0.288990825,0.376558603,0.2865840035180251,0.2892728507657707,84.05238809571821,-1.6550119314342737,-9.895944362932042,3.7514138221740723,0.8554651745415601,"Nolan Arenado",9777,571448
"Miguel Amaya","CHC",28,103,4,14,25,0,0.038834951,0.213592233,0.21875,0.323943661,0.28125,0.31372549,0.5,0.3456735511620839,0.29498494840135764,124.17490503725807,-0.1390718361362815,2.812111617428148,2.0575925707817078,0.8488397949032647,"Miguel Amaya",21693,665804
"Victor Caratini","HOU",114,386,12,35,46,1,0.059585492,0.168393782,0.145348837,0.282051282,0.25872093,0.323834196,0.404069767,0.3182932254255127,0.3291435142616173,104.37942290403828,-2.1358786169439554,-0.14347755336150114,-4.852864235639572,0.8480838711774358,"Victor Caratini",14968,605170
"Lars Nootbaar","STL",135,583,13,68,48,4,0.109777015,0.204116638,0.127701375,0.278947368,0.233791748,0.324742268,0.361493123,0.3041559130416633,0.3173912983895995,96.08971123372274,-1.514234535396099,-4.216148965847535,-7.034492254257202,0.8334286026516019,"Lars Nootbaar",21454,663457
"Ezequiel Tovar","COL",95,390,9,44,33,5,0.053846153,0.251282051,0.147222223,0.321568627,0.252777777,0.294270833,0.4,0.3005124718571703,0.3199640843256606,77.79293465004093,-0.3164149038493633,-10.58120288334252,5.713516592979431,0.8295200567384852,"Ezequiel Tovar",24064,678662
"Hyeseong Kim","LAD",71,170,3,19,17,13,0.04117647,0.305882352,0.105590062,0.396226415,0.279503105,0.313609467,0.385093167,0.3056512221076785,0.25065924288958485,95.47522343174936,1.6660802271217108,0.7544047648567462,1.5949573516845703,0.8190427309688143,"Hyeseong Kim",35322,808975
"Jake Bauers","MIL",86,218,7,28,28,8,0.14678899,0.270642201,0.163934426,0.305084745,0.234972677,0.353211009,0.398907103,0.3328795608836934,0.3561049920541269,114.37296019969206,1.051466666162014,4.76508205124882,-4.1318106055259705,0.806855367403627,"Jake Bauers",15194,641343
"Jeremiah Jackson","BAL",48,183,5,20,21,0,0.060109289,0.273224043,0.170588235,0.365217391,0.276470588,0.327868852,0.447058823,0.33550918330260315,0.2950612372094458,117.10790133397711,-1.005088472738862,2.6848608485045045,-1.1438067555427551,0.8020908971476078,"Jeremiah Jackson",22239,669236
"Tyrone Taylor","NYM",113,341,2,34,27,12,0.046920821,0.2228739,0.096774193,0.286324786,0.222580645,0.27893175,0.319354838,0.26436372598012287,0.2980539912269229,69.98385009970679,2.5434963516891003,-9.587698273571721,5.959100127220154,0.7895001299543629,"Tyrone Taylor",13675,621438
"Paul Goldschmidt","NYY",146,534,10,76,45,5,0.06741573,0.187265917,0.128834356,0.325459317,0.274028629,0.327683615,0.402862985,0.3161110693284314,0.3294777906578006,103.42911759869705,-2.554171474650502,-0.395948998668592,-10.318761587142944,0.7841948897031279,"Paul Goldschmidt",9218,502671
"Leo Rivas","SEA",48,111,2,19,9,6,0.18018018,0.216216216,0.088888889,0.3125,0.244444444,0.387387387,0.333333333,0.3334606622790431,0.28767761024268895,120.78382842463624,1.3838480990380049,4.102922568909376,-0.3548300638794899,0.7743555529572015,"Leo Rivas",21009,660844
"Nasim Nuñez","WSN",39,92,4,13,13,9,0.086956521,0.217391304,0.170731707,0.254237288,0.231707317,0.296703296,0.402439024,0.30391916927400525,0.2958648388202374,93.79963648736965,1.7638175878673792,1.0877358811839368,3.36293226480484,0.7685235787409116,"Nasim Nunez",25979,683083
"Lourdes Gurriel Jr.","ARI",129,546,19,52,80,10,0.056776556,0.139194139,0.17,0.253623188,0.248,0.294871794,0.418,0.3066032725376087,0.3143736895392923,94.63401352769503,-0.6849745437502861,-4.157427909354341,-6.576246336102486,0.7603741901853827,"Lourdes Gurriel Jr.",19238,666971
"Reese McGuire","CHC",45,140,9,17,24,0,0.028571428,0.192857142,0.218045113,0.212121212,0.225563909,0.244604316,0.443609022,0.2904465262838405,0.2554588317871094,86.34261688919167,-0.9647094327956438,-3.230865071161308,5.9606287479400635,0.755843703356512,"Reese McGuire",15674,624512
"Carlos Cortes","ATH",42,99,4,11,14,0,0.03030303,0.202020202,0.234042553,0.347222222,0.308510638,0.323232323,0.542553191,0.3630533308693857,0.3164538951835247,131.81822021216703,-0.26192320324480534,3.4507237489198044,0.46469438076019287,0.7492178926727475,"Carlos Cortes",21842,666126
"Adolis García","TEX",135,547,19,58,75,13,0.051188299,0.246800731,0.16765286,0.266666666,0.226824457,0.270566727,0.394477317,0.2858046869655232,0.30361353323000284,82.82936211315248,1.4471911415457726,-9.622775970607385,-1.9154119491577148,0.745721448991881,"Adolis Garcia",19287,666969
"James McCann","ARI",42,137,5,18,17,0,0.05839416,0.240875912,0.170731707,0.313953488,0.260162601,0.323529411,0.430894308,0.3283093313083929,0.31250569399665384,109.50336185463483,-0.23714551143348217,1.3059472674237216,1.314765140414238,0.7344745070006624,"James McCann",12859,543510
"Adam Frazier","- - -",134,459,7,43,44,8,0.05664488,0.176470588,0.097852029,0.3125,0.267303102,0.318777292,0.365155131,0.29973384960178745,0.27928825010333147,88.5631944045655,-1.220538979396224,-7.4395042750792655,-0.8808848485350609,0.734279981514932,"Adam Frazier",15223,624428
"Nick Allen","ATL",135,416,0,32,22,8,0.07451923,0.237980769,0.029649596,0.298181818,0.221024258,0.284313725,0.250673854,0.24515945756552265,0.25240820147133813,53.05633301470826,-0.5044827442616224,-23.649875125302348,16.98022699356079,0.7336598279877544,"Nick Allen",22277,669397
"Luis García Jr.","WSN",139,526,16,67,66,14,0.051330798,0.159695817,0.159836065,0.26952141,0.25204918,0.288973384,0.411885245,0.299975863411313,0.33926685711809695,91.09834515432694,-0.9312464706599712,-6.480706156345734,-3.8753219842910767,0.7309328676254119,"Luis Garcia Jr.",20391,671277
"Joey Loperfido","TOR",41,104,4,12,14,1,0.038461538,0.259615384,0.166666667,0.43076923,0.333333333,0.378640776,0.5,0.3812407897514047,0.31624303280728533,147.7699833600577,-0.5446266252547503,5.310833180632439,-1.7521750330924988,0.7303240341067824,"Joey Loperfido",29630,694388
"Javier Sanoja","MIA",120,342,6,40,38,6,0.055555555,0.11988304,0.153354633,0.259259259,0.242811501,0.286982248,0.396166134,0.2944172633117473,0.2815050979750093,85.92940682522564,-0.23279194347560406,-5.9361773261105855,1.6714999079704285,0.7278252223038262,"Javier Sanoja",28253,691594
"Casey Schmitt","SFG",95,348,12,34,40,0,0.077586206,0.238505747,0.163461538,0.281818181,0.237179487,0.305475504,0.400641025,0.30719878942291173,0.32796138697276916,98.41955301869663,-1.2920075692236423,-1.9438661413801765,-2.597540586721152,0.7199361242562984,"Casey Schmitt",27577,669477
"Yoán Moncada","LAA",84,289,12,39,35,0,0.110726643,0.25951557,0.213709678,0.282208588,0.233870967,0.335640138,0.447580645,0.33937309578888947,0.32538692461073604,117.14707793360716,-0.25770111940801144,5.582940237861931,-8.521679997444153,0.7170235529287255,"Yoan Moncada",17232,660162
"Chandler Simpson","TBR",109,441,0,53,26,44,0.045351473,0.097505668,0.050724638,0.327077747,0.29468599,0.325688073,0.345410628,0.29617459784953964,0.29674178444295435,87.6851696317996,6.479006998240948,0.07812828136785654,-8.24849796295166,0.7170197717016203,"Chandler Simpson",31912,802415
"Andruw Monasterio","MIL",68,135,4,19,16,2,0.051851851,0.237037037,0.166666667,0.333333333,0.269841269,0.318518518,0.436507936,0.3276468285807857,0.28004497951931423,110.78837028702253,-1.0142711736261845,0.7118998359127773,1.747568428516388,0.7111692886655553,"Andruw Monasterio",19455,655316
"Ronny Mauricio","NYM",61,184,6,19,10,4,0.081521739,0.29347826,0.142857143,0.296296296,0.226190476,0.29347826,0.369047619,0.29006343298271053,0.2855475409913458,87.58897590154596,0.7226918060332537,-1.9838805867239322,2.794358253479004,0.7092510645900333,"Ronny Mauricio",23698,677595
"Isiah Kiner-Falefa","- - -",138,459,2,45,40,15,0.037037037,0.167755991,0.071925754,0.314447592,0.262180974,0.297356828,0.334106728,0.2787496891315813,0.261883761914291,74.82591581570927,1.5408005826175213,-12.14850060694452,3.676422066986561,0.6992605321225889,"Isiah Kiner-Falefa",16512,643396
"Pavin Smith","ARI",87,288,8,36,28,2,0.142361111,0.319444444,0.176229508,0.376712328,0.258196721,0.362369337,0.434426229,0.3478144342665906,0.3190264134973913,122.86498466700075,-2.0188462045043707,5.785878844793265,-8.561374306678772,0.6963732110751241,"Pavin Smith",19892,656976
"Carter Jensen","KCR",20,69,3,12,13,0,0.130434782,0.173913043,0.25,0.333333333,0.3,0.391304347,0.55,0.40273553392161493,0.4469486181286798,158.95652465401844,0.11929534748196602,4.913908148680439,-0.5136824175715446,0.6931768632373184,"Carter Jensen",29478,695600
"Starling Marte","NYM",98,329,9,37,34,7,0.0668693,0.20668693,0.13993174,0.318181818,0.269624573,0.335365853,0.409556313,0.3261936228813195,0.3187151247738329,112.33931793249997,-1.5894211400300264,3.2220873676174477,-7.524249792098999,0.6797385276243102,"Starling Marte",9241,516782
"Eli White","ATL",105,271,10,43,35,10,0.040590405,0.258302583,0.171875,0.282485875,0.234375,0.27037037,0.40625,0.28965039080403554,0.3102963622589683,83.53405311581214,1.5082864370197058,-3.780429080931543,1.3411381244659424,0.6729037810505751,"Eli White",19346,642201
"Dylan Beavers","BAL",35,137,4,16,14,2,0.189781021,0.262773722,0.172727273,0.3,0.227272727,0.375,0.4,0.3471219000570914,0.3436866087072036,125.1074673167621,-0.7291281502693892,3.3249867023279185,-1.4811957031488419,0.6710788693671438,"Dylan Beavers",31695,687637
"Derek Hill","- - -",57,149,3,19,11,7,0.060402684,0.322147651,0.111940298,0.313253012,0.21641791,0.280821917,0.328358208,0.2716580923289469,0.3092118844594041,70.37349442617185,1.8347618454135954,-3.397073893205488,4.9183600805699825,0.6637767384125043,"Derek Hill",16947,656537
"Bryce Johnson","SDP",55,84,1,9,8,4,0.035714285,0.226190476,0.092105263,0.446428571,0.342105263,0.382716049,0.434210526,0.35919275990238897,0.32833311292860246,135.38238449118396,0.34366581961512566,3.866243584167826,-0.22803062200546265,0.6581675476154911,"Bryce Johnson",20002,669369
"Matt Thaiss","- - -",60,190,1,16,16,1,0.152631578,0.242105263,0.070512821,0.3,0.217948717,0.349206349,0.288461538,0.297863072188443,0.293715497280689,89.10101644905134,-0.49779289588332176,-2.9384803735782326,2.743200657889247,0.649092231985535,"Matt Thaiss",19318,642136
"Colton Cowser","BAL",92,360,16,36,40,14,0.075,0.355555555,0.189602446,0.262295081,0.195718654,0.269444444,0.3853211,0.28534670427317077,0.29331806118927856,82.55284678992138,2.0013538040220737,-5.4015081419630775,-0.6453270316123962,0.6490480587901765,"Colton Cowser",29591,681297
"Teoscar Hernández","LAD",134,546,25,65,89,5,0.047619047,0.245421245,0.207436399,0.282913165,0.246575342,0.284403669,0.454011741,0.3149013547722353,0.3238014333388385,101.8118617921333,-0.7702433243393898,0.40225414850646346,-12.228057861328125,0.6486356778848118,"Teoscar Hernandez",13066,606192
"Jasson Domínguez","NYY",123,429,10,58,47,23,0.095571095,0.268065268,0.131233596,0.338461538,0.257217847,0.331002331,0.388451443,0.31590064775163884,0.3063527401362624,103.28416604917238,3.0075858682394028,4.668147404892106,-13.17710828781128,0.6401204886675808,"Jasson Dominguez",28080,691176
"Mickey Moniak","COL",135,461,24,62,68,9,0.047722342,0.238611713,0.248847926,0.306930693,0.269585253,0.305856832,0.518433179,0.3476819134276846,0.3374065656807428,110.10551909965322,1.1729876101016998,6.69444542480524,-15.866311073303223,0.6308299630699573,"Mickey Moniak",19956,666160
"Bryce Teodosio","LAA",50,150,1,12,7,7,0.033333333,0.313333333,0.101449276,0.29347826,0.20289855,0.248322147,0.304347826,0.24295037184785676,0.2223964921580065,50.72507189371714,1.549650063738227,-7.1617875983488,8.070094108581543,0.6211456949522455,"Bryce Teodosio",29524,669326
"José Fermín","STL",30,70,1,5,9,2,0.114285714,0.142857142,0.133333333,0.326530612,0.283333333,0.376811594,0.416666666,0.35156026093856146,0.3321867127349411,128.5632140715182,-0.37504974752664566,1.994682729509555,1.7095791921019554,0.6172697110813613,"Jose Fermin",21746,665877
"Max Kepler","PHI",127,474,18,58,52,3,0.101265822,0.196202531,0.175059952,0.232258064,0.215827338,0.300211416,0.39088729,0.30049652216282297,0.3315995045197316,89.82443189670877,0.5580719374120235,-5.158441289975871,-4.634030103683472,0.6115857379922115,"Max Kepler",12144,596146
"Jonny DeLuca","TBR",20,59,0,5,4,6,0.033898305,0.220338983,0.122807017,0.431818181,0.333333333,0.355932203,0.45614035,0.34956548274573634,0.2672518552359888,124.4641521589786,1.5371489394456148,3.2383465174803314,0.412922739982605,0.581334938159524,"Jonny DeLuca",26365,676356
"Andrew Vaughn","- - -",112,447,14,35,65,0,0.06935123,0.178970917,0.157635468,0.279874213,0.253694581,0.307174887,0.411330049,0.31118821736943025,0.34934259423225983,99.10267207349575,-2.3928515668958426,-2.7956926145295586,-6.628834128379822,0.5799954649804441,"Andrew Vaughn",26197,683734
"Drew Millas","WSN",18,55,0,6,7,2,0.072727272,0.127272727,0.142857143,0.357142857,0.306122448,0.358490566,0.448979591,0.35003083269551116,0.3051189566558262,125.38760888666343,0.8453911636024714,2.500317602918561,1.31807541847229,0.5778873169791484,"Drew Millas",25643,686452
"Michael Helman","TEX",38,110,5,18,20,4,0.063636363,0.19090909,0.222222222,0.246575342,0.232323232,0.289719626,0.454545454,0.31946360285037034,0.24965198909010844,106.01572962924448,0.8370420858263969,1.6169683923448956,0.16308072209358215,0.5694786539393053,"Michael Helman",24605,680737
"Max Schuemann","ATH",101,213,2,20,13,7,0.103286384,0.164319248,0.076502732,0.231292517,0.196721311,0.295238095,0.273224043,0.2621942014921279,0.29729559762137275,62.34014049341528,0.11837407574057579,-9.33595846434256,7.421921491622925,0.554234755666682,"Max Schuemann",24488,680474
"Willi Castro","- - -",120,454,11,58,33,10,0.088105726,0.244493392,0.139303482,0.285714285,0.226368159,0.313465783,0.365671641,0.3015598256503586,0.3063585990298111,92.25830125485467,0.5989312194287777,-3.5867882309594084,-6.521519422531128,0.551601556787408,"Willi Castro",17338,650489
"Connor Norby","MIA",88,337,8,42,34,8,0.053412462,0.267062314,0.138263666,0.324074074,0.250803858,0.299703264,0.389067524,0.30002827548839217,0.3069272495451428,89.7731306169225,-0.038412028923630714,-4.123174579639253,-1.7286916375160217,0.5484161334908404,"Connor Norby",29592,681393
"Yordan Alvarez","HOU",48,199,6,17,27,1,0.140703517,0.165829145,0.157575758,0.295454545,0.272727272,0.36683417,0.43030303,0.3376218264864892,0.3928899863331588,117.69417282958428,-0.4930627830326557,3.6570119388995055,-5.173167824745178,0.5456429435690981,"Yordan Alvarez",19556,670541
"Salvador Perez","KCR",155,641,30,54,100,0,0.043681747,0.1950078,0.209380235,0.250564334,0.236180904,0.283699059,0.445561139,0.3105423916572643,0.3572396373296801,95.44811914512562,-4.776127027347684,-8.215042414023124,-8.675826787948608,0.5290896309670728,"Salvador Perez",7304,521692
"Thomas Saggese","STL",82,295,2,25,25,3,0.054237288,0.281355932,0.083636363,0.359375,0.258181818,0.299319727,0.341818181,0.282410042829254,0.2807420593886652,81.19309078892995,0.622059652581811,-5.953514047799462,1.283497393131256,0.5263677193248524,"Thomas Saggese",27883,695336
"Christian Koss","SFG",76,191,3,25,23,4,0.047120418,0.235602094,0.103448275,0.3359375,0.264367816,0.308510638,0.367816091,0.2966568330500988,0.3107013702392578,91.19797387298169,1.271858062595129,-0.7206965171799875,-0.5972285866737366,0.5153165604454207,"Christian Koss",27653,683766
"Zach Cole","HOU",15,52,4,9,11,3,0.096153846,0.384615384,0.297872341,0.347826086,0.255319148,0.326923076,0.553191489,0.37317910217321837,0.30474530733548677,142.18824936978146,0.5371258547529578,3.1227620753430347,-0.3568973168730736,0.46609696390157235,"Zach Cole",31583,805904
"Alek Thomas","ARI",143,469,9,51,38,7,0.044776119,0.260127931,0.120092379,0.323529411,0.249422632,0.289416846,0.369515011,0.2871582959949584,0.28912240977918247,81.31357924365041,2.0175301861017942,-8.369542530384692,-2.700626850128174,0.4638414324810384,"Alek Thomas",23792,677950
"J.C. Escarra","NYY",40,98,2,5,11,1,0.112244897,0.142857142,0.130952381,0.214285714,0.202380952,0.295918367,0.333333333,0.28048099547016375,0.30036449432373047,78.88489312249484,0.25898633524775505,-2.1799021011735618,3.256266951560974,0.4552257815203517,"J.C. Escarra",20084,641555
"Marcelo Mayer","BOS",44,136,4,20,10,0,0.058823529,0.301470588,0.173228347,0.301204819,0.228346456,0.272058823,0.401574803,0.289704144877546,0.2631569750168744,79.91405455055694,-0.17338158190250397,-3.392995247682724,3.037747383117676,0.4425682425820353,"Marcelo Mayer",29668,691785
"Amed Rosario","- - -",63,191,6,20,23,1,0.036649214,0.162303664,0.160220995,0.303448275,0.276243093,0.308900523,0.436464088,0.32146490119514665,0.33107624053955076,106.05292426976979,1.099670086055994,2.46617462396388,-4.544079907238483,0.4414375281899201,"Amed Rosario",15518,642708
"Brenton Doyle","COL",138,538,15,57,57,18,0.055762081,0.256505576,0.143426294,0.288951841,0.233067729,0.274253731,0.376494023,0.28211541017934455,0.29995956135153323,65.19035574944472,1.2834954019635916,-20.912573603328386,7.265263199806213,0.43504104952163714,"Brenton Doyle",25479,686668
"Johan Rojas","PHI",71,172,1,23,18,12,0.075581395,0.232558139,0.065789474,0.289473684,0.22368421,0.279761904,0.289473684,0.2539217546582222,0.2652449607849121,57.919218307022824,2.0068614799529314,-6.571541648432579,5.083229660987854,0.43320856690665416,"Johan Rojas",24336,679032
"Blake Perkins","MIL",54,171,3,25,19,7,0.087719298,0.274853801,0.122580645,0.304761904,0.225806451,0.298245614,0.348387096,0.2869299726876599,0.2791382957907284,82.89601454220178,1.0748831033706665,-2.3915884033066575,0.9349612593650818,0.4330463606641646,"Blake Perkins",19921,663368
"Sal Stewart","CIN",18,58,5,11,8,0,0.051724137,0.258620689,0.290909091,0.257142857,0.254545454,0.293103448,0.545454545,0.3547003300025545,0.3983049894634046,123.68617845634446,0.1725944932550192,1.8008299071445364,0.4714372158050537,0.4299111748895509,"Sal Stewart",31505,701398
"Mark Vientos","NYM",121,463,17,44,61,1,0.064794816,0.248380129,0.179245283,0.277027027,0.233490566,0.289416846,0.412735849,0.3034837439044763,0.3199655685260023,96.7823204814547,-0.39137375354766846,-2.157078087096421,-9.175906896591187,0.41652833361448205,"Mark Vientos",22184,668901
"Brayan Rocchio","CLE",115,383,5,34,44,8,0.057441253,0.201044386,0.10755814,0.280898876,0.232558139,0.290237467,0.340116279,0.2781366221508439,0.29474781177662035,77.32626630544114,-0.6481729093939066,-10.883327116768761,1.5636343955993652,0.3951866734820104,"Brayan Rocchio",23690,677587
"Dominic Smith","SFG",63,225,5,26,33,2,0.066666666,0.186666666,0.132352941,0.329192546,0.284313725,0.333333333,0.416666666,0.3253579076131185,0.3055248260498047,110.85913297798827,-0.329454880207777,2.566367200519294,-6.288473844528198,0.38507341794714683,"Dominic Smith",15653,642086
"Andy Ibáñez","DET",91,193,4,24,21,4,0.062176165,0.134715025,0.113636364,0.258503401,0.238636363,0.300518134,0.352272727,0.2892441866929049,0.30399328532971837,83.54252592280376,-0.9652091600000858,-4.708840407059,1.8260402977466583,0.38468955335320526,"Andy Ibanez",18819,628451
"Brett Harris","ATH",32,84,0,11,5,1,0.083333333,0.25,0.068493151,0.37735849,0.273972602,0.34939759,0.342465753,0.31061057872082815,0.2883721546954419,95.69237085231916,-0.20020791888237,-0.6266795703044357,1.488967850804329,0.3840230426043006,"Brett Harris",29788,695391
"Joey Wiemer","MIA",27,61,3,7,12,0,0.032786885,0.37704918,0.2,0.322580645,0.236363636,0.278688524,0.436363636,0.29685533146063486,0.3054610888163249,87.59956191572145,-0.0247830618172884,-0.921305304845903,2.5484644174575806,0.37412043881760615,"Joey Wiemer",27690,686894
"Luisangel Acuña","NYM",95,193,0,30,8,16,0.067357512,0.191709844,0.04,0.294964028,0.234285714,0.293193717,0.274285714,0.2575873495396519,0.27053875618792594,65.34181430906148,4.126005964353681,-3.8018789859062387,1.0320867970585823,0.37358031233975997,"Luisangel Acuna",26548,682668
"Ben Williamson","SEA",85,295,1,36,21,5,0.050847457,0.216949152,0.057761733,0.325471698,0.252707581,0.293515358,0.310469314,0.2690158878983898,0.26882470514356477,76.39023510768256,-0.14285802841186523,-8.35178237448584,1.8427249789237976,0.3728639598000093,"Ben Williamson",33197,810938
"Elias Díaz","SDP",106,283,9,34,29,0,0.074204946,0.261484098,0.133333333,0.25,0.203921568,0.269784172,0.337254901,0.2691817435858061,0.2680733143199574,73.72194355132103,-3.4725335482507944,-12.28655052188345,6.51485063508153,0.3728041901742751,"Elias Diaz",11680,553869
"Kyren Paris","LAA",44,140,6,20,11,7,0.071428571,0.421428571,0.19047619,0.295081967,0.19047619,0.26618705,0.38095238,0.2832342917970616,0.26482518513997394,78.4751567784055,1.3363273479044437,-2.2154080811063075,1.0115512013435364,0.36983064206087524,"Kyren Paris",26420,677347
"Garrett Mitchell","MIL",25,78,0,9,3,3,0.089743589,0.32051282,0.088235295,0.318181818,0.205882352,0.285714285,0.294117647,0.2609935820876778,0.2878820245916193,65.12875286438002,0.8812425751239061,-2.3424698135849145,3.28982937335968,0.36243579546580246,"Garrett Mitchell",27555,669003
"Tyler Tolbert","KCR",64,57,1,19,6,21,0.017543859,0.192982456,0.1,0.325,0.28,0.321428571,0.38,0.30546492657491137,0.31285551616123747,91.95044346679042,2.7455022614449263,2.2047238005977627,-0.7932837307453156,0.3451295202820353,"Tyler Tolbert",25779,686475
"Kameron Misner","TBR",71,217,5,27,22,8,0.073732718,0.31797235,0.131979695,0.296,0.213197969,0.273148148,0.345177664,0.2715268184741338,0.24677769343058267,70.70623682811436,0.15314339846372604,-7.339024043829056,3.149014964699745,0.3354600477413976,"Kameron Misner",26374,670224
"Brooks Lee","MIN",139,527,16,50,64,3,0.058823529,0.174573055,0.133470226,0.2578125,0.23613963,0.284629981,0.369609856,0.28562926838927294,0.28878561233433653,80.54517307796851,-2.937383506447077,-15.021379192745774,0.08641815185546875,0.32776043918516806,"Brooks Lee",31595,686797
"Jake Rogers","DET",49,142,3,14,19,0,0.105633802,0.274647887,0.146341464,0.240963855,0.186991869,0.276595744,0.333333333,0.27025995820972093,0.2741571250536763,70.46500137844589,0.10034931637346745,-4.842733357461192,3.1561341285705566,0.32748291927358886,"Jake Rogers",19452,668670
"Nate Eaton","BOS",41,90,1,16,4,9,0.066666666,0.211111111,0.086419753,0.370967741,0.296296296,0.348314606,0.382716049,0.3222697049044491,0.2925722786549772,102.34725013339678,0.7672740742564201,1.0162598039196684,-0.9180651605129242,0.32697528391252384,"Nate Eaton",25055,681987
"Eric Haase","MIL",30,77,2,11,9,0,0.051948051,0.402597402,0.128571429,0.378378378,0.228571428,0.289473684,0.357142857,0.28615184128284454,0.2728575907255474,82.36296950512192,0.5425686705857515,-1.0670032859628298,1.6744991689920425,0.32425952574396943,"Eric Haase",14111,606992
"Ryan Fitzgerald","MIN",24,53,4,10,9,1,0.132075471,0.150943396,0.260869566,0.147058823,0.195652173,0.301886792,0.456521739,0.3283412568974045,0.3433938760023851,109.9678635258945,0.3702714964747429,0.9929308662005134,0.31749752163887024,0.3207090391590917,"Ryan Fitzgerald",24622,680837
"Luke Maile","KCR",25,54,1,6,6,1,0.129629629,0.296296296,0.111111111,0.357142857,0.244444444,0.346153846,0.355555555,0.3161717985685055,0.3420037288291782,99.32600689374522,-0.11058166809380054,-0.15347816121854385,1.3602049350738525,0.3136204967207036,"Luke Maile",13355,571912
"Brandon Lockridge","- - -",67,148,0,17,11,10,0.054054054,0.243243243,0.067164179,0.31,0.231343283,0.275862068,0.298507462,0.25446486719723405,0.26680145263671873,62.551448565308306,1.896491028368473,-4.67238316511157,2.7555107474327087,0.30766637724150697,"Brandon Lockridge",21496,663604
"Carlos Santana","- - -",124,474,11,49,54,7,0.109704641,0.191983122,0.106024096,0.25236593,0.219277108,0.308016877,0.325301204,0.2843584098221132,0.2901370364062126,81.67153940818149,-0.9528013113886118,-11.209246122466654,-2.1575577557086945,0.2993348306991065,"Carlos Santana",2396,467793
"Jake Fraley","- - -",76,217,6,31,23,4,0.115207373,0.225806451,0.141361256,0.294117647,0.240837696,0.331797235,0.382198952,0.3155755875287233,0.3151848726494368,97.37764634479267,-0.26502901688218117,-0.9394719378757797,-3.3600412905216217,0.2987658001320063,"Jake Fraley",19260,641584
"Jose Trevino","CIN",94,302,4,30,22,0,0.049668874,0.129139072,0.113475177,0.259259259,0.237588652,0.272425249,0.351063829,0.27077616805650073,0.2783411661783854,66.1954285141201,-3.008651237934828,-15.10840643754453,7.96747612953186,0.2973900654188989,"Jose Trevino",16725,624431
"Ha-Seong Kim","- - -",48,191,5,19,17,6,0.083769633,0.204188481,0.111111111,0.271317829,0.233918128,0.303664921,0.345029239,0.28826026173786345,0.29698865201460756,82.38697485441735,0.5561850685626268,-3.4143815043417405,-0.1461634635925293,0.29679302641708216,"Ha-Seong Kim",27506,673490
"Gavin Lux","CIN",140,503,5,49,53,1,0.111332007,0.226640159,0.105381166,0.350609756,0.269058295,0.349900596,0.374439461,0.3223411711025428,0.2986429567128479,101.51911393615171,-0.05265051685273647,0.8529831077542394,-14.726637363433838,0.29274456160704043,"Gavin Lux",19955,666158
"Moisés Ballesteros","CHC",20,66,2,12,11,0,0.136363636,0.181818181,0.175438596,0.348837209,0.298245614,0.393939393,0.47368421,0.3735985700900738,0.3385396517240084,143.30444107424483,-0.7156871184706688,2.6717448272556092,-2.024183264002204,0.2909151613570682,"Moises Ballesteros",28820,694208
"Miles Mastrobuoni","SEA",76,175,1,20,12,6,0.097142857,0.165714285,0.046052631,0.300813008,0.25,0.323529411,0.296052631,0.2818815371569465,0.32245568269808617,85.25289940330613,-0.8009584806859493,-3.8426647038883033,0.573101669549942,0.28173311725880074,"Miles Mastrobuoni",20017,670156
"Alex Freeland","LAD",29,97,2,10,6,1,0.113402061,0.360824742,0.119047619,0.29787234,0.19047619,0.291666666,0.309523809,0.272898751621445,0.25825023651123047,73.03872782605603,0.11742418073117733,-2.982180590078907,2.4932331144809723,0.2801588936308006,"Alex Freeland",31665,690976
"Rafael Marchán","PHI",42,118,2,9,13,0,0.084745762,0.144067796,0.095238095,0.229885057,0.209523809,0.282051282,0.304761904,0.263574089249994,0.2608851571368356,64.53137792240194,-0.7779491189867258,-5.738392877282437,4.429660618305206,0.26776785835662376,"Rafael Marchan",21646,665561
"Christian Vázquez","MIN",65,214,3,14,14,1,0.084112149,0.163551401,0.084210526,0.214285714,0.189473684,0.271028037,0.27368421,0.24838403396517317,0.2708408854832159,54.888324933047926,-1.3398632258176804,-12.718108769097075,7.922287881374359,0.2629136266711252,"Christian Vazquez",9774,543877
"Taylor Walls","TBR",101,317,4,36,38,14,0.082018927,0.220820189,0.09929078,0.271028037,0.219858156,0.280254777,0.319148936,0.264914351473948,0.2609051835422699,66.15115577384425,0.5942485276609659,-12.052406766664259,3.5954528488218784,0.25104123853467314,"Taylor Walls",22458,670764
"DJ LeMahieu","NYY",45,142,2,13,12,0,0.098591549,0.246478873,0.0703125,0.351648351,0.265625,0.338028169,0.3359375,0.3035298271078459,0.2951242433372119,94.76237066800353,-1.5403606835752726,-2.4169490029011413,-0.02184915542602539,0.25052355516804875,"DJ LeMahieu",9874,518934
"Coby Mayo","BAL",85,294,11,30,28,3,0.091836734,0.285714285,0.171102661,0.273809523,0.216730038,0.299319727,0.387832699,0.302706112464269,0.287138481662698,94.51109344164621,0.8516213912516832,-1.050357719452382,-6.878298103809357,0.22409984416861783,"Coby Mayo",28312,691723
"Yohel Pozo","STL",67,168,5,16,19,0,0.041666666,0.13095238,0.14375,0.23880597,0.23125,0.261904761,0.375,0.2751217260956764,0.27649284270872554,76.20035943345715,-1.1007700134068727,-5.8396300913611565,2.3954721689224243,0.21948520167279412,"Yohel Pozo",18848,650968
"Trevor Larnach","MIN",142,567,17,62,60,4,0.093474426,0.215167548,0.153081511,0.294594594,0.250497017,0.323321554,0.403578528,0.3165665356614066,0.31510089306121175,101.85669871858447,-2.040164018049836,-0.7993774843120762,-16.58255958557129,0.21826138710058562,"Trevor Larnach",21501,663616
"Parker Meadows","DET",58,213,4,22,16,4,0.098591549,0.262910798,0.115183246,0.28030303,0.214659685,0.291079812,0.329842931,0.2767189746731324,0.29124304933368034,74.9143761005999,0.27321932092309,-6.024409863777334,0.7922323495149612,0.2147474523794619,"Parker Meadows",23800,678009
"Andrew Knizner","SFG",33,88,1,12,5,0,0.079545454,0.113636363,0.077922078,0.23880597,0.22077922,0.298850574,0.298701298,0.2702585835566466,0.278195238661492,73.11432399970614,-0.5827825982123613,-3.386910627781667,2.542645514011383,0.21316979215124607,"Andrew Knizner",19514,668800
"Sam Haggerty","TEX",64,182,2,31,13,12,0.087912087,0.203296703,0.117283951,0.31707317,0.253086419,0.327777777,0.37037037,0.3072531489686593,0.30386419350144556,97.60440490897624,1.3869214616715908,0.8730465947567669,-5.196520805358887,0.1985548277772307,"Sam Haggerty",18054,664059
"Dylan Crews","WSN",85,322,10,43,27,17,0.074534161,0.236024844,0.14334471,0.246376811,0.208191126,0.279503105,0.351535836,0.2793295931371843,0.3065122167892217,76.95498603049687,1.6145563386380672,-7.180265642617929,-1.6135889291763306,0.19635447245748483,"Dylan Crews",33541,686611
"Christian Moore","LAA",53,184,7,20,16,3,0.103260869,0.336956521,0.172839506,0.265957446,0.197530864,0.284153005,0.37037037,0.28815408580290164,0.28244024808289575,81.86421875274638,0.20149688236415386,-3.731527751775444,-0.7045031189918518,0.19408173377315863,"Christian Moore",34979,695681
"Troy Johnston","MIA",44,121,4,12,13,2,0.066115702,0.214876033,0.142857143,0.329268292,0.276785714,0.330578512,0.419642857,0.3278500447588519,0.34058869679768883,108.83193731798208,-1.2991733085364103,-0.03258476863275295,-2.233313214033842,0.1800497128668715,"Troy Johnston",26143,687859
"Nacho Alvarez Jr.","ATL",58,208,2,18,15,0,0.057692307,0.235576923,0.095744681,0.304347826,0.234042553,0.296116504,0.329787234,0.27902551212357085,0.2695665081727852,76.2556695225663,-1.6467100847512484,-7.500234969135519,2.31830757856369,0.17784812773594216,"Nacho Alvarez Jr.",31765,805373
"Andrew Benintendi","CHW",116,470,20,57,63,1,0.085106382,0.174468085,0.19047619,0.25,0.24047619,0.307036247,0.43095238,0.31687932070623887,0.3196951917422715,102.57290661205502,0.6166394054889679,2.0419005837611723,-16.496638774871826,0.17617170937723003,"Andrew Benintendi",17901,643217
"Luke Raley","SEA",73,219,4,23,19,2,0.08675799,0.292237442,0.109289617,0.284482758,0.202185792,0.319444444,0.311475409,0.2905239509763541,0.3117283715142144,91.20633485347011,0.22625714726746082,-2.043537742069426,-3.7818830013275146,0.17517982858167402,"Luke Raley",19354,670042
"Nathan Church","STL",27,65,1,9,8,1,0.046153846,0.276923076,0.071428572,0.236842105,0.178571428,0.253968253,0.25,0.2315857902405754,0.2473083526369125,46.37684325279874,0.3257284127175808,-3.805316715840746,3.2744131311774254,0.1669394661991351,"Nathan Church",31357,701675
"Ildemaro Vargas","ARI",38,121,3,12,19,0,0.016528925,0.123966942,0.113043478,0.285714285,0.269565217,0.291666666,0.382608695,0.2924014503757159,0.28742777506510414,84.90530861482208,-1.636466970667243,-3.801197361464115,1.3578145503997803,0.1618907937334676,"Ildemaro Vargas",13324,545121
"Paul DeJong","WSN",57,208,6,18,23,4,0.052884615,0.336538461,0.14507772,0.316666666,0.227979274,0.269230769,0.373056994,0.27778633855856383,0.2594580833728497,75.89780701292511,0.5446320595219731,-5.397114183951102,0.04685896635055542,0.16062608444069107,"Paul DeJong",18015,657557
"CJ Kayfus","CLE",44,138,4,16,19,4,0.079710144,0.275362318,0.195121951,0.280487804,0.219512195,0.291970802,0.414634146,0.30578848436801104,0.3223185295606182,96.37459935529473,1.518113674595952,0.928445527004682,-4.109619140625,0.16048353349492114,"CJ Kayfus",33704,692216
"Tommy Pham","PIT",120,449,10,44,52,5,0.111358574,0.20935412,0.125,0.293515358,0.244897959,0.32962138,0.369897959,0.30759944656504645,0.3182323215244053,94.41714273948875,-4.18034734390676,-7.15130916572142,-6.253224611282349,0.1569274953498363,"Tommy Pham",2967,502054
"David Hamilton","BOS",91,194,6,27,19,22,0.067010309,0.242268041,0.135593221,0.233870967,0.197740112,0.256544502,0.333333333,0.260240543575187,0.260298224643887,59.617682246669105,2.4248899333178997,-6.808592909720105,1.4186811447143555,0.13170208543591966,"David Hamilton",27531,666152
"Tim Anderson","LAA",31,90,0,8,3,1,0.033333333,0.322222222,0.036144578,0.314814814,0.204819277,0.258426966,0.240963855,0.22866021515278334,0.21916297312532917,40.88111773523878,0.13587256520986557,-6.135192383571615,4.310547709465027,0.13024475776858413,"Tim Anderson",15172,641313
"John Rave","KCR",72,175,4,18,14,7,0.102857142,0.262857142,0.111111111,0.25,0.196078431,0.283236994,0.307189542,0.2665252547732667,0.30163572000902755,65.12636082438425,0.39470645785331726,-6.798257651306198,1.976946473121643,0.12296986231530649,"John Rave",26284,670231
"Luis Urías","ATH",96,330,8,27,25,2,0.093939393,0.136363636,0.108013938,0.244725738,0.229965156,0.314984709,0.337979094,0.2930744314047904,0.29980933046486763,83.61237523163348,-0.6563450694084167,-7.0302051558407,-3.1522871255874634,0.12027566537265535,"Luis Urias",16622,649966
"Tyler Fitzgerald","SFG",72,243,4,19,14,9,0.069958847,0.288065843,0.110599079,0.298611111,0.216589861,0.278481012,0.32718894,0.2687346812038985,0.24227597844248583,72.0704018792264,0.6433971878141165,-7.400475087858975,0.4353977143764496,0.11454824789620968,"Tyler Fitzgerald",26208,666149
"Ryan Ritter","COL",60,207,1,22,18,3,0.048309178,0.29468599,0.096256684,0.349206349,0.240641711,0.295566502,0.336898395,0.27990804076782,0.24796052754218942,63.678236713336304,0.4029777329415083,-8.508125501699283,2.724727213382721,0.11290616534209735,"Ryan Ritter",31500,690022
"Tristan Gray","TBR",30,86,3,9,9,0,0.069767441,0.220930232,0.17948718,0.263157894,0.23076923,0.282352941,0.41025641,0.2981736477683572,0.3490746442009421,89.06224030927746,-0.015570975840091705,-1.124233592152976,-0.771313339471817,0.10890484758509114,"Tristan Gray",19877,656484
"Jhonny Pereda","- - -",30,78,0,4,4,0,0.102564102,0.269230769,0.086956522,0.354166666,0.246376811,0.324675324,0.333333333,0.2954530088932483,0.2538114151397309,86.81626322201457,-0.22799858264625072,-1.4400071814304456,-0.27027542889118195,0.09968826237890008,"Jhonny Pereda",19802,640902
"Oswaldo Cabrera","NYY",34,122,1,17,11,0,0.090163934,0.204918032,0.06542056,0.304878048,0.242990654,0.322314049,0.308411214,0.2861701476672464,0.2842013776794938,82.8039371626484,-0.2681603990495205,-2.740803464419705,-0.5121577382087708,0.09679587708624895,"Oswaldo Cabrera",21707,665828
"Drew Gilbert","SFG",39,109,3,12,13,1,0.064220183,0.183486238,0.16,0.205128205,0.19,0.247706422,0.35,0.2600275584317129,0.27039967108210294,66.1057427583675,0.12958987429738045,-4.249126597808111,1.558569073677063,0.09575418009236286,"Drew Gilbert",31545,687551
"Liover Peguero","PIT",33,88,4,9,8,4,0.068181818,0.284090909,0.1625,0.235294117,0.2,0.272727272,0.3625,0.2806989665735852,0.2463949593630704,75.98944882329555,0.7497690375894308,-1.7544886035154228,-0.32571499049663544,0.08671781809137007,"Liover Peguero",24273,678894
"Jerar Encarnacion","SFG",19,56,2,5,7,1,0.017857142,0.267857142,0.163636363,0.236842105,0.2,0.214285714,0.363636363,0.24672220328024455,0.2969304152897426,56.9911465781012,0.1177827250212431,-2.736783333231765,1.7057196497917175,0.08513116832435999,"Jerar Encarnacion",21871,666464
"Enmanuel Valdez","PIT",31,102,2,7,12,0,0.107843137,0.156862745,0.153846154,0.232876712,0.208791208,0.294117647,0.362637362,0.2898457307441562,0.32726235483206956,82.25527644095841,-0.9369304664433002,-3.0821098550080306,0.4700886011123657,0.07996168756581343,"Enmanuel Valdez",21716,665839
"Curtis Mead","- - -",90,264,3,26,19,5,0.056818181,0.238636363,0.0875,0.302857142,0.233333333,0.299242424,0.320833333,0.27813454672242655,0.2909476647010216,75.57056765806338,0.7222623098641634,-6.879072767762874,-1.436298906803131,0.07889105857106238,"Curtis Mead",23986,678554
"Zach Dezenzo","HOU",34,109,2,17,10,1,0.100917431,0.339449541,0.122448979,0.372881355,0.244897959,0.321100917,0.367346938,0.30560725817986584,0.31631567718785836,95.64053482276493,0.49943779967725277,-0.060619272539715,-3.01985764503479,0.06866458184291366,"Zach Dezenzo",31562,701305
"Nick Loftin","KCR",67,188,4,17,20,1,0.074468085,0.143617021,0.148809524,0.223021582,0.208333333,0.278074866,0.357142857,0.2785112249022499,0.293957515429425,73.38304708838294,-0.4124345537275076,-6.310217161317247,0.47028398513793945,0.06453068027490186,"Nick Loftin",27630,679845
"Rowdy Tellez","- - -",112,312,17,34,49,1,0.054487179,0.266025641,0.214532872,0.255208333,0.228373702,0.275641025,0.442906574,0.3072449572575398,0.3284486257112943,100.63824575784206,-1.6979030631482601,-1.4632019735652708,-8.64936888217926,0.06404375367220894,"Rowdy Tellez",15679,642133
"Josh Bell","WSN",140,533,22,54,63,0,0.106941838,0.165103189,0.179487179,0.246537396,0.237179487,0.324577861,0.416666666,0.3238837330188966,0.3591893225005179,107.47600471492413,-6.107736235484481,-1.3850294646958998,-15.735138416290283,0.0627044561243657,"Josh Bell",13145,605137
"Blake Dunn","CIN",30,75,1,10,7,1,0.106666666,0.333333333,0.083333333,0.235294117,0.15,0.32,0.233333333,0.27231518030166624,0.30438323974609377,67.24970139684136,-0.1778277363628149,-3.0890189593844246,1.1731149554252625,0.059276212918204035,"Blake Dunn",29487,694362
"Vidal Bruján","- - -",61,95,0,14,8,2,0.063157894,0.221052631,0.057471264,0.328358208,0.252873563,0.305263157,0.310344827,0.2750705718994141,0.2656924753596908,74.71086779911431,0.7242747024865821,-2.125742220371346,-0.5318501135334373,0.05158892814503735,"Vidal Brujan",20536,660644
"Zack Short","HOU",22,56,2,9,7,0,0.071428571,0.321428571,0.16,0.3,0.22,0.29090909,0.38,0.2953403798016635,0.2411414926702326,88.56806653131926,0.32942401617765427,-0.42511254801106935,-1.0837088823318481,0.04282879182610018,"Zack Short",19562,670097
"José Tena","WSN",50,169,0,19,16,3,0.088757396,0.218934911,0.111842105,0.318965517,0.243421052,0.313609467,0.355263157,0.2955702917110285,0.3021386387836502,88.08038685601943,0.07591113075613976,-2.3115871680978883,-2.975291907787323,0.03435572863878043,"Jose Tena",23691,677588
"Austin Slater","- - -",65,160,5,22,13,1,0.06875,0.31875,0.155405405,0.29347826,0.216216216,0.270440251,0.371621621,0.2801097980085409,0.3324462684096804,77.60017416467028,-0.13956849090754986,-4.363697748912099,-0.9372816383838654,0.02107234440079822,"Austin Slater",16153,596103
"Hayden Senger","NYM",33,78,0,8,4,0,0.038461538,0.282051282,0.013888889,0.25490196,0.180555555,0.22077922,0.194444444,0.1900981293096171,0.25868901339444245,19.109527991627665,-0.26519471406936646,-7.743207064121722,5.34942102432251,0.02059478683813251,"Hayden Senger",21489,663584
"Griffin Conine","MIA",24,86,2,13,8,0,0.081395348,0.290697674,0.164556962,0.346153846,0.253164556,0.313953488,0.417721518,0.3184311875077181,0.2988186326137809,102.37971718959389,-0.7880872450768948,-0.5455279037031117,-2.13620126247406,0.01836629955752797,"Griffin Conine",21626,665052
"Gustavo Campero","LAA",28,66,3,9,8,4,0.075757575,0.212121212,0.172413793,0.170731707,0.172413793,0.272727272,0.344827586,0.2770132837873517,0.3252709995616566,74.18973717287915,0.9445805214345455,-1.0631662555318435,-1.0329463481903076,0.017955859732244964,"Gustavo Campero",22707,672569
"Luis Rengifo","LAA",147,541,9,55,43,10,0.060998151,0.192236598,0.097804391,0.281329923,0.23752495,0.287037037,0.335329341,0.2748252503297947,0.3019702727023554,72.68248280800341,-0.5238719750195742,-17.942384495218477,-0.5054854154586792,0.017645925120272826,"Luis Rengifo",19858,650859
"Tim Tawa","ARI",74,225,7,29,18,8,0.088888888,0.284444444,0.145728643,0.251908396,0.201005025,0.2735426,0.346733668,0.2730466036518593,0.28954119295687286,71.64661615523484,0.9649248979985714,-6.596116592830663,-0.7458844110369682,0.014712922655501282,"Tim Tawa",29571,694374
"Kyle Karros","COL",43,156,1,20,9,0,0.096153846,0.262820512,0.05109489,0.30927835,0.226277372,0.307692307,0.277372262,0.2679782314942433,0.26080302576864917,55.505933697114465,-0.7469407860189676,-8.973550646388887,3.9178620874881744,0.013757902417736237,"Kyle Karros",33252,691720
"Stuart Fairchild","ATL",28,55,0,7,2,2,0.072727272,0.272727272,0.117647059,0.305555555,0.215686274,0.272727272,0.333333333,0.2664092627438632,0.26439366774125533,67.61313295766442,-0.31735922023653984,-2.428541994252409,0.6901551485061646,0.009359194545250332,"Stuart Fairchild",20321,656413
"Will Benson","CIN",90,253,12,31,41,2,0.063241106,0.264822134,0.208695652,0.25477707,0.226086956,0.272727272,0.434782608,0.2984120226095593,0.34217967684306794,85.1268776547246,-0.7865915261209011,-5.246406870118218,-3.1151081919670105,0.0057148188299723235,"Will Benson",21853,666181
"Colby Thomas","ATH",49,132,6,20,19,2,0.053030303,0.371212121,0.191666666,0.308823529,0.225,0.267175572,0.416666666,0.2913371397338751,0.2809430187895098,82.41562001520589,0.03670777380466461,-2.6990243243841974,-1.8150668740272522,0.002980800497898603,"Colby Thomas",31855,687515
"Justyn-Henry Malloy","DET",52,127,1,15,17,0,0.157480314,0.251968503,0.086538461,0.301369863,0.221153846,0.346456692,0.307692307,0.30094138421411587,0.29506932656596024,91.60028754421164,0.24396845139563084,-1.0133367583435757,-3.3295243829488754,0.002892625863065268,"Justyn-Henry Malloy",29606,669234
"Sam Hilliard","COL",20,61,2,8,3,2,0.163934426,0.37704918,0.215686274,0.307692307,0.196078431,0.327868852,0.411764705,0.32556657908392733,0.30126140156730274,94.95580384288479,0.2726145349442959,-0.09206887561896415,-2.027417242527008,-0.0092082568296444,"Sam Hilliard",17954,656541
"Ezequiel Duran","TEX",90,219,0,16,14,11,0.03652968,0.251141552,0.068292683,0.304635761,0.224390243,0.266055045,0.292682926,0.24855420130108474,0.246596415108497,57.16889658528279,1.525306947529316,-9.53013103145131,1.8481101989746094,-0.014773595522373173,"Ezequiel Duran",23733,677649
"Matt Vierling","DET",31,100,1,6,11,2,0.07,0.24,0.068181818,0.307692307,0.238636363,0.31,0.306818181,0.2780135875940323,0.33818099975585936,75.80618649276344,-0.26211818493902683,-3.113641346601123,-0.5413801223039627,-0.021811390372694396,"Matt Vierling",21558,663837
"Agustín Ramírez","MIA",136,585,21,72,67,16,0.061538461,0.193162393,0.182495345,0.253071253,0.230912476,0.287179487,0.413407821,0.3016430406382317,0.3317723758454577,90.87929667556621,-0.8793523479253054,-7.203156351772023,-12.506880760192871,-0.025265540264761494,"Agustin Ramirez",26546,682663
"Alejandro Osuna","TEX",63,176,2,12,15,5,0.119318181,0.193181818,0.066225166,0.256410256,0.211920529,0.3125,0.278145695,0.2702827603476388,0.33609918106433956,72.13688775208433,-0.08218713104724884,-5.862014500411629,-0.4659559726715088,-0.027658808624785758,"Alejandro Osuna",27915,696030
"Adrian Del Castillo","ARI",44,131,4,9,17,0,0.061068702,0.358778625,0.15,0.352112676,0.241666666,0.290076335,0.391666666,0.29527478454677203,0.2688548546710997,86.87363492870078,-0.44337988644838333,-2.4814071063282954,-2.167591840028763,-0.02973171714098477,"Adrian Del Castillo",29554,680728
"Travis Jankowski","- - -",26,50,0,8,2,2,0.06,0.24,0.044444444,0.323529411,0.244444444,0.285714285,0.288888888,0.2555093303018687,0.24831614202382613,56.666449359470356,1.215344252064824,-1.3528282051145721,-0.6629925528541207,-0.030289635470869748,"Travis Jankowski",13768,608671
"Mitch Garver","SEA",87,290,9,29,30,3,0.103448275,0.275862068,0.133858268,0.261904761,0.208661417,0.296551724,0.342519685,0.2835025717230404,0.29777104466844184,86.36956945097877,-1.4944154359400272,-6.153280660588131,-4.172319769859314,-0.03522330835618466,"Mitch Garver",15161,641598
"Donovan Solano","- - -",71,179,3,10,21,0,0.044692737,0.223463687,0.090361446,0.304,0.246987951,0.290502793,0.337349397,0.2766620353613486,0.258718042733283,81.80695663917052,-0.7639458253979683,-4.651857003263888,-1.8571115587837994,-0.03561288684844982,"Donovan Solano",8623,456781
"Dane Myers","MIA",106,333,6,29,31,18,0.069069069,0.231231231,0.091205212,0.293333333,0.234527687,0.291291291,0.325732899,0.2747963103088173,0.30901024140507344,72.48842300646942,0.9533417839556932,-9.90476040491787,-1.594387263059616,-0.04298728261407933,"Dane Myers",22054,667472
"Nick Yorke","PIT",22,72,1,7,8,1,0.041666666,0.208333333,0.086956522,0.283018867,0.231884057,0.263888888,0.318840579,0.2563399564888742,0.2571918326364437,59.302743527144656,0.5314947348088026,-2.941401722998541,0.056644752621650696,-0.050061457341558604,"Nick Yorke",27504,694377
"Alan Roden","- - -",55,153,2,17,9,1,0.052287581,0.241830065,0.102941177,0.24,0.19117647,0.261437908,0.294117647,0.24860978009654025,0.22655690885057636,56.049467514323574,-0.14215406216681004,-8.067681007664191,2.2843195348978043,-0.052931393206205116,"Alan Roden",31564,702176
"Jake Burger","TEX",103,376,16,43,53,1,0.031914893,0.247340425,0.182584269,0.272,0.235955056,0.268617021,0.418539325,0.2945635469352945,0.32448046258155333,88.86301295847078,-0.6835248693823814,-5.618990524868114,-7.9035210609436035,-0.05946430718131612,"Jake Burger",22275,669394
"Michael A. Taylor","CHW",134,325,9,33,35,8,0.07076923,0.338461538,0.166101694,0.280898876,0.2,0.258566978,0.366101694,0.2702629521489143,0.2709596448557504,70.4606348641015,-0.32232459634542465,-11.637390635107582,-0.2012805938720703,-0.06677932011037838,"Michael A. Taylor",11489,572191
"Willie MacIver","ATH",33,111,3,7,9,3,0.063063063,0.243243243,0.137254902,0.222222222,0.186274509,0.252252252,0.323529411,0.2555246825690742,0.2558332391687342,57.74575850456839,0.9509764835238457,-4.576995887428714,0.06541290134191513,-0.07071261802600548,"Willie MacIver",24641,680862
"Masataka Yoshida","BOS",55,205,4,16,26,3,0.048780487,0.11707317,0.122340426,0.280487804,0.265957446,0.307317073,0.388297872,0.30188583746189024,0.3135670493630802,88.3055666894198,0.17098017036914825,-2.654586879951327,-5.227002501487732,-0.08449198233270322,"Masataka Yoshida",31837,807799
"Jesse Winker","NYM",26,81,1,8,10,1,0.111111111,0.259259259,0.171428572,0.3,0.228571428,0.308641975,0.4,0.30071336179971697,0.2809711408011521,94.88451964393772,-0.5167258530855179,-1.007821004006841,-2.586169943213463,-0.09198930873577421,"Jesse Winker",13590,608385
"Henry Davis","PIT",87,283,7,25,22,2,0.06360424,0.268551236,0.111111111,0.203488372,0.166666666,0.233812949,0.277777777,0.22946353760554636,0.2934684753417969,40.89153224383042,-0.6210903022438288,-20.446873046328303,10.056652247905731,-0.09972829898085145,"Henry Davis",29617,680779
"Blaine Crim","- - -",20,74,5,10,12,0,0.081081081,0.378378378,0.261538461,0.235294117,0.2,0.27027027,0.461538461,0.3088715358360394,0.3216287348721478,86.05478601685539,-0.3211072888225317,-1.532256396126818,-1.920268565416336,-0.09981621702075316,"Blaine Crim",25714,688760
"Dalton Rushing","LAD",53,155,4,15,24,0,0.064516129,0.374193548,0.119718309,0.304878048,0.204225352,0.258064516,0.323943661,0.25609347704918156,0.2829069568264869,61.52657428479747,-0.4392488319426775,-7.507089686737094,1.3297762274742126,-0.10440232407065622,"Dalton Rushing",31382,687221
"Dylan Moore","- - -",106,243,11,35,25,14,0.082304526,0.337448559,0.173515981,0.255813953,0.200913242,0.267489711,0.374429223,0.2795492525944494,0.26247895009233135,83.01343037223549,0.487540053203702,-4.377478850101143,-5.017261981964111,-0.10549195437195623,"Dylan Moore",18042,664238
"Christopher Morel","TBR",105,305,11,37,33,7,0.081967213,0.357377049,0.176258993,0.316455696,0.21942446,0.28852459,0.395683453,0.29893657477175606,0.3041951414014472,89.58779217046265,0.9365953747183084,-2.806365111122745,-8.752894878387451,-0.10862066309168283,"Christopher Morel",21897,666624
"Brett Wisely","- - -",26,63,1,5,10,1,0.111111111,0.222222222,0.129629629,0.23076923,0.185185185,0.278688524,0.314814814,0.26717263167021704,0.28447638965043864,70.72920112199371,-1.3508683368563652,-3.5364615372817787,0.37154916301369667,-0.10936052161331947,"Brett Wisely",27735,689172
"Daniel Johnson","- - -",31,57,1,13,1,2,0.070175438,0.228070175,0.113207547,0.23076923,0.188679245,0.245614035,0.301886792,0.2430445395017925,0.30499695058454546,53.97822031045115,0.48425086215138435,-2.6161485152012354,-0.46176231652498245,-0.11782877498180733,"Daniel Johnson",19643,669288
"Chas McCormick","HOU",66,116,1,13,5,2,0.077586206,0.267241379,0.08,0.289855072,0.21,0.279279279,0.29,0.2565655681464049,0.29872124474327844,61.857549874102354,-1.1572661083191633,-6.3720840507261105,1.2235851287841797,-0.11826993675462233,"Chas McCormick",19599,676801
"Josh Lowe","TBR",108,435,11,56,40,18,0.075862068,0.250574712,0.146464647,0.273381294,0.219696969,0.283410138,0.366161616,0.28390897228866474,0.2975606873978016,79.23583920647684,2.813240721821785,-7.832508100128642,-8.31911015510559,-0.12069042403274582,"Josh Lowe",19953,666139
"Andrew McCutchen","PIT",135,551,13,51,57,1,0.121597096,0.214156079,0.1278826,0.28939828,0.23899371,0.333333333,0.36687631,0.3089256097069558,0.33279043126989294,95.32560714123179,-4.269756497815251,-7.322364331894972,-12.220815062522888,-0.12392862449441022,"Andrew McCutchen",9847,457705
"Darell Hernaiz","ATH",51,197,2,17,16,3,0.086294416,0.121827411,0.075144509,0.25,0.231213872,0.292307692,0.306358381,0.26621136512511817,0.3045120630508814,65.10741418355582,-1.7563689332455397,-9.857990560375214,1.8343337774276733,-0.1271986992757554,"Darell Hernaiz",26224,687231
"Gary Sánchez","BAL",30,101,5,13,24,0,0.03960396,0.267326732,0.186813187,0.266666666,0.23076923,0.297029702,0.417582417,0.3111079288001108,0.31549257278442383,100.2987902893998,-0.46770823188126087,-0.432140151439832,-4.327425301074982,-0.13129863257255486,"Gary Sanchez",11442,596142
"Maximo Acosta","MIA",19,61,3,7,5,1,0.098360655,0.278688524,0.185185185,0.235294117,0.203703703,0.295081967,0.388888888,0.3018393809678125,0.3491579900022413,91.01379611565305,-0.43060799315571785,-1.080289206670352,-2.238226145505905,-0.13188395309000417,"Maximo Acosta",27963,691185
"Jake McCarthy","ARI",67,222,4,18,20,6,0.045045045,0.18018018,0.140776699,0.233128834,0.203883495,0.246575342,0.344660194,0.25633479090041766,0.28648477493355806,60.19848696698043,1.685802649706602,-8.786610373265146,0.10454106330871582,-0.13260472254082273,"Jake McCarthy",21622,664983
"Nick Sogard","BOS",30,104,0,13,9,2,0.048076923,0.23076923,0.083333334,0.347222222,0.260416666,0.317307692,0.34375,0.29462025314569473,0.3023974345280574,83.30057755813576,-1.8445770125836134,-3.8915276291003944,-1.0063051581382751,-0.13488081987026768,"Nick Sogard",25483,686765
"JJ Bleday","ATH",98,344,14,48,39,1,0.104651162,0.264534883,0.19218241,0.251231527,0.211726384,0.293604651,0.403908794,0.3021012910625391,0.27634677552340325,89.83064103249279,-0.9350897595286369,-5.058196661833112,-8.116647481918335,-0.1365793521584051,"JJ Bleday",26368,668709
"Nick Maton","CHW",25,63,2,5,4,0,0.142857142,0.301587301,0.148148148,0.212121212,0.166666666,0.285714285,0.314814814,0.2732397563873775,0.23648280189150855,72.51124390132068,-0.15745196118950844,-2.1985704292081145,-1.3288595974445343,-0.13905011672788475,"Nick Maton",21635,665155
"Angel Martínez","CLE",139,484,11,56,45,8,0.047520661,0.227272727,0.134529148,0.270516717,0.224215246,0.269311064,0.358744394,0.27366650938241116,0.2547482707555209,74.24697290687043,2.171455690637231,-12.519370522861777,-5.559521436691284,-0.1453245500285294,"Angel Martinez",26540,682657
"Enrique Hernández","LAD",93,256,10,30,35,0,0.0703125,0.265625,0.163793104,0.232704402,0.202586206,0.25490196,0.36637931,0.26833693630555094,0.28733900776059607,69.91373762624615,-1.3903605211526155,-10.518923363048996,0.5354611873626709,-0.15001878245832614,"Enrique Hernandez",10472,571771
"Taylor Trammell","HOU",52,135,3,15,12,3,0.125925925,0.303703703,0.136752137,0.27027027,0.196581196,0.296296296,0.333333333,0.2822389381903189,0.27055796870478876,79.54297370805304,-1.6342593915760517,-4.889243305882841,-1.340042769908905,-0.16194080935690505,"Taylor Trammell",19960,666211
"Edgar Quero","CHW",111,403,5,31,36,0,0.079404466,0.17617866,0.087671233,0.319587628,0.26849315,0.332506203,0.356164383,0.3065739242965471,0.289863037412279,95.47390469019878,-3.6719940304756165,-5.821810155322151,-9.690898537635803,-0.16800775527290698,"Edgar Quero",28022,700337
"Brooks Baldwin","CHW",103,328,11,32,38,5,0.06402439,0.262195121,0.166666666,0.297560975,0.24,0.290123456,0.406666666,0.30162467540782173,0.3066080352406443,92.06455234934523,1.541610961779952,-1.5261240968753294,-11.437282085418701,-0.1712894902414397,"Brooks Baldwin",31394,681460
"Cooper Hummel","- - -",37,105,3,10,7,1,0.133333333,0.295238095,0.102272727,0.222222222,0.170454545,0.298076923,0.272727272,0.2675633361706367,0.3130923784696139,69.59226572176844,-0.5978889986872673,-4.377505087602492,-0.9249581145122647,-0.1727581447056747,"Cooper Hummel",19458,669450
"Sam Huff","SFG",20,58,2,5,4,0,0.068965517,0.431034482,0.132075472,0.333333333,0.207547169,0.258620689,0.339622641,0.26124018841776353,0.25318344708146723,66.93643329711,-1.067424215376377,-3.3402801053362747,-0.3083302304148674,-0.1758686877722764,"Sam Huff",22209,669087
"Kristian Campbell","BOS",67,263,6,24,21,2,0.110266159,0.273764258,0.122270742,0.296052631,0.222707423,0.319391634,0.344978165,0.29874603421969104,0.29557692136801067,86.1426737385324,0.06065327674150467,-4.234787796872251,-6.573918998241425,-0.1797297583458078,"Kristian Campbell",33644,692225
"Nolan Gorman","STL",111,402,14,48,46,1,0.116915422,0.338308457,0.165242165,0.282926829,0.205128205,0.2960199,0.37037037,0.29173873841762543,0.2955635854773653,87.58354727871811,-2.105432540178299,-8.021291317831707,-7.184257864952087,-0.18732514636105402,"Nolan Gorman",22263,669357
"Anthony Seigler","MIL",34,73,0,6,5,2,0.109589041,0.219178082,0.016129032,0.255319148,0.193548387,0.291666666,0.209677419,0.23906436231401232,0.3053097989824083,50.106532073587076,0.7571052089333534,-3.5596831538905747,-0.7539006043225527,-0.19284435696567506,"Anthony Seigler",23802,678011
"Otto Kemp","PHI",62,218,8,26,28,2,0.055045871,0.307339449,0.177664974,0.306451612,0.233502538,0.298165137,0.411167512,0.3084820087896575,0.3098077686554795,95.29474705011386,-1.3348206020891666,-2.550540920148398,-6.619054794311523,-0.19610062407044154,"Otto Kemp",31792,805249
"Victor Robles","SEA",32,114,1,12,9,6,0.026315789,0.228070175,0.084905661,0.308641975,0.245283018,0.280701754,0.330188679,0.2677101294199626,0.23655573527018228,75.49074695804501,0.6827712245285511,-2.6103483608450038,-3.3408381938934326,-0.20743778802591722,"Victor Robles",18363,645302
"Luis Matos","SFG",57,184,8,26,22,4,0.059782608,0.14673913,0.203488372,0.217391304,0.220930232,0.266304347,0.424418604,0.2956813292010971,0.27416546448417334,90.52972236411722,0.7319879811257124,-1.3332720488035603,-6.979687452316284,-0.22419073573593876,"Luis Matos",26467,682641
"Jose Iglesias","SDP",112,343,3,29,36,5,0.069970845,0.163265306,0.065359478,0.269076305,0.228758169,0.297935103,0.294117647,0.2682885932008074,0.2810311176367765,73.11010681379402,-0.7104478944092989,-11.641888587196823,-1.9710929989814758,-0.2252193240433259,"Jose Iglesias",10231,578428
"Cavan Biggio","KCR",37,83,1,9,4,1,0.13253012,0.253012048,0.072463768,0.234042553,0.173913043,0.296296296,0.246376811,0.25693351913381507,0.298492956161499,58.51897309940871,0.07712355256080627,-3.9807654785001088,-1.0934420228004456,-0.22687620044875556,"Cavan Biggio",19252,624415
"Luis Vázquez","BAL",36,53,1,6,3,2,0.056603773,0.264150943,0.08,0.2,0.16,0.207547169,0.24,0.20109863213773044,0.2793403481537441,24.51750275990318,0.5064072776585817,-4.208733939388549,0.15289826691150665,-0.2283269319685609,"Luis Vazquez",23442,676679
"Wilmer Flores","SFG",125,463,16,44,71,1,0.073434125,0.190064794,0.138424821,0.267295597,0.241050119,0.306695464,0.37947494,0.3020836701918369,0.28185430749670254,94.91553184268042,-3.50106168538332,-6.29116784960088,-11.352829277515411,-0.22916718975517147,"Wilmer Flores",5827,527038
"Garrett Hampson","- - -",62,91,0,19,1,3,0.12087912,0.318681318,0.025974026,0.229166666,0.142857142,0.25,0.168831168,0.2051355852322145,0.2174155359918421,25.782553107487825,0.6166532170027494,-7.387983164973983,2.003499835729599,-0.24113946445732604,"Garrett Hampson",19262,641658
"Jorbit Vivas","NYY",29,66,1,6,5,0,0.075757575,0.196969696,0.089285715,0.19047619,0.160714285,0.265625,0.25,0.24156240560114384,0.3044736981391907,52.075333034512575,-0.19299273565411568,-3.920990248954853,-0.7537333965301514,-0.24586832065877273,"Jorbit Vivas",23917,678391
"Will Wagner","- - -",55,149,0,15,7,1,0.114093959,0.187919463,0.054263566,0.287128712,0.224806201,0.324324324,0.279069767,0.2795696020931811,0.3182888610942944,78.18471716428859,-0.2989773009903729,-4.139436010299631,-3.4143890105187893,-0.2501546527520717,"Will Wagner",29634,695238
"Samuel Basallo","BAL",31,118,4,10,15,0,0.050847457,0.254237288,0.165137615,0.186666666,0.165137614,0.228813559,0.330275229,0.24606878222045253,0.2862501306048894,55.495756208084444,0.07693185098469257,-6.112574432255683,-0.4028491824865341,-0.25108057867069417,"Samuel Basallo",28824,694212
"Thairo Estrada","COL",39,165,3,14,21,1,0.036363636,0.157575757,0.116883117,0.28125,0.253246753,0.284848484,0.37012987,0.28362342408209135,0.2637384693797042,66.22339377069945,-0.9295405689626932,-7.53486511080272,-0.4150671362876892,-0.2517237874213248,"Thairo Estrada",16426,642731
"Jonathan India","KCR",136,567,9,63,45,0,0.095238095,0.186948853,0.112676056,0.278645833,0.233400402,0.323321554,0.346076458,0.30070688372787235,0.31417394868025544,88.67280581244086,-2.5907948669046164,-10.160482868666794,-11.831806898117065,-0.2534353914650401,"Jonathan India",21523,663697
"Matthew Lugo","LAA",31,70,4,9,9,0,0,0.342857142,0.231884058,0.292682926,0.231884057,0.242857142,0.463768115,0.2985970548221043,0.26015774863106866,89.05798929683577,-0.06900496548041701,-0.9717554914413766,-3.961898237466812,-0.258274386741566,"Matthew Lugo",25980,683090
"Brady House","WSN",73,274,4,26,29,5,0.02919708,0.284671532,0.088122605,0.309782608,0.233716475,0.251824817,0.32183908,0.24833285199464672,0.28417281266097183,55.72122148966096,-0.33967510238289833,-14.719063032896921,3.0472230911254883,-0.261489636924223,"Brady House",29993,691781
"Jonatan Clase","TOR",34,112,2,10,9,3,0.089285714,0.25,0.09,0.271428571,0.21,0.288288288,0.3,0.26654289380924123,0.28388912894509055,68.75889525086751,0.29740055464208126,-3.8265835296688593,-2.624740481376648,-0.26565096988537473,"Jonatan Clase",26599,682729
"Zack Gelof","ATH",30,101,2,12,7,1,0.06930693,0.455445544,0.097826087,0.311111111,0.173913043,0.23,0.27173913,0.22377453207969666,0.2187441635131836,35.87426803658957,-0.5702671818435192,-8.20381242664264,2.0802187621593475,-0.27085578920630243,"Zack Gelof",29766,680869
"Cole Young","SEA",77,257,4,24,24,1,0.108949416,0.182879377,0.094170404,0.247126436,0.210762331,0.301960784,0.304932735,0.2736085948981638,0.29686226431779034,79.5539790843098,0.07839582860469818,-6.1147955267731025,-5.449130892753601,-0.27812676021785976,"Cole Young",31680,702284
"Cody Freeman","TEX",36,121,3,13,15,1,0.041322314,0.157024793,0.114035088,0.247311827,0.228070175,0.258333333,0.342105263,0.2611917366584142,0.26873136568470163,65.87442175118873,-0.44400469958782196,-5.310742672521056,-1.5828332602977753,-0.279206001879585,"Cody Freeman",25629,683227
"Jose Herrera","ARI",58,204,2,21,17,0,0.112745098,0.230392156,0.072289157,0.241666666,0.186746987,0.284974093,0.259036144,0.2513382481169824,0.2373564132137002,56.7756944710274,-1.2906680572777987,-11.741536902572424,2.2252598255872726,-0.2792259377827387,"Jose Herrera",17040,645444
"Justin Turner","CHC",80,191,3,14,18,2,0.089005235,0.193717277,0.094674556,0.255639097,0.218934911,0.287958115,0.313609467,0.267948830627022,0.2972557507260308,70.93097183619945,-0.11732943914830685,-6.697817199755946,-2.4431015253067017,-0.2850735902570418,"Justin Turner",5235,457759
"Emmanuel Rivera","BAL",43,127,0,5,13,1,0.047244094,0.188976377,0.033333333,0.3125,0.25,0.291338582,0.283333333,0.25843660991022904,0.2666659617987205,64.0154898552384,-1.5449131410568953,-6.931229912382102,-0.22962010465562344,-0.28542290271166876,"Emmanuel Rivera",19890,656896
"Jacob Melton","HOU",32,78,0,7,7,7,0.076923076,0.371794871,0.028571428,0.268292682,0.157142857,0.233766233,0.185714285,0.19843877832610884,0.2397777507831524,21.816179679206655,1.1478506047278643,-6.039752129637395,0.49393051117658615,-0.29273537918291975,"Jacob Melton",31661,689200
"Jace Jung","DET",21,55,0,8,3,0,0.127272727,0.29090909,0,0.161290322,0.106382978,0.236363636,0.106382978,0.18135991204868662,0.24052002646706322,9.225086535697063,0.22607404924929142,-5.658311332581901,0.8412648290395737,-0.29916546543726197,"Jace Jung",31437,690291
"Carson Williams","TBR",32,106,5,11,12,2,0.056603773,0.415094339,0.181818182,0.24,0.171717171,0.219047619,0.353535353,0.24793647414162046,0.23545960279611441,54.455731452477664,-0.6647685635834932,-6.3547673230471755,-0.24128234386444092,-0.30158679856108417,"Carson Williams",30038,700246
"Travis d'Arnaud","LAA",69,231,6,16,21,0,0.056277056,0.32034632,0.145539906,0.268656716,0.197183098,0.255411255,0.342723004,0.26265415691194083,0.27081772775361035,64.29827203827708,-1.6271905153989792,-11.347358963349107,0.342557430267334,-0.3124784794183591,"Travis d'Arnaud",7739,518595
"Brendan Rodgers","HOU",43,128,2,12,11,0,0.0859375,0.359375,0.086956522,0.294117647,0.191304347,0.265625,0.278260869,0.24632550962269306,0.29553180932998663,54.80355677672033,-0.706274650990963,-7.524742600900782,0.017155349254608154,-0.31737703068373746,"Brendan Rodgers",17907,663898
"Santiago Espinal","CIN",114,328,0,25,16,2,0.06402439,0.115853658,0.03986711,0.275471698,0.242524916,0.292307692,0.282392026,0.2587488084573012,0.25407458965594953,57.9563003876187,0.6947298850864172,-15.649669802254575,1.5941672325134277,-0.3215541926646531,"Santiago Espinal",19997,669289
"Tyler Wade","SDP",60,127,0,13,9,1,0.118110236,0.244094488,0.046728972,0.289473684,0.205607476,0.308943089,0.252336448,0.26244939100451586,0.2469057842967956,69.11006552002608,-0.4010643605142832,-5.050657093652797,-2.343056797981262,-0.3241662546699506,"Tyler Wade",15730,642180
"Jorge Soler","LAA",82,315,12,31,34,0,0.088888888,0.298412698,0.172043011,0.272727272,0.215053763,0.29299363,0.387096774,0.2977366257625021,0.2944012052693944,88.46527191800769,-0.5880102589726448,-4.8704423972640045,-9.19987177848816,-0.3303186269235902,"Jorge Soler",14221,624585
"Bob Seymour","TBR",26,83,1,9,5,1,0.048192771,0.385542168,0.076923077,0.333333333,0.205128205,0.253012048,0.282051282,0.23895556668201126,0.23647949494511247,48.26912040122107,0.01172042265534401,-5.0488623202474265,-1.1008372902870178,-0.3369125027992101,"Bob Seymour",30028,676044
"Oscar Gonzalez","SDP",21,61,0,2,4,0,0.032786885,0.213114754,0.016949152,0.282608695,0.220338983,0.245901639,0.237288135,0.21678312489243803,0.29805896321281056,37.82720460171113,-0.3861970044672489,-4.881142554536172,-0.45922350883483887,-0.33874458391600404,"Oscar Gonzalez",20970,660757
"Tyler O'Neill","BAL",54,209,9,22,26,4,0.105263157,0.244019138,0.193370166,0.217741935,0.198895027,0.291866028,0.392265193,0.29696572801241505,0.3603316086989183,90.55675741847487,-0.9513068571686745,-3.277469126411975,-7.258107900619507,-0.34194241070777587,"Tyler O'Neill",15711,641933
"Nathaniel Lowe","- - -",153,609,18,64,84,1,0.101806239,0.261083743,0.153703704,0.285326086,0.227777777,0.307060755,0.381481481,0.30125996004022915,0.3033896250440585,91.28891612582942,-4.203319604508579,-10.501712705779097,-13.287139058113098,-0.34690551281403936,"Nathaniel Lowe",19566,663993
"Chris Taylor","- - -",58,125,2,15,12,2,0.04,0.336,0.115044248,0.271428571,0.185840707,0.256,0.300884955,0.24974580526351928,0.26984885025024413,55.95829022445114,-0.2062583640217781,-6.712912614342406,-1.0337893962860107,-0.3565171419709436,"Chris Taylor",13757,621035
"Dylan Carlson","BAL",83,241,6,17,20,3,0.087136929,0.22406639,0.133640553,0.240506329,0.202764976,0.278008298,0.336405529,0.27281894649212785,0.28497855791907095,73.92294328804984,-0.6809474471956491,-8.08804712346057,-3.706629514694214,-0.35807828302322836,"Dylan Carlson",20126,666185
"Gio Urshela","ATH",59,197,0,10,20,0,0.065989847,0.203045685,0.08839779,0.302816901,0.23756906,0.287179487,0.32596685,0.2708101581304501,0.2862552545009515,68.27535058165185,-2.0113993268460035,-9.377465779842083,-0.9159776866436005,-0.35942628294324575,"Gio Urshela",10681,570482
"Seth Brown","ATH",38,76,1,6,3,1,0.118421052,0.302631578,0.076923077,0.268292682,0.184615384,0.302631578,0.261538461,0.2651435528930865,0.2954319401791221,64.37183829826087,0.4026254042983055,-2.7887624058486393,-3.369633913040161,-0.3624522982463205,"Seth Brown",18171,664913
"Ryan Mountcastle","BAL",89,357,7,34,35,3,0.042016806,0.274509803,0.117469879,0.326180257,0.25,0.285714285,0.367469879,0.28357769912030517,0.3134901711110319,81.33424534261013,-1.0185230132192373,-8.872440678523178,-7.047066569328308,-0.3716141404241367,"Ryan Mountcastle",18373,663624
"Max Muncy","ATH",63,220,9,17,23,1,0.045454545,0.309090909,0.165048543,0.269230769,0.213592233,0.259090909,0.378640776,0.2767686456441879,0.26663692247922016,72.37992964195858,-0.2325157206505537,-7.394280223964408,-3.837788462638855,-0.3744664886842686,"Max Muncy",29779,691777
"Eric Wagaman","MIA",140,514,9,56,53,4,0.062256809,0.194552529,0.12815126,0.295698924,0.25,0.295719844,0.37815126,0.29319762302279934,0.31534955654925073,85.09391400354646,-1.6521586179733276,-10.73289247249518,-10.068094432353973,-0.3785646777438052,"Eric Wagaman",23395,676572
"Warming Bernabel","COL",40,146,4,15,14,1,0.047945205,0.171232876,0.158273381,0.281818181,0.251798561,0.287671232,0.410071942,0.3013883686228974,0.2746687001195447,78.39295210348884,-1.0177246388047934,-4.756612985960997,-3.8339089155197144,-0.3819394089096344,"Warming Bernabel",26536,682653
"Jorge Barrosa","ARI",33,77,1,8,7,0,0.025974025,0.285714285,0.084507042,0.176470588,0.14084507,0.168831168,0.225352112,0.171335502878412,0.19252434024563084,1.9712410865703136,-0.10957730375230312,-9.055773849034678,2.7520748376846313,-0.3828422042190257,"Jorge Barrosa",23968,678489
"Weston Wilson","PHI",54,125,5,15,17,2,0.096,0.272,0.171171171,0.236111111,0.198198198,0.282258064,0.369369369,0.28779136750005907,0.33027307448848603,81.12099235371086,-1.1807787381112576,-3.9777202268591942,-4.09646737575531,-0.4005951558252957,"Weston Wilson",19358,642215
"Ryan Noda","- - -",23,59,1,3,2,1,0.186440677,0.423728813,0.063829787,0.19047619,0.106382978,0.275862068,0.170212765,0.21054445313555853,0.2445612805230277,29.381334887360477,0.17383455131130177,-4.7368732170580925,-1.2421420812606812,-0.4039636930463866,"Ryan Noda",23312,676116
"Hunter Feduccia","- - -",38,105,0,5,8,1,0.142857142,0.276190476,0.056818182,0.213114754,0.147727272,0.266666666,0.204545454,0.2256308050382705,0.27481002239953906,39.134471524074804,-0.28591601736843586,-7.819421526522695,0.22361395321786404,-0.4077483792857075,"Hunter Feduccia",23372,676439
"Bryan De La Cruz","ATL",16,50,0,1,0,1,0.06,0.36,0.021276596,0.310344827,0.191489361,0.24,0.212765957,0.20771288275718688,0.2452133560180664,27.40422498552515,-0.6885015163570642,-4.990552531961296,-0.7438241094350815,-0.4165003819022892,"Bryan De La Cruz",19600,650559
"Randal Grichuk","- - -",113,293,9,35,27,0,0.058020477,0.208191126,0.172794118,0.258536585,0.227941176,0.273037542,0.400735294,0.28850472116307035,0.32640477402569495,81.52831587934055,0.38926166854798794,-5.995032615742406,-8.008794248104095,-0.42307163782498225,"Randal Grichuk",10243,545341
"Michael Massey","KCR",77,277,3,20,20,2,0.032490974,0.155234657,0.06870229,0.277272727,0.244274809,0.268115942,0.312977099,0.2543848269227622,0.26531982421875,56.763274416389734,-0.9094495214521885,-15.025237947523488,1.3076431807130575,-0.4280453753313189,"Michael Massey",27684,686681
"Jon Berti","CHC",53,107,0,12,2,11,0.046728971,0.205607476,0.02,0.269230769,0.21,0.261682242,0.23,0.2259026732400199,0.2802005443932875,42.12800181760862,0.6508366949856281,-6.688325086850261,-1.0756048560142517,-0.43012323514418693,"Jon Berti",12037,542932
"Johnathan Rodríguez","CLE",31,77,2,6,10,1,0.077922077,0.285714285,0.169014085,0.255319148,0.197183098,0.259740259,0.366197183,0.27263245257464325,0.2821414501636059,73.53464987010211,-0.18906242214143276,-2.5908851161054383,-4.28744113445282,-0.43258870956218687,"Johnathan Rodriguez",22530,671286
"Andrés Chaparro","WSN",34,73,1,4,5,0,0.06849315,0.301369863,0.075757576,0.25,0.181818181,0.246575342,0.257575757,0.22825526456310324,0.253983980988803,41.96742840189708,-0.20506066270172596,-5.226045175322028,-1.4851280599832535,-0.43814776584099435,"Andres Chaparro",21797,665953
"Will Wilson","CLE",34,91,0,7,2,2,0.076923076,0.373626373,0.051282051,0.34090909,0.192307692,0.26744186,0.243589743,0.23577743006307025,0.219114481016647,48.146604108596264,0.17830846272408962,-5.38318166818729,-2.0336287021636963,-0.4383823473519675,"Will Wilson",25434,669717
"Matt Mervis","MIA",42,134,7,15,14,0,0.082089552,0.373134328,0.208333333,0.21875,0.175,0.253731343,0.383333333,0.2740826848754309,0.22324437306339578,71.99956663433669,-0.44524626806378365,-4.892211737260397,-3.8514658212661743,-0.43845669648949614,"Matt Mervis",27845,670223
"Nolan Jones","CLE",136,403,5,34,34,8,0.096774193,0.280397022,0.092957747,0.291666666,0.211267605,0.2960199,0.304225352,0.2703761297865699,0.3004175310757891,71.98035354106455,-1.1664645206183195,-14.47530661227197,-3.7363076210021973,-0.4441395683283267,"Nolan Jones",20529,666134
"Ben Rortvedt","- - -",44,128,1,9,10,0,0.0859375,0.1796875,0.053571428,0.181818181,0.151785714,0.24,0.205357142,0.2105234727859497,0.24041722666832707,30.52906080634668,-0.7065535932779312,-11.193632607859845,2.3985700979828835,-0.45591501859100875,"Ben Rortvedt",20287,666163
"Nick Martini","COL",43,111,1,9,4,0,0.081081081,0.162162162,0.068627451,0.26506024,0.225490196,0.288288288,0.294117647,0.25873002680865204,0.25302370753856973,49.17061606432592,0.4919405169785023,-6.195070374240382,-1.966270387172699,-0.4571674863510599,"Nick Martini",12005,605361
"Robert Hassell III","WSN",70,206,3,22,18,4,0.038834951,0.300970873,0.091370559,0.31060606,0.223350253,0.257281553,0.314720812,0.2517990247138496,0.2727182527867759,58.09566127476531,0.8612580616027117,-9.369796901209098,-1.9672237932682037,-0.4587028715814582,"Robert Hassell III",27482,690987
"Jordan Lawlar","ARI",28,74,0,9,5,2,0.081081081,0.351351351,0.106060606,0.292682926,0.181818181,0.256756756,0.287878787,0.24387363485387853,0.2532286772856841,51.66219432311563,1.4016327783465385,-2.8378498199868805,-4.136590510606766,-0.4616793221632429,"Jordan Lawlar",29976,691783
"Alexander Canario","PIT",87,234,6,25,20,3,0.072649572,0.341880341,0.12037037,0.312977099,0.217592592,0.273504273,0.337962962,0.269562030195171,0.29489967150565904,68.36028923912913,-2.4263328555971384,-11.201240775434274,-1.1183428168296814,-0.4639204092582724,"Alexander Canario",22842,672744
"Braxton Fulford","COL",38,120,1,11,16,1,0.058333333,0.3,0.111111112,0.297297297,0.212962962,0.266666666,0.324074074,0.2582249164581299,0.26169800758361816,48.82459922982045,0.8050299882888794,-6.473383163883914,-2.109639883041382,-0.46967520106826743,"Braxton Fulford",29704,690924
"Jonah Heim","TEX",124,433,11,38,43,3,0.073903002,0.203233256,0.118987342,0.243333333,0.212658227,0.270833333,0.331645569,0.2658568871793924,0.2762692592762135,69.08806935847792,-3.223171256482601,-18.998797249238404,-0.6086480617523193,-0.481307641799807,"Jonah Heim",16930,641680
"Jarred Kelenic","ATL",24,65,2,7,2,0,0.076923076,0.353846153,0.133333334,0.228571428,0.166666666,0.23076923,0.3,0.23585420480141273,0.27230177659254806,46.6819356134627,-0.4458386804908514,-4.553379965062094,-2.3644793033599854,-0.4865260317650103,"Jarred Kelenic",22558,672284
"Everson Pereira","TBR",23,73,2,7,8,2,0.09589041,0.383561643,0.107692308,0.194444444,0.138461538,0.219178082,0.246153846,0.21180287207642648,0.24243357410169628,29.56464523834979,0.023231783881783485,-6.036956833061126,-1.3281419426202774,-0.4964773526576662,"Everson Pereira",23695,677592
"James Outman","- - -",59,148,6,19,11,1,0.081081081,0.425675675,0.186567164,0.184615384,0.134328358,0.216216216,0.320895522,0.23719823038255847,0.26549336072560903,47.618158844308184,1.1212321445345879,-8.034255766867979,-1.8691640049219131,-0.4972406727909511,"James Outman",24770,681546
"Lane Thomas","CLE",39,142,4,10,11,4,0.098591549,0.309859154,0.112,0.202531645,0.16,0.246478873,0.272,0.23528394019100027,0.24319439202966825,47.80665740388274,-0.06416191719472408,-8.799425825015016,-1.1878622472286224,-0.5217814309175679,"Lane Thomas",16939,657041
"Jorge Mateo","BAL",43,83,1,9,3,15,0.048192771,0.361445783,0.088607595,0.270833333,0.177215189,0.216867469,0.265822784,0.2138875112476119,0.2056725053902132,33.32728297311783,2.385657334700227,-4.1366133830132945,-3.8335566222667694,-0.5231694070167351,"Jorge Mateo",17273,622761
"Jason Heyward","SDP",34,95,2,9,12,0,0.063157894,0.210526315,0.094117647,0.196969696,0.176470588,0.223404255,0.270588235,0.2173835020116035,0.24479615816506006,38.23848223652579,-0.20847399346530437,-7.162491363162181,-1.1333900466561317,-0.5253960746339611,"Jason Heyward",4940,518792
"Jack Suwinski","PIT",59,178,3,15,10,7,0.13483146,0.320224719,0.106666667,0.211111111,0.146666666,0.280898876,0.253333333,0.2500451173486009,0.3075781518762762,54.990576273420956,1.1089670490473509,-8.386529070076007,-2.787129044532776,-0.5372997785612762,"Jack Suwinski",22244,669261
"Tim Elko","CHW",23,72,4,6,8,1,0.069444444,0.416666666,0.19402985,0.151515151,0.134328358,0.194444444,0.328358208,0.2276193673412005,0.24274539947509766,41.085065165482234,0.20618453808128834,-4.793360360563884,-2.9695253372192383,-0.5406973634929337,"Tim Elko",31522,671284
"Nick Castellanos","PHI",147,589,17,72,72,4,0.054329371,0.225806451,0.149908592,0.297766749,0.250457038,0.293718166,0.40036563,0.30037709336936574,0.3021466906675894,89.74261933234901,-1.8186162281781435,-8.979159502751937,-16.248475074768066,-0.5761689636064313,"Nick Castellanos",11737,592206
"David Fry","CLE",66,157,8,16,23,1,0.05732484,0.369426751,0.191780822,0.2125,0.171232876,0.229299363,0.363013698,0.25761855256025956,0.20548206720596704,63.192136024013635,0.3897259533405304,-6.421304821327528,-4.645061492919922,-0.5793631823626377,"David Fry",24934,681807
"MJ Melendez","KCR",23,65,1,5,1,0,0.046153846,0.353846153,0.083333333,0.111111111,0.083333333,0.153846153,0.166666666,0.15115520862432627,0.20754337310791016,-14.347746407990586,-0.0003834869712591171,-8.760573802758735,0.7655220627784729,-0.5891008684676718,"MJ Melendez",22197,669004
"Riley Adams","WSN",83,286,8,29,24,1,0.062937062,0.384615384,0.121673003,0.28275862,0.186311787,0.251748251,0.30798479,0.24997270899219112,0.27516819468715736,56.844576270938774,-0.26399196684360504,-14.892351441314487,-0.44559305906295776,-0.5957304667087889,"Riley Adams",19864,656180
"Michael Conforto","LAD",138,486,12,54,36,1,0.115226337,0.248971193,0.133971292,0.246527777,0.198564593,0.304526748,0.332535885,0.28747736303894605,0.3295812862435567,83.02554549659959,-1.4910528138279915,-11.268518524873816,-10.786210060119629,-0.602149085308786,"Michael Conforto",16376,624424
"Drew Waters","KCR",71,219,1,21,14,5,0.05022831,0.273972602,0.072815534,0.337931034,0.242718446,0.287671232,0.31553398,0.2678058825127066,0.26513749223700317,66.00853734841552,-0.8134324308484793,-9.5872084300515,-3.862764596939087,-0.6049072898277693,"Drew Waters",20505,671221
"Triston Casas","BOS",29,112,3,5,11,0,0.098214285,0.241071428,0.121212122,0.217391304,0.181818181,0.276785714,0.303030303,0.25568022457036105,0.3042345567183061,56.476249147687,-0.3994004148989916,-6.144756004778948,-3.749515652656555,-0.6179076019352582,"Triston Casas",22514,671213
"Christian Encarnacion-Strand","CIN",36,137,6,13,19,0,0.02189781,0.233576642,0.169230769,0.223404255,0.207692307,0.233576642,0.376923076,0.26096325025071193,0.2750154202871949,59.47326423276761,-0.8299095816910267,-7.410371766509439,-3.2364999055862427,-0.6229653856263546,"Christian Encarnacion-Strand",30011,687952
"Ronny Simon","- - -",27,88,0,10,7,1,0.09090909,0.170454545,0.038961039,0.28125,0.233766233,0.298850574,0.272727272,0.2588940605349924,0.2948538462320964,61.5457590786935,0.9329451154917479,-3.077763591332957,-6.013713955879211,-0.6306232520590715,"Ronny Simon",25346,682927
"Endy Rodríguez","PIT",18,57,0,5,2,0,0.087719298,0.245614035,0.076923077,0.236842105,0.173076923,0.245614035,0.25,0.2259147710967482,0.249375547681536,38.460513056629004,-1.1685804538428783,-5.325991184246178,-2.8685619942843914,-0.6443794944469977,"Endy Rodriguez",25332,682848
"Mark Canha","KCR",46,125,1,9,6,0,0.056,0.192,0.053097345,0.255555555,0.21238938,0.272,0.265486725,0.24358860969543458,0.267962646484375,49.32616440153404,-0.5212985761463642,-7.9869269203542075,-2.6878716945648193,-0.6519866816179618,"Mark Canha",11445,592192
"Kevin Newman","LAA",57,116,2,13,11,1,0.008620689,0.198275862,0.070175439,0.235955056,0.201754385,0.208695652,0.271929824,0.20900705897289773,0.21812613114066745,27.34279393428931,0.33734964579343796,-9.596309586531769,-0.9047167301177979,-0.6659004750787815,"Kevin Newman",17696,621028
"Abraham Toro","BOS",77,284,7,33,27,2,0.049295774,0.147887323,0.131274131,0.255813953,0.239382239,0.288732394,0.37065637,0.28593919744761165,0.3020928588435844,77.32052316386951,-2.6035458352416754,-10.194982045331614,-6.203439950942993,-0.677677537595174,"Abraham Toro",19844,647351
"Tyler Locklear","ARI",31,116,3,11,6,3,0.086206896,0.370689655,0.087378641,0.263157894,0.174757281,0.267241379,0.262135922,0.2450871190120434,0.25243650633713294,52.493469997226626,-0.046998776495456696,-6.578387086693835,-3.914920449256897,-0.6787370601868545,"Tyler Locklear",31396,682988
"Jeimer Candelario","CIN",22,91,2,3,10,0,0.098901098,0.318681318,0.1,0.137254901,0.1125,0.197802197,0.2125,0.18916598519126138,0.21306976905235878,10.289828660045021,-0.30224934592843056,-9.977835497270684,0.2719549536705017,-0.6832724809366278,"Jeimer Candelario",13621,600869
"Joshua Palacios","CHW",51,145,3,11,9,0,0.08275862,0.248275862,0.1015625,0.258426966,0.203125,0.291666666,0.3046875,0.27133777861793834,0.2985540536733774,71.20104259476264,-0.6601279471069574,-5.581852931466191,-6.153910875320435,-0.690108088963608,"Joshua Palacios",19818,641943
"Jonah Bride","- - -",45,125,0,7,5,0,0.088,0.312,0.017857143,0.256756756,0.169642857,0.248,0.1875,0.20275782096770503,0.2233230067837623,23.096935400138914,-0.883204985409975,-12.248026710824515,1.2373891472816467,-0.691633278709348,"Jonah Bride",24703,681146
"Connor Wong","BOS",63,188,0,16,7,2,0.085106382,0.223404255,0.047619048,0.25,0.19047619,0.262032085,0.238095238,0.2298354793359889,0.2659893446071174,38.672771358502075,-0.9967284481972456,-14.585611580482567,1.3415790051221848,-0.693001349133906,"Connor Wong",19896,657136
"Mickey Gasper","MIN",45,110,2,15,11,2,0.09090909,0.181818181,0.073684211,0.175675675,0.157894736,0.256880733,0.231578947,0.2293339502920798,0.235524343788077,41.76543521289817,0.15085039474070072,-7.399134698558886,-3.413673311471939,-0.718928227066304,"Mickey Gasper",24759,681508
"Sean Bouchard","COL",32,73,1,7,7,1,0.09589041,0.369863013,0.075757576,0.263157894,0.166666666,0.246575342,0.242424242,0.22471210074751344,0.22716409866123982,25.867242692648695,-0.2782886028289795,-6.692262963569151,-2.922104835510254,-0.735180902633793,"Sean Bouchard",21270,656248
"Tyler Freeman","COL",110,428,2,50,31,18,0.079439252,0.119158878,0.079575597,0.31707317,0.281167108,0.354460093,0.360742705,0.3194722850837618,0.32525218290441177,90.78101645968604,-2.1924454141408205,-6.868946229143475,-14.661566257476807,-0.745945029210134,"Tyler Freeman",22532,671289
"Yanquiel Fernández","COL",52,147,4,13,11,0,0.054421768,0.299319727,0.123188405,0.296703296,0.224637681,0.265306122,0.347826086,0.2677144112230158,0.24293353459606432,55.32520832683814,-2.029977772384882,-9.81346248044495,-2.4097683429718018,-0.7502070320110039,"Yanquiel Fernandez",28552,692585
"Connor Joe","- - -",42,80,0,2,4,2,0.0875,0.25,0.057142857,0.25,0.185714285,0.2625,0.242857142,0.23140059188008308,0.2760191054283818,40.299235895489076,-1.183294741436839,-6.843915796520541,-3.3894195780158043,-0.7746812960247149,"Connor Joe",16572,656582
"Martín Maldonado","SDP",64,161,4,11,12,0,0.04968944,0.354037267,0.12244898,0.302325581,0.204081632,0.24516129,0.326530612,0.25058783254315775,0.2511678880260837,60.98451650512668,-2.05755902081728,-9.50242827331877,-3.4428718090057373,-0.776428282078712,"Martin Maldonado",6887,455117
"Joc Pederson","TEX",96,306,9,28,26,2,0.111111111,0.2124183,0.147169811,0.203125,0.181132075,0.285245901,0.328301886,0.27629436801691526,0.3148939932140187,76.2780592995955,-0.8170236740261316,-9.37250046065298,-8.795126810669899,-0.7812179079822561,"Joc Pederson",11899,592626
"Leody Taveras","- - -",58,180,3,13,17,9,0.027777777,0.277777777,0.099415205,0.268907563,0.204678362,0.2259887,0.304093567,0.23008879227826826,0.233531345020641,47.159155184732896,0.7655577026307583,-10.444680281944292,-3.3953912556171417,-0.7821550381021262,"Leody Taveras",18900,665750
"Edouard Julien","MIN",64,208,3,13,12,0,0.10576923,0.29326923,0.104395605,0.310924369,0.219780219,0.309178743,0.324175824,0.28557353060026675,0.32908306029683726,80.5067774010295,-1.982725391164422,-6.761533060204637,-8.143914461135864,-0.7925562808378536,"Edouard Julien",27534,666397
"Jacob Amaya","CHW",37,73,0,7,8,2,0.04109589,0.219178082,0.015151515,0.132075471,0.106060606,0.138888888,0.121212121,0.11973378476169375,0.19665496879153782,-33.23327520929706,0.5831734705716372,-10.880086429994911,0.5921944975852966,-0.7955156707822698,"Jacob Amaya",23296,676070
"Logan O'Hoppe","LAA",119,451,19,35,43,2,0.053215077,0.308203991,0.158392435,0.266917293,0.212765957,0.257777777,0.371158392,0.27346640454398263,0.30078945583767364,71.7464247990253,-2.5256646424531937,-17.544025245927617,-5.7870118618011475,-0.7988919340365745,"Logan O'Hoppe",24729,681351
"Oswald Peraza","- - -",106,265,5,24,20,9,0.064150943,0.301886792,0.086065574,0.21875,0.163934426,0.223484848,0.25,0.2139704909288522,0.24826563265840362,32.28451059559483,2.3527119755744934,-18.797098033203344,1.8526732623577118,-0.8004476336317987,"Oswald Peraza",22823,672724
"Will Robertson","- - -",27,75,0,2,9,0,0.026666666,0.36,0.014285714,0.204545454,0.128571428,0.173333333,0.142857142,0.14851632595062256,0.18831810633341473,-13.26832063239347,0.07314108312129974,-9.939353629707796,-0.7726691588759422,-0.8318667043288852,"Will Robertson",25467,683770
"Orlando Arcia","- - -",76,214,3,13,13,0,0.046728971,0.219626168,0.088669951,0.246753246,0.201970443,0.238317757,0.290640394,0.23293054438082972,0.24024344840139714,33.468280074366554,-0.6172843724489212,-17.49201037099198,2.0641087144613266,-0.8500194924834664,"Orlando Arcia",13185,606115
"DaShawn Keirsey Jr.","MIN",74,88,2,11,6,10,0.022727272,0.375,0.071428571,0.142857142,0.107142857,0.137931034,0.178571428,0.1420334810498117,0.173204126029179,-18.372590952400177,0.5609282739460468,-11.71647158867047,0.31366288661956787,-0.8567641521168983,"DaShawn Keirsey Jr.",24496,680577
"Adael Amador","COL",41,128,1,5,10,1,0.0859375,0.2109375,0.088495575,0.223529411,0.17699115,0.256,0.265486725,0.2377469491958618,0.2688837359028478,34.79653308175605,-1.3938662111759186,-11.285655657776376,-1.5093404650688171,-0.8733810606632182,"Adael Amador",27962,691182
"Trey Sweeney","DET",118,326,6,36,32,3,0.079754601,0.282208588,0.094594595,0.257425742,0.195945945,0.257668711,0.29054054,0.24450767735030754,0.24413010817307693,52.72521883682253,-0.6689413525164127,-18.8332846840584,-1.2118306159973145,-0.9028798201646653,"Trey Sweeney",29575,700242
"Alex Verdugo","ATL",56,213,0,21,12,1,0.065727699,0.145539906,0.050761421,0.28313253,0.23857868,0.295774647,0.289340101,0.2642892943301671,0.3062960786639519,66.16088641589307,-1.3596495296806097,-9.902302953974143,-6.300525188446045,-0.9327081323076765,"Alex Verdugo",17027,657077
"Hunter Renfroe","KCR",35,108,0,5,4,0,0.074074074,0.194444444,0.060606061,0.227848101,0.181818181,0.24074074,0.242424242,0.21881747687304462,0.2567683855692546,32.2622580245485,0.06448865681886673,-8.557889097404534,-4.391365647315979,-0.9445563261985825,"Hunter Renfroe",15464,592669
"Anthony Santander","TOR",54,221,6,16,18,0,0.113122171,0.276018099,0.118556701,0.21875,0.175257731,0.271493212,0.293814432,0.2549884156747298,0.2654902544888583,60.79944767388719,-0.9080362617969513,-11.118771958857481,-5.730008363723755,-0.9456049506272552,"Anthony Santander",14551,623993
"Vinny Capra","- - -",47,105,1,10,6,2,0.028571428,0.238095238,0.052083333,0.152777777,0.125,0.156862745,0.177083333,0.1498003993548599,0.21125316619873047,-11.268391023486172,0.2463070247322321,-13.575580151077558,0.7749148905277252,-0.9468486785343422,"Vinny Capra",25040,681962
"Keibert Ruiz","WSN",68,267,2,19,25,0,0.029962546,0.097378277,0.070588235,0.267543859,0.247058823,0.277153558,0.317647058,0.2623011302412226,0.28714058094454886,65.2899413097469,-2.619609124958515,-13.603616482729219,-5.271382927894592,-1.0222907325738924,"Keibert Ruiz",19610,660688
"Kyle Farmer","COL",97,300,8,24,31,0,0.056666666,0.22,0.137184115,0.268292682,0.227436823,0.28,0.364620938,0.28216366449991864,0.2846084441114592,65.22341151090158,-1.4929872192442417,-13.85822399498873,-6.348247289657593,-1.0461862137352564,"Kyle Farmer",14813,571657
"Jhonkensy Noel","CLE",69,153,6,19,13,0,0.02614379,0.339869281,0.135135135,0.197802197,0.162162162,0.183006535,0.297297297,0.20661872352649963,0.20241653841305401,28.060262398607748,-0.13683152245357633,-13.109605606536903,-2.493734300136566,-1.0576380821265534,"Jhonkensy Noel",24257,678877
"Heston Kjerstad","BAL",54,167,4,16,19,1,0.035928143,0.269461077,0.134615384,0.24074074,0.192307692,0.239520958,0.326923076,0.2477956799689881,0.2895819841030829,56.68535144036235,-0.03732314892113209,-8.56290132460209,-8.29850697517395,-1.137054196533998,"Heston Kjerstad",31166,677008
"Jordan Walker","STL",111,396,6,40,41,10,0.073232323,0.318181818,0.09090909,0.310344827,0.214876033,0.277777777,0.305785123,0.26023274841187877,0.27753941016861156,66.00093088909124,-0.4072966556996107,-16.36448672317441,-9.001374244689941,-1.2472759698878595,"Jordan Walker",27475,691023
"Josh Rojas","CHW",69,211,2,14,11,4,0.090047393,0.227488151,0.07936508,0.226950354,0.179894179,0.252380952,0.259259259,0.23226537080038162,0.26313665638799255,44.28552307845098,-2.042065601795912,-15.897593834874588,-4.008693337440491,-1.2936404702404967,"Josh Rojas",19734,668942
"Jacob Stallings","- - -",43,129,0,5,9,0,0.046511627,0.310077519,0.033613445,0.202531645,0.134453781,0.1953125,0.168067226,0.1711901961825788,0.21072518080472946,-6.647331036123474,-1.0122368764132261,-17.287794774756616,-1.2550809532403946,-1.453828259859626,"Jacob Stallings",13723,607732
"LaMonte Wade Jr.","- - -",80,242,2,19,18,1,0.111570247,0.239669421,0.086124402,0.22,0.167464114,0.270833333,0.253588516,0.24142293201829598,0.2812510294894294,52.28974450746653,-1.2197361066937447,-14.874477454479315,-8.451009809970856,-1.5541552138637207,"LaMonte Wade Jr.",18126,664774
"Jac Caglianone","KCR",62,232,7,19,18,1,0.077586206,0.224137931,0.138095238,0.17218543,0.157142857,0.237068965,0.295238095,0.23904945598594074,0.3214546400925209,46.1993112824252,0.12763750739395618,-14.58357249155507,-8.725409984588623,-1.567828743861557,"Jac Caglianone",35041,695506
"Michael Toglia","COL",88,337,11,22,32,3,0.083086053,0.391691394,0.163398693,0.284848484,0.189542483,0.258160237,0.352941176,0.26516476816205836,0.2705210260598056,53.578620833314474,-0.4805346094071865,-19.02191849433425,-13.355992794036865,-2.165530245620461,"Michael Toglia",25845,669911