Name,Team,W,L,SV,G,GS,IP,K/9,BB/9,HR/9,BABIP,LOB%,GB%,HR/FB,vFA (pi),ERA,xERA,FIP,xFIP,WAR,NameASCII,PlayerId,MLBAMID
"Cade Smith","CLE",8,5,16,76,0,73.2,12.705884107478782,2.321267288866316,0.4886878502876455,0.30177514792899407,0.64917127,0.366279069,0.059701492,96.48865439842805,2.932127101725873,2.507430867821359,1.954140680011644,2.65047381812976,2.7134203910827637,"Cade Smith",27867,671922
"Aroldis Chapman","BOS",5,3,32,67,0,61.1,12.472827121305642,2.2010871390539366,0.4402174278107874,0.2,0.87628866,0.385826771,0.052631578,98.4798018292683,1.1739131408287662,2.060281595618892,1.7329622888835388,2.5299048703522624,2.6448545455932617,"Aroldis Chapman",10233,547973
"Garrett Whitlock","BOS",7,3,1,62,0,72,11.3750012053385,3.0000003178914727,0.25000002649095604,0.30409356725146197,0.77306733,0.450867052,0.033333333,,2.2500002384186044,2.7892535095283804,2.176802883324789,3.100474632418242,2.2452890872955322,"Garrett Whitlock",20191,676477
"Adrian Morejon","SDP",13,6,3,75,0,73.2,8.552038265738089,2.0769235788221074,0.2443439504496597,0.23857868020304568,0.68037975,0.53125,0.036363636,96.61758915070564,2.0769235788221074,2.6323855320956833,2.2799324916329784,3.0780638471348434,2.243201494216919,"Adrian Morejon",20039,670970
"Bryan Abreu","HOU",3,4,7,70,0,71,13.30986058515743,3.9295778870464795,0.5070423080059974,0.3092105263157895,0.84577114,0.348387096,0.06557377,97.24713936237374,2.281690386026988,3.412074852127331,2.3886573647535134,2.9808559946208932,2.233285427093506,"Bryan Abreu",16609,650556
"Jhoan Duran","- - -",7,6,32,72,0,70,10.285714565977766,2.4428572094197194,0.3857142962241662,0.3021978021978022,0.80474934,0.650273224,0.083333333,100.55504496850132,2.057142913195553,2.5076996004363172,2.349422011083486,2.5851736651158292,2.1193090081214905,"Jhoan Duran",21029,661395
"David Bednar","- - -",6,5,27,64,0,62.2,12.351065082861016,2.7287236810972013,0.5744681433888844,0.2978723404255319,0.79470199,0.44137931,0.072727272,97.07157921632484,2.2978725735555376,2.848870936380127,2.177689412558647,2.701024502574199,2.049939513206482,"David Bednar",19569,670280
"Mason Miller","- - -",1,2,22,60,0,61.2,15.178380412735248,4.086487034197951,0.7297298275353484,0.23958333333333334,0.76,0.404040404,0.113636363,101.22627401447106,2.6270273791272545,2.5222320814297414,2.2270280883850204,2.273025875917015,2.044782817363739,"Mason Miller",31757,695243
"Edwin Díaz","NYM",6,3,28,62,0,66.1,13.296483431599176,2.849246449628395,0.5427136094530276,0.25984251968503935,0.86092715,0.484375,0.093023255,97.35310407366072,1.6281408283590828,2.489935206540468,2.2758397699061605,2.4913391412466384,2.0127620697021484,"Edwin Diaz",14710,621242
"Robert Suarez","SDP",4,6,40,70,0,69.2,9.688995569000813,2.06698572138684,0.775119645520065,0.2411764705882353,0.72438163,0.362068965,0.084507042,98.6495388215859,2.9712919744935826,3.6462500649818272,2.8767631030334324,3.3283921819659374,1.912063479423523,"Robert Suarez",30115,663158
"Andrés Muñoz","SEA",3,3,38,64,0,62.1,11.983957463717486,4.0427808311336095,0.28877005936668637,0.24817518248175183,0.76687117,0.514705882,0.047619047,98.5158176369863,1.7326203562001183,2.8119916811941903,2.4292539508659985,3.0509606676346346,1.9050965309143066,"Andres Munoz",20373,662253
"Will Vest","DET",6,5,23,64,0,68.2,9.830098543644661,2.883495572802434,0.5242719223277152,0.3131868131868132,0.73979592,0.581521739,0.083333333,96.84275377516778,3.0145635533843627,2.875878297391482,2.7128061585539056,3.0332453386968257,1.7659273147583008,"Will Vest",19769,676684
"Gabe Speier","SEA",4,3,0,76,0,62,11.903229468323945,1.5967746847751632,0.7258066748978015,0.2714285714285714,0.76923077,0.405594405,0.079365079,95.09524802791262,2.612904029632085,2.487513483063781,2.312555419989279,2.830774560574791,1.7029671669006348,"Gabe Speier",17170,642100
"Abner Uribe","MIL",3,2,7,75,0,75.1,10.752213115335186,3.2256639346005556,0.47787613845934157,0.27485380116959063,0.84183673,0.532163742,0.09090909,99.552138671875,1.6725664846076955,2.753989376976583,2.750180540003429,2.9603999769971163,1.6883260011672974,"Abner Uribe",25327,682842
"Griffin Jax","- - -",1,7,0,71,0,64,13.640626626089409,2.812500335276167,0.9843751173466584,0.3624161073825503,0.67867036,0.444444444,0.155555555,97.02672230113636,4.359375519678059,3.2541267727631844,2.5101362437009724,2.1722966591422668,1.6414310485124588,"Griffin Jax",20253,643377
"Grant Taylor","CHW",2,3,6,34,0,34.2,13.240385586693513,3.6346156512491996,0,0.42168674698795183,0.63265306,0.46835443,0,98.65096726190477,4.673077265891828,3.02158362923611,1.4043669604690732,2.293832015024383,1.6239209175109863,"Grant Taylor",33927,691799
"Graham Ashcraft","CIN",8,5,0,62,0,65.1,8.816328246511391,3.4438782212935117,0.275510257703481,0.34196891191709844,0.62084257,0.558510638,0.048780487,,3.994898736700474,3.4557739084406016,2.7218709316515657,3.2914319390329774,1.6137008666992188,"Graham Ashcraft",27552,668933
"Justin Wrobleski","LAD",5,3,2,22,0,55.2,10.83233582421655,1.7784431950206274,0.48502996227835293,0.3333333333333333,0.70723684,0.531034482,0.09090909,96.34935298021236,3.233533081855686,2.843039148004591,2.183040466327058,2.3964068962223646,1.6023401021957397,"Justin Wrobleski",31204,680736
"Trevor Megill","MIL",6,3,30,50,0,47,11.489362634647664,3.2553194131501715,0.5744681317323832,0.29464285714285715,0.75819672,0.392857142,0.069767441,99.07513534813596,2.4893619041736605,3.225334990579315,2.4968383940596945,3.0775786653684936,1.5518964529037476,"Trevor Megill",17722,656730
"Matt Strahm","PHI",2,3,6,66,0,62.1,10.106952696362884,2.8877007703893955,0.7219251925973489,0.2641509433962264,0.75806452,0.211538461,0.054347826,92.19198534366576,2.7433157318699255,2.769807264739996,2.9907512796873177,4.2234789251056295,1.537685751914978,"Matt Strahm",13799,621381
"Phil Maton","- - -",4,5,5,63,0,61.1,11.885871659774555,3.3750005947507993,0.44021746888053903,0.291044776119403,0.75221239,0.444444444,0.069767441,,2.7880439695767474,2.863350219132632,2.5970927451305728,3.0421165822955785,1.5362759828567505,"Phil Maton",18064,664208
"Steven Okert","HOU",3,2,1,67,0,70,10.54285944101812,2.442857675357857,0.7714287395866917,0.2360248447204969,0.72438163,0.233128834,0.064516129,91.99700856264637,2.9571435017489844,2.638615578665973,2.806564818012456,3.7405901112694155,1.480358600616455,"Steven Okert",13580,595345
"Randy Rodríguez","SFG",3,5,4,50,0,50.2,11.901317282892187,1.9539476136091651,0.7105264049487873,0.26785714285714285,0.85253456,0.370689655,0.08,97.45567024886878,1.7763160123719683,2.5568537853895283,2.404873068676089,2.9000106125128013,1.4403460025787354,"Randy Rodriguez",23974,678495
"Jose A. Ferrer","WSN",4,4,11,72,0,76.1,8.371180433778127,1.8864631963443668,0.5895197488576146,0.3377777777777778,0.64948454,0.625570776,0.111111111,96.9155502319336,4.480350091317871,3.5606082313034864,3.030332807298767,3.0876900548326898,1.3798214197158813,"Jose A. Ferrer",24017,678606
"Jack Dreyer","LAD",3,1,4,62,0,68,9.000002019546065,3.0441183301405808,0.5294118835027096,0.24293785310734464,0.77639752,0.365714285,0.047619047,92.61525519722815,2.514706446637871,2.6894676114862275,2.9145480334139915,4.054343913335261,1.3648220300674438,"Jack Dreyer",30249,676263
"Devin Williams","NYY",4,6,18,67,0,62,13.064516932857694,3.6290324813493595,0.7258064962698719,0.2962962962962963,0.55223881,0.446043165,0.094339622,94.06204870975378,4.790322875381155,3.0530043819913417,2.6835233871944224,2.9530747535229307,1.3547265529632568,"Devin Williams",15816,642207
"Ronny Henriquez","MIA",7,1,7,69,0,73,12.082194306296635,3.328767819081726,0.9863015760242151,0.2710843373493976,0.83791209,0.397660818,0.101265822,96.68015579312865,2.2191785460544837,2.9631386004389793,3.1488349512071236,3.3926350825614175,1.3445810079574585,"Ronny Henriquez",24094,678692
"Ben Casparius","LAD",7,4,2,43,0,68,8.205883273616484,2.5147061644953745,0.6617647801303617,0.29850746268656714,0.6625,0.352941176,0.058139534,96.10077166411043,4.367647548860387,3.2161906122300246,3.2380775062270657,4.232042045281156,1.3070119619369507,"Ben Casparius",30085,676508
"Tyler Rogers","- - -",4,6,0,81,0,77.1,5.586207263960165,0.8146552259941907,0.4655172719966804,0.2594142259414226,0.78947368,0.620833333,0.09090909,,1.9784484059858918,2.6673093923944133,2.8765156115419654,3.081298338600654,1.3047574162483215,"Tyler Rogers",15541,643511
"Kyle Leahy","STL",4,2,1,61,0,85,8.36470738394477,2.964706414562704,0.5294118597433399,0.3070539419087137,0.75247525,0.436213991,0.061728395,95.42867148042929,3.1764711584600396,4.526568821566747,3.064548070241009,3.76902919080438,1.2948615550994873,"Kyle Leahy",24763,681517
"Brendon Little","TOR",4,2,1,79,0,68.1,11.985369422092173,5.926831032902723,0.26341471257345433,0.2967741935483871,0.72668113,0.589743589,0.054054054,95.36256917317708,3.029269194594725,3.3596687892864505,2.9156240577289085,3.3699318219773935,1.2618151903152466,"Brendon Little",21574,663893
"Shawn Armstrong","TEX",4,2,9,69,0,70,8.742859048649171,2.442857675357857,0.5142858263911277,0.2023121387283237,0.77054795,0.367231638,0.049382716,93.64576380461165,2.1857147621622928,3.0839046413966593,3.0065648616090055,4.047720581396623,1.260509729385376,"Shawn Armstrong",12857,542888
"Jimmy Herget","COL",1,2,0,59,0,83.1,8.74800133483907,2.8080004284668623,0.6480000988769682,0.2907488986784141,0.83850932,0.359307359,0.058252427,93.00575206043956,2.484000379028378,3.3087551993308946,3.3151363456726117,4.284726286706348,1.2502537965774536,"Jimmy Herget",17556,623474
"Jason Adam","SDP",8,4,0,65,0,65.1,9.642857893562931,3.4438778191296184,0.5510204510607389,0.27380952380952384,0.82872928,0.423529411,0.055555555,94.67942655617409,1.9285715787125863,2.753047491535503,3.073911823644483,3.9770531796468513,1.2452008724212646,"Jason Adam",11861,592094
"Kyle Finnegan","- - -",4,4,24,56,0,57,8.684211688689073,2.8421056435709695,0.6315790319046599,0.271523178807947,0.68493151,0.490066225,0.078431372,96.41057817254057,3.473684675475629,3.1512266638156476,3.1175924562094357,3.5847627828541424,1.225785255432129,"Kyle Finnegan",15009,640448
"Brad Keller","CHC",4,2,3,67,0,68.2,9.567962582480805,2.883495572802434,0.5242719223277152,0.24404761904761904,0.81602374,0.564705882,0.08,,2.097087689310861,2.7857202201684177,2.9895052286713106,3.3548494440528724,1.212860345840454,"Brad Keller",15734,641745
"Reid Detmers","LAA",5,3,3,61,0,63.2,11.308901652880529,3.5340317665251653,0.8481676239660397,0.33986928104575165,0.7310705,0.445859872,0.122448979,95.97306495221328,3.958115578508185,3.601541603035342,3.1194295103555643,3.080872853493719,1.2086458206176758,"Reid Detmers",27468,672282
"Dennis Santana","PIT",4,5,16,70,0,70.1,7.677725673709936,2.1753556075511487,0.6398104728091614,0.21081081081081082,0.80701754,0.384210526,0.058139534,94.66415810751748,2.1753556075511487,3.5048166614281033,3.2062263707411387,4.167215744582492,1.169145107269287,"Dennis Santana",17878,642701
"Louis Varland","- - -",4,3,0,73,0,70.2,9.169812640756952,2.801887195786846,0.7641510533964126,0.31382978723404253,0.76923077,0.534031413,0.130434782,98.11475542396497,3.0566042135856506,4.123164055219603,3.2200419908063886,3.119853417146643,1.1248025819659233,"Louis Varland",27691,686973
"Aaron Ashby","MIL",5,2,3,42,0,64.2,10.15979541264098,3.340206711005254,0.41752583887565675,0.31875,0.84832905,0.625,0.083333333,96.838974609375,2.2268044740035027,3.1960838190935457,2.7794661591645613,3.034661281771507,1.1216909885406494,"Aaron Ashby",23550,676879
"Caleb Thielbar","CHC",3,4,1,67,0,58,8.68965745851121,2.017241910011531,0.775862273081358,0.22602739726027396,0.77272727,0.406666666,0.073529411,92.85423344017094,2.6379317284766173,2.4802919296072687,2.997205247436768,3.684072211002059,1.1103848218917847,"Caleb Thielbar",10078,573204
"Josh Hader","HOU",6,2,28,48,0,52.2,12.98734239927569,2.734177347215935,1.3670886736079675,0.20192307692307693,0.86592179,0.212962962,0.123076923,,2.0506330104119512,1.9958071190069766,3.2490603743407847,3.1771563606468054,1.0994247198104858,"Josh Hader",14212,623352
"Emmanuel Clase","CLE",5,3,24,48,0,47.1,8.936620678605703,2.281690386026988,0.380281731004498,0.3235294117647059,0.70945946,0.459854014,0.045454545,,3.232394713538233,3.1319667725599163,2.712601061535123,3.596471505476475,1.0967930555343628,"Emmanuel Clase",21032,661403
"Carlos Estévez","KCR",4,5,42,67,0,66,7.363637214849901,3.0000003467907006,0.6818182606342501,0.23369565217391305,0.7761194,0.25,0.051546391,96.07490479390681,2.4545457382833007,3.6854283556531477,3.665439409811204,4.94648067206332,1.0929597616195679,"Carlos Estevez",14542,608032
"Bennett Sousa","HOU",5,1,4,44,0,50.2,10.480264472994612,2.6644740185579523,0.7105264049487873,0.2727272727272727,0.73275862,0.387096774,0.075471698,95.00707097457627,2.842105619795149,2.880453464959033,2.7206625819866614,3.3070873335491378,1.091772198677063,"Bennett Sousa",21345,656986
"Tony Santillan","CIN",1,5,7,80,0,73.2,9.162897192893352,3.5429869145854296,0.8552037380033796,0.24864864864864866,0.82901554,0.361702127,0.093333333,96.1928515625,2.4434392514382273,4.337801805621876,3.718846806050364,4.05319683334595,1.0528761148452759,"Tony Santillan",19926,663574
"Sean Newcomb","- - -",2,2,2,43,0,70,8.228572325414639,2.5714288516920747,0.5142857703384149,0.29896907216494845,0.80845771,0.469387755,0.06557377,93.61299666890338,2.1857145239382634,3.8212942200339897,3.0779934548358527,3.678652066051974,1.0505903251469135,"Sean Newcomb",16943,656794
"Jeremiah Estrada","SDP",4,5,3,77,0,73,13.315071276326904,3.328767819081726,1.4794523640363226,0.2987012987012987,0.8005618,0.359756097,0.142857142,97.91346153846153,3.452055516084753,2.7525750192203016,3.546095308216877,3.1831651288314844,1.0448246002197266,"Jeremiah Estrada",22210,669093
"Emilio Pagán","CIN",2,4,32,70,0,68.2,10.616505247560713,2.8834952524238977,1.3106796601926807,0.2,0.76470588,0.286585365,0.107526881,95.71937117737004,2.8834952524238977,2.884330498141222,3.7176606116257567,3.9125405646087312,1.0349700450897217,"Emilio Pagan",14771,641941
"Braydon Fisher","TOR",7,0,0,51,0,48.2,11.28082427577696,3.328767819081726,0.36986309100908066,0.23853211009174313,0.84415584,0.363636363,0.039215686,95.54633817616958,1.8493154550454032,3.0567205256062335,2.45705398469014,3.538465958427394,1.0330324172973633,"Braydon Fisher",24609,680755
"Justin Wilson","BOS",4,1,0,61,0,48.1,10.613796733444675,3.7241392047174298,0.5586208807076145,0.36,0.72948328,0.46031746,0.068181818,94.5666439318783,3.351725284245687,3.6031215632101805,2.9489293579709157,3.5455474210040476,1.0215709209442139,"Justin Wilson",4301,458677
"Raisel Iglesias","ATL",4,6,29,70,0,67.1,9.7574264796362,2.138614022933962,1.069307011466981,0.25748502994011974,0.76124567,0.304597701,0.09090909,94.83298498376624,3.2079210344009423,3.124050026451968,3.313354153451284,3.783746164755102,0.9988003373146057,"Raisel Iglesias",17130,628452
"Matt Svanson","STL",4,0,0,39,0,60.1,10.1436479053294,2.9834258545086474,0.44751387817629706,0.2158273381294964,0.81439394,0.421428571,0.057692307,96.5569356282552,1.9392268054306208,3.0843252437618975,2.7207716161916973,3.4031547727085174,0.9913101196289062,"Matt Svanson",29629,694335
"Alex Vesia","LAD",4,2,5,68,0,59.2,12.067041934934249,3.3184365321069187,1.357542217680103,0.23140495867768596,0.83657588,0.285714285,0.132352941,92.68598533163265,3.016760483733562,3.0653249624566623,3.7720079758838727,3.5681801080912945,0.9717240929603577,"Alex Vesia",25007,681911
"Tyler Alexander","- - -",4,12,1,47,0,80.1,7.506224898082278,2.3526973561153413,0.8962656594725109,0.3319672131147541,0.63126253,0.35510204,0.08,91.02386989363704,4.92946112709881,4.440543780405906,3.5832691479430427,4.20784097830084,0.9711256921291351,"Tyler Alexander",17735,641302
"Pete Fairbanks","TBR",4,5,27,61,0,60.1,8.801105714332683,2.685083099287937,1.04419898305642,0.2389937106918239,0.77490775,0.451219512,0.109375,97.27475247524752,2.8342543825817113,3.080291806302471,3.632373929186035,3.7595228263169185,0.965918779373169,"Pete Fairbanks",17998,664126
"Hoby Milner","TEX",3,4,0,73,0,70.1,7.421803094743656,2.6872045687864965,0.6398106116158324,0.30434782608695654,0.66666667,0.526570048,0.073529411,88.02061222484276,3.838863669694995,3.7926009016758657,3.39106056285312,3.957481675600454,0.9622408747673035,"Hoby Milner",13346,571948
"Daniel Palencia","CHC",1,6,22,54,0,52.2,10.424051891284881,2.7341775452550507,0.8544304828922034,0.29770992366412213,0.78181818,0.388059701,0.096153846,99.58150478369384,2.9050636418334914,3.2530750220122884,3.0781742860139736,3.366220732862064,0.9513782262802124,"Daniel Palencia",27914,694037
"Carmen Mlodzinski","PIT",4,4,0,22,0,50.1,9.476822149700862,1.9668876159756505,0.5364238952660866,0.30597014925373134,0.81784387,0.54887218,0.083333333,96.4070022170608,2.1456955810643463,2.7196861130965924,2.6384475262937443,2.9663140892120032,0.950468122959137,"Carmen Mlodzinski",27572,669387
"Tyler Kinley","- - -",6,3,3,73,0,72.2,9.041285432034332,4.087156428179903,0.7431193505781643,0.24352331606217617,0.66997519,0.329949238,0.064516129,95.17169886997767,3.9633032030835427,3.5122081038417634,3.685595096412835,4.585344138327666,0.9252489507198334,"Tyler Kinley",18297,641755
"Jared Koenig","MIL",6,1,2,72,0,66,9.272728344625802,2.7272730425370004,0.8181819127611002,0.3,0.82644628,0.459770114,0.085714285,95.76968587239584,2.8636366946638505,2.824113274439354,3.347257554848554,3.8006174865830937,0.8920438885688782,"Jared Koenig",27517,657649
"JoJo Romero","STL",4,6,8,65,0,61,8.114756128218886,4.278689594879049,0.29508204102614133,0.2694610778443114,0.75797872,0.545454545,0.04,94.29938375538794,2.065574287182989,3.4851863338515994,3.282677338719858,4.120168789848258,0.8846464157104492,"JoJo Romero",19574,668941
"Justin Topa","MIN",1,5,4,53,0,59,7.322034845130383,2.7457630669238937,0.305084785213766,0.33157894736842103,0.66508314,0.484210526,0.041666666,,3.8135598151720744,4.397500672824265,3.067339699270395,3.880958230076407,0.8744929432868958,"Justin Topa",15145,623437
"Seranthony Domínguez","- - -",4,4,2,67,0,62.2,11.345746867902132,5.170213762588313,0.7180852448039324,0.2805755395683453,0.69333333,0.430555555,0.096153846,97.65612537591527,3.1595750771373026,3.2439825329455725,3.470242765781956,3.7123243715313956,0.8665728271007538,"Seranthony Dominguez",19249,622554
"Edwin Uceta","TBR",10,3,1,70,0,76,12.197369645507175,3.1973687420261525,1.3026317097143585,0.29651162790697677,0.78431373,0.316666666,0.1375,93.88512936487854,3.789474064623588,3.871023809312255,3.6877679526310607,3.4290724685504466,0.8615763783454895,"Edwin Uceta",20539,670955
"Lucas Erceg","KCR",8,4,2,61,0,61.1,7.043479283049935,2.641304731143726,0.586956606920828,0.2857142857142857,0.80965909,0.528089887,0.076923076,97.77927667025862,2.641304731143726,3.833246306258119,3.493832022436182,3.9531328125046743,0.8593595623970032,"Lucas Erceg",19360,668674
"Hunter Gaddis","CLE",2,2,3,73,0,66.2,9.855001503753892,2.8350004325867357,1.080000164794947,0.29239766081871343,0.81395349,0.369318181,0.105263157,94.7205061239193,3.1050004737854726,3.614059421654575,3.495136373138436,3.6927192221529626,0.8445630073547363,"Hunter Gaddis",25636,683769
"Andrew Kittredge","- - -",4,3,5,54,0,53,10.867925701637164,1.8679247299688875,1.1886793736165648,0.2698412698412698,0.71090047,0.492424242,0.159090909,,3.3962267817616136,2.7779116467246507,3.059664611945418,2.622617958174829,0.8223144859075546,"Andrew Kittredge",12828,552640
"Matt Festa","CLE",5,4,0,63,0,54.2,9.21951519740995,2.469512999306237,0.6585367998149965,0.273972602739726,0.59931507,0.406896551,0.074074074,91.9136379076087,4.115854998843727,3.46070948909356,3.1351363182067873,3.7068546080224354,0.8067736029624939,"Matt Festa",19330,670036
"Caleb Ferguson","- - -",5,4,0,70,0,65.1,7.025512186749647,3.0306131001665144,0.2755102818333195,0.2751322751322751,0.69444444,0.486631016,0.039215686,93.9823669619111,3.5816336638331534,3.468720334182453,3.2575853323549286,4.063126963582366,0.8028489202260971,"Caleb Ferguson",19349,657571
"Fernando Cruz","NYY",3,4,2,49,0,48,13.500003218651585,4.500001072883862,0.9375002235174712,0.2916666666666667,0.73584906,0.37,0.135135135,93.89872472426471,3.5625008493663906,3.3996578057680096,3.176802994807564,3.0110603437788948,0.776668131351471,"Fernando Cruz",7048,518585
"Matt Brash","SEA",1,3,4,53,0,47.1,11.02817108791506,3.4225358548701914,0.760563523304487,0.3162393162393162,0.83032491,0.547008547,0.121212121,95.75521047491776,2.4718314507395824,3.251436361537557,3.050629260061844,3.026912299015001,0.7659394145011902,"Matt Brash",25756,666374
"Brooks Raley","NYM",3,1,0,30,0,25.2,8.766235286258029,2.103896468701927,0,0.21212121212121213,0.68181818,0.333333333,0,,2.454545880152248,2.3676747183755102,2.1221491295725263,3.8641146314540022,0.7603611946105957,"Brooks Raley",10061,548384
"Tommy Nance","TOR",2,0,0,30,0,31.2,9.094738668088144,1.9894740836442815,0,0.29069767441860467,0.66666667,0.529411764,0,,1.9894740836442815,3.874319702261334,1.8719781698612117,2.845708458914936,0.7562869191169739,"Tommy Nance",19178,667297
"Luis García","- - -",2,2,2,58,0,55.1,7.80723003698114,4.22891627003145,0.32530125154088085,0.3375796178343949,0.74168798,0.496815286,0.046511627,96.82970832375919,3.4156631411792486,4.461098755573167,3.279714652224957,4.00793386289119,0.746558241546154,"Luis Garcia",6984,472610
"Janson Junk","MIA",1,0,1,5,0,22.2,7.941176693332243,0.7941176693332243,0,0.31343283582089554,0.69565217,0.424242424,0,94.21499930862832,2.779411842666285,4.952135323365476,1.6351362761329191,2.9954945332263,0.7446563839912415,"Janson Junk",23301,676083
"Cole Sands","MIN",4,6,3,66,0,67,8.059702410308201,2.552239096597597,0.8059702410308202,0.2916666666666667,0.58746736,0.440414507,0.08,95.07404057017544,4.701493072679784,3.975570514916886,3.5381214387221975,4.0997699893883,0.7420674562454224,"Cole Sands",21461,663485
"Gregory Soto","- - -",1,5,1,70,0,60.1,10.441992471428962,3.5801117044899295,0.596685284081655,0.3411764705882353,0.70021882,0.438596491,0.071428571,97.30745567908654,4.176796988571585,3.834721940779815,3.416904369023124,3.986032764726568,0.7365852892398834,"Gregory Soto",19677,642397
"Garrett Cleavinger","TBR",2,6,2,67,0,61.1,12.032611190259185,2.641304895422748,1.320652447711374,0.2440944881889764,0.91603053,0.443609022,0.1875,97.0595703125,2.347826573709109,3.2193198313261386,3.5916581519835584,2.8906279051804726,0.7246436476707458,"Garrett Cleavinger",17897,664076
"Orion Kerkering","PHI",8,4,4,69,0,60,9.750001239776768,4.050000514984196,0.9000001144409325,0.29878048780487804,0.74742268,0.420118343,0.092307692,97.38279073816156,3.3000004196167527,3.6433302279574025,3.8184697384304584,4.188687376533484,0.7070420384407043,"Orion Kerkering",31776,689147
"Reed Garrett","NYM",3,6,3,57,0,54.1,10.269941053786262,4.3067494741684325,0.8282210527246985,0.2978723404255319,0.70149254,0.4,0.102040816,98.08627801192434,3.975461053078553,3.551113033029674,3.540044388427751,3.7341283557805927,0.7032932639122009,"Reed Garrett",16866,657585
"Bryan King","HOU",5,4,2,68,0,68,9.132354990421742,1.4558826796324515,1.3235297087567741,0.27624309392265195,0.8852459,0.409574468,0.144927536,91.93592201791158,2.779412388389226,3.059176938237541,3.67925408736235,3.3319012553129337,0.7030428051948547,"Bryan King",25890,687911
"Juan Mejia","COL",2,2,1,55,0,61.1,9.978261697044513,3.668478565089895,0.8804348556215748,0.2948717948717949,0.65683646,0.403726708,0.092307692,96.6088873959778,3.9619568502970863,2.9824150127435054,3.705788539442993,4.067957952003874,0.6919631958007812,"Juan Mejia",23237,675848
"Brock Stewart","- - -",2,2,0,43,0,37.2,10.513276643206105,3.106195371856349,0.7168143165822344,0.30526315789473685,0.84821429,0.37113402,0.0625,96.21346881200397,2.628319160801526,2.7296901275372463,3.1882336749906566,4.117529996873937,0.6844536438584328,"Brock Stewart",16727,592779
"Tanner Banks","PHI",6,2,1,68,0,65.1,8.127551653145899,1.653061353182217,1.2397960148866627,0.25280898876404495,0.79044118,0.357142857,0.116883116,92.51896195347534,3.168367593599249,3.8086631332696967,3.716769016548678,3.7430025987825126,0.6823107600212097,"Tanner Banks",16990,621383
"Greg Weissert","BOS",6,6,4,72,0,67,7.656717289792791,2.8208958436078704,0.8059702410308202,0.2670157068062827,0.74380165,0.413265306,0.075949367,94.20535714285714,2.8208958436078704,3.4215405640240535,3.672449812227334,4.326142511571337,0.680756688117981,"Greg Weissert",20375,669711
"Aaron Bummer","ATL",3,2,0,40,0,50,8.100002471924583,2.880000878906518,0,0.3146853146853147,0.70422535,0.563380281,0,91.53753046158256,3.0600009338381757,3.6305166078697337,2.8951362449645774,3.696840933318593,0.6761346459388733,"Aaron Bummer",16258,607481
"Manuel Rodríguez","TBR",1,2,0,31,0,30.1,7.417583194940503,1.7802199667857208,0.5934066555952403,0.27586206896551724,0.79470199,0.602272727,0.1,96.92884347098214,2.076923294583341,3.0680689579919314,3.036235208940914,3.1956237848499285,0.6747832298278809,"Manuel Rodriguez",20794,655889
"Isaac Mattson","PIT",3,3,0,44,0,47.2,8.496504629775979,3.587413065905413,0.755244855980087,0.2421875,0.83333333,0.271317829,0.05479452,93.72649846311475,2.4545457819352827,3.3107352126647416,3.6596119126374034,4.9298282354867595,0.6412584185600281,"Isaac Mattson",20385,676755
"Brenan Hanifee","DET",3,3,0,54,0,60,6.000001144409398,2.1000004005432893,0.45000008583070483,0.30845771144278605,0.65104167,0.558823529,0.058823529,96.19733476216814,3.000000572204699,4.1311007938943245,3.251803007125859,3.912281550677503,0.6386138796806335,"Brenan Hanifee",22304,669724
"Shelby Miller","- - -",4,3,10,48,0,46,10.565218048420245,2.934782791227846,0.978260930409282,0.25925925925925924,0.77777778,0.339285714,0.102040816,95.19647642623546,2.7391306051459896,3.5031916402249688,3.4394841632230078,3.66872823019703,0.6360309440642595,"Shelby Miller",10197,571946
"Steven Matz","- - -",4,2,2,51,0,67.2,6.384237952828514,1.4630545308565344,1.0640396588047523,0.2815533980582524,0.72271386,0.466346153,0.109589041,,3.325123933764851,3.6017448472994036,3.8297177621487783,3.956027693000656,0.6230328977108002,"Steven Matz",13361,571927
"Camilo Doval","- - -",4,3,16,69,0,65.1,9.918368408651279,4.821429087538816,0.5510204671472932,0.2865853658536585,0.65947242,0.536144578,0.088888888,98.18769939095128,3.581633036457406,3.5428417574260735,3.4718710481301334,3.737864992405837,0.6219439432024956,"Camilo Doval",21992,666808
"Ryan Walker","SFG",5,7,17,68,0,61.1,8.80434910381242,2.641304731143726,0.586956606920828,0.3181818181818182,0.67164179,0.494318181,0.085106382,,4.108696248445796,3.8330535370727894,3.2981798201292394,3.63179532172992,0.619860053062439,"Ryan Walker",20423,676254
"Kenley Jansen","LAA",5,4,29,62,0,59,8.694915816414772,2.8983052721382574,1.2203390619529506,0.19463087248322147,0.85152838,0.272727272,0.087912087,,2.59322050665002,3.729464883042353,3.9825940001185582,4.597819084749077,0.6144520044326782,"Kenley Jansen",3096,445276
"Félix Bautista","BAL",1,1,19,35,0,34.2,12.980770183032856,5.971154284195114,0.7788462109819714,0.19696969696969696,0.83333333,0.507246376,0.12,,2.5961540366065714,2.8349859493801253,3.365905565905149,3.3527368015697725,0.6101017594337463,"Felix Bautista",20666,642585
"Mark Leiter Jr.","NYY",6,7,2,59,0,48.1,10.0551750591344,3.1655180741719406,0.9310347276976296,0.37410071942446044,0.66197183,0.454545454,0.1,93.38610076904297,4.841380584027674,3.733669796463877,3.548929530516845,3.7990047495430077,0.5963972210884094,"Mark Leiter Jr.",15551,643410
"Mike Vasil","CHW",5,3,4,44,0,90,7.100000601874508,4.600000389946865,0.5000000423855288,0.22633744855967078,0.83809524,0.526315789,0.0625,94.72250764266305,2.000000169542115,4.052654371103323,4.0129141703947155,4.661126949606207,0.5940674543380737,"Mike Vasil",30105,678024
"Jordan Leasure","CHW",5,6,7,67,0,63.1,11.368424019853938,4.263159007445227,1.5631583027299165,0.25874125874125875,0.78616352,0.289473684,0.146666666,96.43392838756178,3.8368431067007043,3.1013505110906032,4.335136631413592,3.902985707192262,0.5895546078681946,"Jordan Leasure",29950,673929
"Drew Pomeranz","CHC",2,2,1,53,0,46.1,10.294966006512595,2.5251803412200706,0.9712232081615656,0.2719298245614035,0.89361702,0.406779661,0.102040816,92.62682976973684,1.9424464163231312,3.303138841740434,3.415711911675684,3.6433067703248625,0.5893271565437317,"Drew Pomeranz",11426,519141
"Danny Coulombe","- - -",2,1,2,54,0,42,8.785716679632099,3.8571439081311656,0.642857318021861,0.24770642201834864,0.86757991,0.394495412,0.065217391,90.38505997894504,2.1428577267395363,3.8675873877198277,3.397041151474953,4.15704156047646,0.5881763398647308,"Danny Coulombe",13293,543056
"Jakob Junis","CLE",4,1,0,57,0,66.2,7.425001132965261,2.4300003707886306,0.6750001029968419,0.3072916666666667,0.78481013,0.40625,0.066666666,91.26776123046875,2.9700004531861044,4.038621582322954,3.4501363662719804,4.209593211299756,0.5877531170845032,"Jakob Junis",13619,596001
"Eric Lauer","TOR",3,0,0,13,0,30.2,8.217392496891591,2.347826427683312,0.293478303460414,0.18666666666666668,0.79646018,0.364864864,0.027777777,92.15381798377403,1.7608698207624838,2.7958589961575324,2.6133971120549404,3.999352160993056,0.581959068775177,"Eric Lauer",19316,641778
"Mason Englert","TBR",0,1,0,29,0,44.2,8.865672146565004,2.216418036641251,0.8059701951422731,0.312,0.70850202,0.409448818,0.085106382,93.85167253521126,3.8283584269257975,4.2647458550799815,3.1351363182067873,3.5932351755280343,0.5573360919952393,"Mason Englert",22288,669438
"Hogan Harris","ATH",2,1,4,48,0,64.2,9.04639317563923,4.592784227632224,0.6958763981260946,0.2832369942196532,0.7654321,0.346590909,0.071428571,93.43841552734375,3.201031431380035,3.8487146322623875,3.7073013566660205,4.371039894617289,0.5545775890350342,"Hogan Harris",21520,663687
"Chris Martin","TEX",2,6,2,49,0,42.1,9.141734205595585,1.700787759180574,1.2755908193854306,0.31896551724137934,0.77981651,0.426229508,0.139534883,94.89367228403141,2.9763785785660044,3.774481423110095,3.5839553102127715,3.307454241119233,0.5514674782752991,"Chris Martin",11847,455119
"Dietrich Enns","- - -",2,2,2,21,0,34.2,10.125001021302767,2.8557695188289856,0.7788462324079051,0.3673469387755102,0.74235808,0.368421052,0.096774193,94.0447774022706,3.3750003404342555,3.273110743797781,2.962059377671698,3.2157301366813558,0.5475872904062271,"Dietrich Enns",13932,608650
"Victor Vodnik","COL",4,3,10,52,0,50.2,8.703948460622644,4.618421632167117,0.7105264049487873,0.3014705882352941,0.79510703,0.542857142,0.095238095,98.69351078003876,3.019737221032346,4.171032119841803,3.7667153448279316,4.018420334729273,0.5312091112136841,"Victor Vodnik",24614,680767
"Robert Garcia","TEX",4,8,9,71,0,64,9.562502279878206,3.093750737607655,1.1250002682209654,0.29411764705882354,0.78796562,0.394285714,0.121212121,94.54398114965596,2.9531257040800343,3.806900257396373,3.713261456042561,3.6781801160603877,0.5295040607452393,"Robert Garcia",23363,676395
"Eduard Bazardo","SEA",5,0,0,73,0,78.2,9.381357145323303,3.0889834502893803,1.02966115009646,0.22797927461139897,0.85014409,0.376237623,0.104651162,95.12907270951705,2.516949478013569,3.3339184393780337,3.6436109602297306,3.8417836266057526,0.5081480145454407,"Eduard Bazardo",20997,660825
"Brennan Bernardino","BOS",4,2,1,52,0,48.1,7.262070876041511,4.468966692948622,0.18620694553952594,0.24647887323943662,0.66558442,0.485714285,0.021276595,92.30714416503906,3.1655180741719406,3.4677063179090584,3.466170888054833,4.696414269545115,0.5045202374458313,"Brennan Bernardino",16835,657514
"Sean Burke","CHW",0,2,0,6,0,30.1,11.27472574735896,2.967033091410253,0.8901099274230759,0.2857142857142857,0.76219512,0.3625,0.085714285,95.25823629127359,2.967033091410253,3.2350214798851837,3.1021692838577843,3.5953849974280634,0.49841588735580444,"Sean Burke",29878,680732
"Hunter Harvey","KCR",1,0,0,12,0,10.2,9.281250553205643,0.843750050291422,0,0.2222222222222222,1,0.481481481,0,96.42104108146067,0,1.5466081707718808,1.3538862120360073,2.799266905807292,0.48861438035964966,"Hunter Harvey",15507,640451
"Bryan Baker","- - -",4,4,3,73,0,68.2,10.878641783949638,2.2281555461101665,1.7038836529077745,0.2857142857142857,0.74394464,0.38150289,0.180555555,96.69675660593629,4.0631071723185395,4.005118782764332,3.9215441580103763,3.07696006037182,0.48304085433483124,"Bryan Baker",19804,641329
"Justin Lawrence","PIT",1,0,0,17,0,17.2,11.716982818744993,4.075472284780867,0,0.25,0.94736842,0.472222222,0,94.90545654296875,0.5094340355976084,2.952622576816706,2.2294758104777057,3.538499945436496,0.482041597366333,"Justin Lawrence",17639,664875
"Brant Hurter","DET",4,2,2,39,0,56,9.642859113460087,3.6964293268263666,0.6428572742306725,0.3219178082191781,0.80103359,0.51369863,0.088888888,92.179658203125,2.57142909692269,3.506268603802218,3.6351364203861993,3.9454627189068594,0.47533464431762695,"Brant Hurter",30133,676428
"Gordon Graceffo","STL",3,1,1,26,0,43,8.37209376597682,2.7209304739424662,0.4186046882988409,0.35294117647058826,0.51446945,0.449275362,0.046511627,95.73482893730886,6.279070324482614,4.432498285939127,2.9258339740573667,3.862922209193952,0.47070756554603577,"Gordon Graceffo",29519,700669
"Luke Weaver","NYY",4,4,8,64,0,64.2,10.020620133015761,2.7835055925043783,1.3917527962521892,0.22641509433962265,0.73584906,0.275449101,0.106382978,95.07697202620967,3.6185572702556916,2.9382273391161635,3.8928683961663126,4.123644137479596,0.463337779045105,"Luke Weaver",16918,596133
"Nick Mears","MIL",5,3,1,63,0,56.2,7.305884156277056,2.0647063919913418,1.1117649803030303,0.22727272727272727,0.67099567,0.339622641,0.092105263,95.36509610066372,3.494118509523809,4.4005405374297215,3.8586659085627275,4.320528162407825,0.4565664827823639,"Nick Mears",25376,683232
"José Buttó","- - -",5,3,1,55,0,67,7.791046550476655,4.2985084416422925,0.5373135552052866,0.30851063829787234,0.71902655,0.481481481,0.063492063,95.33655947730655,3.8955232752383275,4.5173672188164575,3.702300626479034,4.375876553494095,0.45567426085472107,"Jose Butto",23313,676130
"Jake Bird","- - -",4,2,0,48,0,55.1,10.734940953941122,4.066265512856485,1.1385543435998158,0.36054421768707484,0.65217391,0.474025974,0.14893617,,5.53012109748482,3.8446992762062573,3.9122448384415827,3.577216146848557,0.45240092277526855,"Jake Bird",21267,656234
"Andrew Saalfrank","ARI",2,1,3,28,0,29,5.896552499778024,3.103448684093697,0.3103448684093697,0.21686746987951808,0.86956522,0.44047619,0.03030303,89.10390863185975,1.2413794736374788,4.020844204314663,3.3075501339897704,4.613667457116047,0.4502909779548645,"Andrew Saalfrank",26203,685314
"Anthony Bender","MIA",3,5,4,51,0,50,7.560001153564629,3.7800005767823146,0.5400000823974735,0.21323529411764705,0.82677165,0.485507246,0.056603773,95.95182661576705,2.160000329589894,3.554487911816434,3.615136391448986,4.469380195478459,0.44537535309791565,"Anthony Bender",19742,669622
"Braxton Ashcraft","PIT",3,2,0,18,0,36.1,8.917431504745887,3.4678900296234003,0.4954128613747715,0.3173076923076923,0.76271186,0.48076923,0.057142857,96.76608645260988,3.2201835989360146,3.747951385118438,3.1076133814637443,3.8771788033819634,0.4428071081638336,"Braxton Ashcraft",23793,677952
"Matt Gage","- - -",0,1,0,31,0,29,7.758623241103351,3.724139155729608,0,0.3804347826086957,0.7755102,0.494382022,0,92.3960946219308,3.413794226085474,3.2151597161098686,2.8592741585231125,4.241523653930577,0.4396146088838577,"Matt Gage",17381,657424
"Spencer Bivens","SFG",4,3,3,54,0,81,6.777778416177106,2.7777780394168468,0.6666667294600432,0.3130081300813008,0.67877629,0.52,0.075,95.1444234476461,4.000000376760259,4.080716907381042,3.7030376062653425,4.262780192117939,0.42887231707572937,"Spencer Bivens",30226,702352
"Kody Funderburk","MIN",4,1,1,39,0,41,8.780489438776051,3.951220247449223,0.43902447193880256,0.35,0.77170418,0.533333333,0.06060606,,3.5121957755104205,3.697956415147246,3.354648554176188,3.9614144570414638,0.42613178491592413,"Kody Funderburk",24993,681892
"Tobias Myers","MIL",0,1,0,16,0,28.1,6.352941889251472,0.9529412833877208,0.3176470944625736,0.25882352941176473,0.78125,0.372093023,0.025641025,94.2378817471591,1.9058825667754415,3.385040823560755,2.605724494102498,4.269059972852668,0.42222896218299866,"Tobias Myers",22191,668964
"Enyel De Los Santos","- - -",6,3,0,65,0,66,8.454547409184174,3.272728029361616,0.9545456752304713,0.2918918918918919,0.67357513,0.335078534,0.089743589,96.17945963541666,4.363637372482155,4.105413127061518,3.816954657657124,4.260222435198089,0.42069004476070404,"Enyel De Los Santos",18403,660853
"Steven Wilson","CHW",2,2,2,59,0,55.1,8.295182629133162,3.5783140753123446,1.1385544785084734,0.2721518987341772,0.82822086,0.272727272,0.078651685,93.97578725961539,3.4156634355254196,3.7708816076457685,4.291763090024919,5.126970493101885,0.4158433973789215,"Steven Wilson",20353,621051
"Taylor Rashi","ARI",0,1,2,10,0,16.1,12.122449923336257,4.4081636084859115,0,0.38095238095238093,0.66666667,0.428571428,0,89.93045558286516,4.4081636084859115,3.744305936647861,1.9106464269607009,2.9489607402071214,0.415275901556015,"Taylor Rashi",26344,688497
"Justin Sterner","ATH",4,2,0,58,0,64,9.703126735054267,2.9531255280599944,1.265625226311426,0.23717948717948717,0.83061889,0.304878048,0.11392405,93.605054659894,3.0937505532057084,3.321028645331048,4.119511494226785,4.194470974330096,0.41316258907318115,"Justin Sterner",27694,686993
"Wandy Peralta","SDP",6,1,0,70,0,70.1,7.805689461713156,3.838863669694995,0.6398106116158324,0.2890995260663507,0.75824176,0.602803738,0.098039215,95.39232042100694,3.1990530580791625,3.980721688657015,3.6896388482738423,3.8834119619730694,0.40991437435150146,"Wandy Peralta",14295,593974
"Pierson Ohl","MIN",0,1,0,11,0,22,7.7727272727272725,1.6363636363636365,0.4090909090909091,0.3076923076923077,0.76271186,0.369230769,0.04,92.15491961050725,2.4545454545454546,3.2389643872562996,2.5442272272976965,3.7052946304733103,0.4066649079322815,"Pierson Ohl",30179,701487
"Brad Lord","WSN",1,1,0,29,0,38.2,8.146552259941908,3.258620903976763,0.6982759079950206,0.2616822429906542,0.78947368,0.522935779,0.107142857,95.27915625,2.7931036319800824,4.109850680725713,3.4972053075375387,3.6050165425830203,0.40430182218551636,"Brad Lord",31972,695418
"Jacob Latz","TEX",1,0,1,25,0,46,8.217392667255014,4.304348539990722,0.7826088254528586,0.2868217054263566,0.81881533,0.390977443,0.072727272,94.48505345394737,2.9347830954482195,3.825157901658401,3.874266875578931,4.58721617455874,0.4015531539916992,"Jacob Latz",21306,656641
"Grant Anderson","MIL",2,6,0,66,0,69.2,9.559810008336118,3.746412030293884,1.033492973874175,0.27419354838709675,0.69796954,0.417989417,0.115942028,93.36409505208333,3.2296655433567967,3.7169359405353455,3.8384857032044897,3.87264857021424,0.40108245611190796,"Grant Anderson",20546,681982
"Justin Slaten","BOS",2,4,3,36,0,34,6.617647801303617,2.6470591205214467,0.794117736156434,0.24242424242424243,0.54878049,0.401960784,0.073170731,96.87383459944752,4.235294592834315,3.4915809900395494,3.6939599103168703,4.406057399229002,0.3973575532436371,"Justin Slaten",25648,686580
"Ben Brown","CHC",0,3,1,10,0,30.2,11.739131408287662,2.641304566864724,1.1739131408287662,0.32051282051282054,0.55555556,0.395061728,0.137931034,95.94795038595618,4.989130848522256,3.540800531604074,3.1025276198504326,2.864824560867765,0.39216864109039307,"Ben Brown",23590,676962
"Emmet Sheehan","LAD",1,1,0,3,0,13.2,9.878049929322257,5.9268299575933545,0,0.13333333333333333,0.61538462,0.266666666,0,95.34323770491804,1.3170733239096344,2.16767410662418,2.915624097555182,4.94620782149379,0.37725532054901123,"Emmet Sheehan",29839,686218
"Andrew Chafin","- - -",1,1,0,42,0,33.2,9.623765011487011,5.079209311618144,0.5346536117492784,0.313953488372093,0.81858407,0.448275862,0.071428571,89.61907710873983,2.4059412528717528,3.442820076520481,3.4618690809424573,3.971830630908013,0.37649276852607727,"Andrew Chafin",12988,605177
"Zack Kelly","BOS",1,3,0,28,0,35.1,8.915095622958146,3.0566042135856506,0.7641510533964126,0.32323232323232326,0.63318777,0.4,0.081081081,96.1983067536157,4.584906320378476,3.4319548978010226,3.5313627903382603,4.0420521463259504,0.36884960532188416,"Zack Kelly",20349,677161
"Cole Sulser","TBR",2,1,0,18,0,22.2,8.735295097720774,2.779412076547519,0.397058868078217,0.31666666666666665,0.859375,0.409836065,0.05,92.88650173611111,1.985294340391085,2.8019243186847773,2.6939597981198795,3.4807886935713572,0.36487796902656555,"Cole Sulser",15256,642121
"Brock Burke","LAA",7,1,0,68,0,60.2,7.56593581032583,2.670330285997352,1.038461777887859,0.28735632183908044,0.80645161,0.50867052,0.129629629,96.25163301662708,3.2637370162189856,3.703631486416666,3.9922793729713693,3.864596755602906,0.36457350850105286,"Brock Burke",17968,656271
"Cade Povich","BAL",1,0,0,2,0,8.2,14.538462604996798,4.153846458570514,0,0.42105263157894735,0.75,0.578947368,0,92.51891696068549,3.1153848439278855,2.9487880179157666,1.2889823366198923,2.356340402086264,0.3625773787498474,"Cade Povich",30055,700249
"Mitch Spence","ATH",2,1,1,24,0,45.2,7.686133098993922,3.1532853739462245,0.7883213434865561,0.30714285714285716,0.61258278,0.461538461,0.086956521,,4.335767389176058,4.742832984794209,3.8139685862090995,4.228275433546969,0.35010477900505066,"Mitch Spence",27707,687765
"José Alvarado","PHI",4,2,7,28,0,26,11.076924702119783,2.4230772785887025,1.3846155877649728,0.32857142857142857,0.78231293,0.458333333,0.173913043,99.62188720703125,3.8076928663536758,3.640010120033764,3.5966748474617782,2.9605210710594845,0.3494435250759125,"Jose Alvarado",17780,621237
"Justin Hagenman","NYM",0,1,1,8,0,19.1,8.379310895940248,0.9310345439933608,0.4655172719966804,0.3050847457627119,0.63106796,0.4,0.045454545,93,3.7241381759734433,3.957168943017828,2.4109983395452845,3.4929776309912,0.3406718075275421,"Justin Hagenman",21546,663795
"Eric Orze","TBR",1,1,3,33,0,41.2,8.640000527343782,4.104000250488297,0.8640000527343782,0.30357142857142855,0.80882353,0.387931034,0.08,93.84443471623563,3.024000184570324,3.6292611549757825,4.0471363738708535,4.649223588372789,0.33966678380966187,"Eric Orze",27626,679358
"J.T. Ginn","ATH",0,0,0,7,0,15.1,11.15217553149573,1.7608698207624838,1.173913213841656,0.3055555555555556,0.68181818,0.5,0.133333333,,4.108696248445796,1.8921529638310892,2.9394841158998446,2.7520551575200844,0.33229050040245056,"J.T. Ginn",27889,669372
"Taylor Clarke","KCR",1,1,1,51,0,55.1,7.1566271638642425,1.4638555562449587,1.3012049388844078,0.20833333333333334,0.76086957,0.440789473,0.140350877,94.98382280759162,3.2530123472110195,3.6572901319204014,3.9664616958273813,3.675120842721103,0.32931625843048096,"Taylor Clarke",17611,664199
"Caleb Boushley","TEX",0,0,1,24,0,40.1,8.925620960282377,2.4545457640776536,0.8925620960282376,0.375,0.56737589,0.398373983,0.095238095,92.486083984375,5.801653624183544,5.489634838171733,3.4078636253265264,3.7240550177960294,0.3289877474308014,"Caleb Boushley",19736,676961
"Cade Gibson","MIA",4,5,0,43,0,53.2,7.2111814911043135,3.3540379028392158,0.5031056854258824,0.2597402597402597,0.80246914,0.522580645,0.073170731,91.96955934289383,2.5155284271294116,3.778612271485118,3.7127761792513194,4.16391872265198,0.32667499780654913,"Cade Gibson",31815,806188
"Yerry De los Santos","NYY",0,1,0,25,0,35.2,7.065421820207725,4.289720390840404,0.2523364935788473,0.3185840707964602,0.74626866,0.553571428,0.047619047,95.02802104334677,3.2803744165250146,4.403871151854439,3.4435475881364894,3.9868147581743867,0.3233656883239746,"Yerry De los Santos",21420,660787
"A.J. Minter","NYM",0,0,0,13,0,11,11.45454744071049,4.090909800253747,0,0.24,0.81818182,0.48,0,94.79664370888158,1.6363639201014988,3.191046791696484,1.953317931466816,3.214741225932712,0.32283085584640503,"A.J. Minter",18655,621345
"Erik Sabrowski","CLE",0,1,0,33,0,29.1,12.886369222454254,6.443184611227127,0.6136366296406788,0.22641509433962265,0.85227273,0.283018867,0.08,93.8917329130117,1.8409098889220363,3.343330234104699,3.6124092523717595,4.040028171939461,0.3204088807106018,"Erik Sabrowski",24978,681870
"Ryne Nelson","ARI",1,0,1,10,0,26,9.346154531783656,2.076923229285257,0.6923077430950857,0.2638888888888889,0.5952381,0.424657534,0.086956521,95.82113405257937,4.5000003301180564,3.598003746508554,2.8659055292253655,3.2297518728506063,0.3197993040084839,"Ryne Nelson",26253,669194
"Dylan Lee","ATL",2,4,2,74,0,68.1,10.009757960204698,1.8439027821429708,1.71219544056133,0.24539877300613497,0.81967213,0.370588235,0.173333333,94.04249750181685,3.292683539541019,2.9348936529893326,3.9985511130197655,3.2175331424602556,0.31619635224342346,"Dylan Lee",19996,669276
"Kolby Allard","CLE",2,2,0,31,0,57.2,5.306358966536215,2.184971339161971,0.780346906843561,0.2918918918918919,0.80597015,0.397849462,0.063291139,90.04870532372755,2.6531794832681075,3.5419718875190145,3.8634600979274443,4.848386319848155,0.3151599168777466,"Kolby Allard",18694,663465
"Riley O'Brien","STL",3,1,6,42,0,48,8.43750134110472,4.1250006556511964,0.37500005960465427,0.25203252032520324,0.8277027,0.540983606,0.08,,2.0625003278255982,3.591506671906395,3.6143030610349567,3.8756256623598886,0.3143768608570099,"Riley O'Brien",20348,676617
"John Schreiber","KCR",3,3,1,74,0,64,8.718752598390758,2.6718757962810384,1.4062504190952836,0.27167630057803466,0.76190476,0.39010989,0.129870129,93.97447241806402,3.796876131557265,4.016685936915289,4.166386625543328,3.9900416861006227,0.3140561282634735,"John Schreiber",20020,670167
"Cody Laweryson","MIN",0,1,0,5,0,7.2,8.217391985801363,0,0,0.21052631578947367,0.5,0.444444444,0,93.06349339978448,1.1739131408287662,1.9639311697203226,1.3090492102509286,2.5156279044973613,0.30913400650024414,"Cody Laweryson",26429,689520
"Jonathan Cannon","CHW",1,1,0,5,0,21.1,8.859375528059932,2.109375125728555,0.843750050291422,0.3114754098360656,0.5785124,0.38095238,0.064516129,94.69287936970339,5.484375326894243,3.308378960097619,3.228886323794723,4.250476326497049,0.3074130415916443,"Jonathan Cannon",31730,686563
"Jaden Hill","COL",1,1,0,28,0,29.1,9.511365285589962,3.681818820228372,0.613636470038062,0.30864197530864196,0.71428571,0.43902439,0.068965517,96.64799592391304,3.375000585209341,3.322529720429871,3.4419545532258184,4.079810577317131,0.2943955063819885,"Jaden Hill",30250,677955
"Tyler Ferguson","ATH",4,2,2,56,0,58,8.379311998165788,5.275863109956237,0.6206897776419102,0.26,0.64986737,0.373333333,0.057971014,94.88789780183727,4.655173332314327,3.7318593882410718,4.135136515518754,5.072723126736866,0.2941199243068695,"Tyler Ferguson",19481,621053
"Max Kranick","NYM",3,2,0,24,0,37,6.08108233499936,1.2162164669998718,1.2162164669998718,0.25663716814159293,0.75,0.367521367,0.096153846,95.8213523582176,3.648649400999616,4.534288001007942,3.945947296206702,4.355959390732652,0.2936196029186249,"Max Kranick",22175,668820
"Jorge López","WSN",6,0,1,26,0,24.2,6.20270430144859,2.554054712361184,0.3648649589087406,0.3076923076923077,0.50595238,0.46835443,0.041666666,94.81395487882654,6.567569260357331,5.352074310411875,3.500001277115528,4.473045185555347,0.29164937138557434,"Jorge Lopez",14527,605347
"Pierce Johnson","ATL",3,3,1,65,0,59,9.000002327612492,2.8983058343158876,1.2203392986593211,0.2913907284768212,0.83881579,0.331210191,0.111111111,95.23425071022727,3.0508482466483025,3.6349588177461203,3.914797536794687,4.033530290640872,0.2887769937515259,"Pierce Johnson",13435,572955
"Edgardo Henriquez","LAD",2,1,1,22,0,19,8.526318357262367,2.3684217659062132,0.9473687063624853,0.2830188679245283,0.88541667,0.490566037,0.1,100.77674278846153,2.3684217659062132,3.341522531553908,3.3982942921963666,3.652756805456208,0.28731846809387207,"Edgardo Henriquez",26944,683618
"Wikelman González","CHW",1,0,0,16,0,20.1,11.065575500484451,5.311476240232537,0.44262302001937803,0.24489795918367346,0.6779661,0.306122448,0.045454545,95.05832955917874,2.6557381201162684,4.342860505096212,3.0859559826490788,4.114723270969227,0.2826746106147766,"Wikelman Gonzalez",26641,682790
"Scott Barlow","CIN",6,2,1,74,0,67.1,9.891090976807806,5.613862446296323,0.9356437410493872,0.24550898203592814,0.75406032,0.436046511,0.107692307,92.33614963717228,3.7425749641975488,4.1401139295552385,4.427215770132132,4.564043352332594,0.27873721718788147,"Scott Barlow",14993,605130
"Mason Montgomery","TBR",1,3,1,57,0,46,12.326090023063168,5.282610009884214,1.1739133355298255,0.38392857142857145,0.65597668,0.429824561,0.15,98.63621759666081,5.673914455060824,4.566015311151596,3.9177452085600044,3.5627358287561277,0.27401211857795715,"Mason Montgomery",29770,682254
"Jonathan Bowlan","KCR",1,2,0,33,0,42.1,9.14173338182505,3.401575211841879,1.0629922537005871,0.27102803738317754,0.72093023,0.49090909,0.135135135,95.81566629955947,3.6141736625819965,3.6455844299408664,3.7729316704271394,3.5850030174714727,0.2724556624889374,"Jonathan Bowlan",24607,680742
"Juan Morillo","ARI",0,3,1,42,0,34.1,9.436895650410682,5.242719805783712,0.5242719805783712,0.3870967741935484,0.71174377,0.494623655,0.071428571,99.03354339067944,4.19417584462697,3.7304632213823865,3.630282077641916,4.130341454299851,0.2677901089191437,"Juan Morillo",21924,666661
"Will Klein","LAD",1,1,0,14,0,15.1,12.326089511972823,5.869566434272773,0,0.3783783783783784,0.76923077,0.486486486,0,97.77940848214286,2.347826573709109,4.378334700176144,2.743831889255269,3.5482177854789794,0.2596542537212372,"Will Klein",27787,694361
"Tyler Gilbert","CHW",4,2,1,41,0,44.1,8.323309941777095,4.4661663102218565,0.8120302382221557,0.26229508196721313,0.68014706,0.314516129,0.0625,90.61760602678571,4.263158750666317,4.135531734016731,4.082504929465969,5.135241595267875,0.2586706578731537,"Tyler Gilbert",17964,656457
"Ryan Brasier","CHC",0,1,0,27,0,25,6.840001043701331,1.800000274658245,0.720000109863298,0.32894736842105265,0.65068493,0.397435897,0.08,93.93530991498162,4.680000714111437,4.954923144124167,3.255136336517337,3.7568757278712326,0.2537532150745392,"Ryan Brasier",5615,518489
"Angel Zerpa","KCR",5,2,0,67,0,62.2,8.186172538238191,3.159575365635793,1.0053194345204797,0.3277777777777778,0.74812968,0.622950819,0.162790697,96.39362281976744,4.308511862230627,4.155722205621701,3.917051433944938,3.5228192560418847,0.2506580054759979,"Angel Zerpa",22717,672582
"Ryan Helsley","- - -",3,4,21,58,0,56,10.125000689710937,4.017857416551959,1.285714373296627,0.3419354838709677,0.72559367,0.440993788,0.145454545,99.33793890449438,4.500000306538194,3.9780556756111203,4.135136386326386,3.7922017614247423,0.24907279014587402,"Ryan Helsley",18138,664854
"Colin Rea","CHC",1,0,1,5,0,16,4.5000002682209175,0.5625000335276147,0,0.26,0.93333333,0.36,0,93.5862237338362,0.5625000335276147,5.545144961487486,2.510136280953882,4.340951826397509,0.24902282655239105,"Colin Rea",12317,607067
"Huascar Brazobán","NYM",5,2,2,49,0,59,7.932204928421718,3.661017659271562,0.9152544148178905,0.2795031055900621,0.7082153,0.503030303,0.115384615,96.62548388231981,3.8135600617412106,4.065467053654707,4.118187356344522,4.1549745561803215,0.24570603668689728,"Huascar Brazoban",6107,623211
"Yariel Rodríguez","TOR",3,2,2,65,0,72,8.125001721912325,4.000000847710683,0.875000185436712,0.22527472527472528,0.81364829,0.397849462,0.093333333,95.73763586956522,2.8750006092920537,4.001573605203221,4.176803205631444,4.5188928421517796,0.2445162534713745,"Yariel Rodriguez",33838,684320
"Danny Young","NYM",0,0,0,10,0,8.1,14.040003749085473,3.2400008651735708,0,0.45,0.61538462,0.631578947,0,,4.320001153564761,2.9386407951551616,1.455135869598269,1.6401446367762846,0.24197372794151306,"Danny Young",18439,664849
"JT Brubaker","- - -",0,0,0,16,0,24.2,6.5675679907649265,4.013513772134122,0,0.2714285714285714,0.67741935,0.405797101,0,,3.6486488837582924,4.140263003780345,3.135136318206787,4.6977100487543915,0.2380865216255188,"JT Brubaker",17578,664141
"Michael McGreevy","STL",1,0,0,1,0,5.2,7.94117736156434,1.588235472312868,0,0.07692307692307693,1,0.384615384,0,94.13492838541667,0,3.1702716260812185,2.429253886067735,3.789612257632193,0.233705535531044,"Michael McGreevy",29869,700241
"Nic Enright","CLE",2,1,1,27,0,31,8.709679027005908,3.483871610802363,0.8709679027005908,0.2625,0.88757396,0.341463414,0.081081081,93.15076133144476,2.032258439634712,3.790494090098021,3.8125557980850244,4.394631861893539,0.22990557551383972,"Nic Enright",25553,663671
"Evan Sisk","- - -",1,1,0,19,0,17.2,12.735852264942883,5.094340905977154,0.5094340905977154,0.35714285714285715,0.78947368,0.5,0.066666666,90.65439890391791,3.5660386341840073,2.840875585478689,3.078532530362597,3.6517075646732886,0.2290683463215828,"Evan Sisk",24995,681895
"Kade Strowd","BAL",0,1,0,25,0,26.1,8.202533229882587,4.443038832853068,0.3417722179117744,0.22727272727272727,0.83916084,0.567164179,0.055555555,95.60286898226352,1.7088610895588723,2.8033450599198724,3.4009591543603896,3.96113550305049,0.22858493030071259,"Kade Strowd",26191,669704
"Collin Snider","SEA",2,1,0,24,0,26.1,8.202532635765152,2.050633158941288,1.025316579470644,0.34523809523809523,0.55865922,0.4,0.09375,92.63089939805327,5.4683550905101015,5.606081350183815,3.704756640134923,4.0972500320764995,0.2270427793264389,"Collin Snider",23307,676092
"Evan Phillips","LAD",0,0,1,7,0,5.2,9.529414437634648,3.176471479211549,0,0.2857142857142857,1,0.642857142,0,95.7119561557112,0,2.218088261439574,2.0763124918029376,2.620455932005606,0.22369952499866486,"Evan Phillips",17734,623465
"Jalen Beeks","ARI",5,2,1,59,0,55.1,7.319278790411614,3.253012795738495,0.8132531989346238,0.23684210526315788,0.67857143,0.477419354,0.089285714,94.40655570652174,3.740964715099269,3.718210357445815,3.876100343902778,4.261716124598907,0.22351568937301636,"Jalen Beeks",17192,656222
"Ryan Thompson","ARI",3,2,1,48,0,41.1,7.838712088896256,2.8306460321014257,0.8709680098773618,0.31666666666666665,0.70038911,0.491935483,0.102564102,91.13293696384804,3.919356044448128,3.5901501991144045,3.7399752139549545,3.936616402118078,0.2229783535003662,"Ryan Thompson",16647,657044
"Luinder Avila","KCR",1,1,0,13,0,14,10.285714986373016,3.8571431198898805,0,0.20588235294117646,0.84615385,0.5,0,95.96288287450396,1.285714373296627,2.078501208611638,2.1351362500871884,3.34650293708642,0.22240565717220306,"Luinder Avila",24452,679883
"Grant Wolfram","BAL",3,1,0,21,0,26.2,10.46250174611836,5.062500844895981,0.6750001126527975,0.39285714285714285,0.64315353,0.5,0.068965517,95.28595525568181,5.40000090122238,3.5760794487624805,3.585136393308652,4.286778015246794,0.22158485651016235,"Grant Wolfram",21623,664991
"Jacob Webb","TEX",5,4,1,55,0,66,7.9090918233573015,2.5909093904101503,1.3636365212685002,0.21910112359550563,0.82142857,0.318918918,0.105263157,93.50731860632185,3.0000003467907006,3.229065462643103,4.301803119736504,4.551276404718496,0.22132225334644318,"Jacob Webb",19274,657097
"Ron Marinaccio","SDP",0,0,0,7,0,10.2,10.125000603497064,3.375000201165688,0,0.23076923076923078,0.9,0.44,0,94.10107421875,0.843750050291422,1.823119955584253,2.010136251151558,3.6000550142999708,0.21433381736278534,"Ron Marinaccio",23488,676760
"Rico Garcia","- - -",0,2,0,28,0,33.1,9.99000152435326,2.7000004119873675,1.3500002059936838,0.2823529411764706,0.84375,0.483146067,0.15625,95.3398677280971,3.2400004943848413,3.2293045656102013,3.765136414337173,3.295206084834254,0.21401093329768628,"Rico Garcia",20023,670329
"Cole Winn","TEX",0,1,0,33,0,41.2,7.560001153564629,3.67200056030282,0.6480000988769682,0.1941747572815534,0.90452261,0.471153846,0.078947368,96.29862490968208,1.5120002307129259,4.193895339217435,3.9031364353943054,4.373202762213356,0.210333451628685,"Cole Winn",22113,668390
"Jared Shuster","CHW",0,0,0,10,0,13.2,7.243903786990242,2.6341468316328154,0,0.40384615384615385,0.57692308,0.372549019,0,92.90110377261513,6.585367079082038,4.143550638509302,2.622941100944851,4.54071475182225,0.20729276537895203,"Jared Shuster",27472,694363
"Brandyn Garcia","- - -",0,2,0,14,0,14.1,8.790699624061501,5.023256928035144,0,0.4186046511627907,0.55555556,0.5,0,,5.651164044039536,4.170507994746721,3.0653688608729657,4.033437947656195,0.19997365400195122,"Brandyn Garcia",33568,805299
"Kevin Ginkel","ARI",1,4,3,29,0,25.2,10.168832176390033,4.558442010105877,0.7012987707855196,0.36,0.53398058,0.459459459,0.064516129,94.972671937751,7.363637093247956,4.567813726652018,3.641629874885218,4.490743676886731,0.19317509233951569,"Kevin Ginkel",19876,656464
"Chris Sale","ATL",1,0,0,1,0,5.2,14.294119250815813,3.176470944625736,0,0.36363636363636365,0.83333333,0.272727272,0,94.57868709120639,1.588235472312868,2.959227232045104,1.01748902178963,2.1057757190411963,0.19094859063625336,"Chris Sale",10603,519242
"Jeffrey Springs","ATH",0,1,0,2,0,12.2,10.657895271797948,1.4210527029063929,1.4210527029063929,0.25,0.43478261,0.333333333,0.142857142,90.90215118838029,4.263158108719178,3.831647294667713,3.2930310629741646,2.9444271302494665,0.19083066284656525,"Jeffrey Springs",17677,605488
"Mason Fluharty","TOR",5,2,1,55,0,52.2,9.569623487803998,4.1012672090588564,1.0253168022647141,0.23622047244094488,0.63432836,0.41221374,0.107142857,,4.443039476480428,3.3004741540931204,3.9705796385706282,4.12888478629145,0.1898726522922516,"Mason Fluharty",31553,689254
"Anthony Banda","LAD",5,1,0,70,0,64.2,8.350517762710112,4.592784769490562,0.9742270723161798,0.22699386503067484,0.82369942,0.396449704,0.09090909,95.98595797631049,3.061856512993708,3.5018961118992187,4.310394373699322,4.738960376820109,0.1896955966949463,"Anthony Banda",14706,607455
"Albert Suárez","BAL",2,0,0,4,0,8.2,5.192308073213143,1.0384616146426284,0,0.28,0.66666667,0.48,0,93.41408058449075,2.076923229285257,2.3471008619010663,2.6735978228100636,4.630420942831746,0.18960198760032654,"Albert Suarez",6175,544150
"Joe Boyle","TBR",0,0,0,4,0,14,7.071428571428571,2.5714285714285716,0.6428571428571429,0.1388888888888889,0.69767442,0.405405405,0.055555555,98.238078125,1.9285714285714286,1.98906124242659,3.3494220324925017,4.403086865799768,0.18848654627799988,"Joe Boyle",29608,671212
"Sam Bachman","LAA",2,3,0,23,0,20.1,7.967214360348804,4.42623020019378,0.44262302001937803,0.328125,0.56962025,0.546875,0.0625,96.08522338867188,6.196722280271293,4.1991911923119645,3.626939673783874,4.200767421039378,0.18752771615982056,"Sam Bachman",29754,696147
"Kyle Hart","SDP",1,1,0,14,0,17.1,10.384617289142845,3.6346160511999956,0.5192308644571423,0.20512820512820512,0.54216867,0.41025641,0.052631578,92.78318609193315,4.67307778011428,2.1373612229529884,3.1351363182067873,4.075119970277393,0.18586929142475128,"Kyle Hart",19646,606996
"Connor Phillips","CIN",5,0,0,21,0,25,11.520001757812768,4.320000659179788,1.080000164794947,0.16326530612244897,0.76923077,0.307692307,0.115384615,98.05274476396276,2.880000439453192,3.939571497767791,3.8151364219665687,3.8585453159765626,0.18578363955020905,"Connor Phillips",27649,683175
"Mitchell Parker","WSN",1,0,1,3,0,6.1,2.842105833777545,1.4210529168887724,0,0.15,0.75,0.4,0,93.51217586436171,1.4210529168887724,3.8837099887377553,2.9772415496635904,4.924702127771038,0.1831110268831253,"Mitchell Parker",27636,680730
"Clayton Beeter","- - -",0,3,1,26,0,25.1,11.723686564332372,6.394738125999476,1.0657896876665793,0.2,0.70895522,0.384615384,0.136363636,96.39885380353586,4.263158750666317,3.7719244852902793,4.200926005873367,4.000331160026067,0.18070796132087708,"Clayton Beeter",27494,690925
"Jesus Tinoco","MIA",2,1,4,20,0,19.1,4.655173179227431,3.7241385433819447,0.4655173179227431,0.26229508196721313,0.55084746,0.433333333,0.045454545,95.14571439302884,5.120690497150174,3.561658254117187,4.014446807616413,5.096426205806056,0.17791536450386047,"Jesus Tinoco",16300,622786
"Sammy Peralta","LAA",0,1,0,5,0,10.2,6.750000402331376,5.062500301748532,0,0.3684210526315789,0.4,0.378378378,0,88.99554912860577,7.593750452622798,3.504568394617204,3.322636329382659,5.346169300662456,0.17322854697704315,"Sammy Peralta",25589,671111
"Kyle Nicolas","PIT",1,2,0,31,0,38,8.052633195703043,4.263158750666317,0.7105264584443862,0.2818181818181818,0.6626506,0.428571428,0.0625,97.61528158043807,4.736843056295908,4.137949499203113,3.9509259556799714,4.872070538256639,0.17073674499988556,"Kyle Nicolas",27775,693312
"Jayden Murray","HOU",0,0,0,8,0,8.2,7.269232102399991,3.1153851867428535,0,0.3333333333333333,0.83333333,0.259259259,0,96.15224757339016,2.076923457828569,3.9403061097541423,2.5582131354766293,4.870822531798476,0.17029450833797455,"Jayden Murray",26482,681151
"Yohan Ramírez","PIT",3,3,0,24,0,33.1,12.150001853943154,4.320000659179788,1.080000164794947,0.3372093023255814,0.5907173,0.366666666,0.121212121,96.2406005859375,5.400000823974735,4.507553878936676,3.7951364189148107,3.761458335422538,0.1702820509672165,"Yohan Ramirez",19444,670990
"Taylor Rogers","- - -",3,2,0,57,0,50.2,9.414475219979762,4.085526982255368,1.2434212554690252,0.2962962962962963,0.75949367,0.428571428,0.132075471,,3.3750005505587826,4.1361737211477285,4.378557573675812,4.195245379642974,0.16685626283288002,"Taylor Rogers",13449,573124
"David Morgan","SDP",1,2,0,39,0,44,9.613638030596304,4.500000780279121,0.8181819600507494,0.2549019607843137,0.84710744,0.471698113,0.108108108,97.84942262201196,2.6590913701649352,3.664669305043959,3.8169546182490786,3.9315990619323893,0.15949076414108276,"David Morgan",31616,688158
"PJ Poulin","WSN",2,1,1,28,0,24.2,9.851353890535997,4.743244465813628,0.7297299178174812,0.3181818181818182,0.79545455,0.426470588,0.08,90.74103860294117,3.648649589087406,3.9223391617350063,3.8243256850344083,4.3328453919105465,0.15912529826164246,"PJ Poulin",23394,676571
"Dylan Dodd","ATL",1,0,0,28,0,35,7.714287395866917,1.2857145659778193,1.2857145659778193,0.24210526315789474,0.74074074,0.52,0.147058823,93.73086144179894,3.6000007847378943,3.421657712361519,3.7922793185954506,3.432826003184114,0.15408547222614288,"Dylan Dodd",29928,689266
"Steven Cruz","KCR",3,1,0,47,0,45.2,7.489052763122283,3.5474460456895027,0.9854016793581951,0.2440944881889764,0.72916667,0.396946564,0.096153846,98.39540405273438,3.7445263815611414,3.418601046968471,4.142435812661831,4.474635398398146,0.15176014602184296,"Steven Cruz",23165,674444
"Roki Sasaki","LAD",0,0,0,2,0,2,18,0,0,0.3333333333333333,1,0.666666666,0,99.1757479580966,0,0.9377342150884111,-0.8648636817932127,-0.09399402439594251,0.1509321928024292,"Roki Sasaki",35323,808963
"Josh Winckowski","BOS",0,1,0,6,0,11.2,6.942857521212852,3.857143067340473,0,0.2972972972972973,0.58823529,0.54054054,0,95.28773373463115,3.857143067340473,6.372055363300844,3.1351363182067873,4.456627231474791,0.15031059086322784,"Josh Winckowski",22387,670174
"Carlos Hernández","- - -",1,0,0,41,0,43.1,8.100001129003829,4.569231406104724,0.8307693465644953,0.3382352941176471,0.61403509,0.321167883,0.06557377,97.73506958007812,6.230770099233714,5.527998716336444,4.196674927705865,5.1669696368517,0.14658989012241364,"Carlos Hernandez",22713,672578
"Dauri Moreta","PIT",1,1,0,18,0,16.2,10.260002739716308,3.780001009369166,1.0800002883911903,0.35,0.74257426,0.268292682,0.105263157,94.3277779571281,3.2400008651735708,4.543620458373953,3.6751364624023823,3.8727193340284773,0.14527277648448944,"Dauri Moreta",21101,664294
"Emerson Hancock","SEA",1,0,0,6,0,8.2,4.153846458570514,1.0384616146426284,0,0.3225806451612903,0.63636364,0.451612903,0,97.26803023726852,2.076923229285257,4.956023981775514,2.5582131989608827,3.8034642753383165,0.14373879134655,"Emerson Hancock",27470,676106
"Hunter Barco","PIT",1,0,0,2,0,3,9,0,0,0.3333333333333333,1,0.444444444,0,93.6421535326087,0,4.440339608310485,1.1351363182067877,2.676875633001328,0.14044378697872162,"Hunter Barco",33174,682995
"Jordan Wicks","CHC",0,1,1,8,0,14.1,8.162790878712652,0.627906990670204,1.255813981340408,0.43137254901960786,0.58558559,0.461538461,0.125,94.27380087209302,6.2790699067020395,3.976667846139192,3.3444386484301885,3.2514964861395232,0.1402435451745987,"Jordan Wicks",30094,696136
"José Ureña","- - -",0,0,1,13,0,32.2,6.061224784716041,2.755102174870928,1.102040869948371,0.27184466019417475,0.71428571,0.419047619,0.097560975,96.52576852352061,4.132653262306391,4.844271779096982,4.298401680930068,4.641605123340783,0.1383038682397455,"Jose Urena",11589,570632
"Darren McCaughan","MIN",0,0,0,3,0,5.1,10.125002413988689,1.6875004023314482,0,0.3125,0.83333333,0.1875,0,89.92453835227273,1.6875004023314482,2.6589804600541633,1.4476359158753391,4.627474010771559,0.13749980926513672,"Darren McCaughan",20038,670766
"Jack Perkins","ATH",0,1,3,8,0,19.2,8.694915535326022,3.2033899340674816,0.9152542668764233,0.1875,0.80246914,0.5,0.105263157,96.26144748263889,2.74576280062927,2.7427531860955807,3.7453058294577364,3.91274890170623,0.13731533288955688,"Jack Perkins",31468,678022
"Josh Walker","TOR",0,0,0,3,0,5,14.400002746582555,3.6000006866456387,0,0.5714285714285714,0.63636364,0.357142857,0,93.17354439400337,7.200001373291277,4.052774610850725,1.7351360511779277,3.276875660035962,0.137173593044281,"Josh Walker",23617,677020
"Landon Knack","LAD",1,0,1,3,0,10.2,10.968750653788486,2.531250150874266,1.687500100582844,0.24,0.73170732,0.407407407,0.181818181,93.1429004854369,4.21875025145711,2.9311756642538875,3.9788863684982094,3.1313049863602918,0.13317827880382538,"Landon Knack",27487,689017
"Davis Martin","CHW",0,0,0,1,0,6,7.5,3,0,0.23076923076923078,1,0.615384615,0,93.25096371299342,0,4.754054848424527,2.468469651540121,3.2393393089373914,0.13198231160640717,"Davis Martin",21448,663436
"DL Hall","MIL",1,0,0,17,0,29.2,5.460674976492996,3.640449984328664,0.6067416640547774,0.2159090909090909,0.62913907,0.411111111,0.055555555,94.00965870209853,4.247191648383441,3.687071777593312,4.011540944063688,5.006011273001011,0.1294703334569931,"DL Hall",22207,669084
"Lyon Richardson","CIN",0,3,0,34,0,37.2,7.168142076890123,5.017699453823086,0.47787613845934157,0.29914529914529914,0.61188811,0.537815126,0.066666666,95.6311641179078,4.539823315363745,5.062315197446299,4.064339920766618,4.602008437878069,0.1279209405183792,"Lyon Richardson",24581,680689
"Sean Guenther","DET",0,0,0,8,0,10,7.200001373291277,4.5000008583070485,0,0.25925925925925924,0.5,0.36,0,91.15259806315105,4.5000008583070485,5.100221531204917,3.0351362991332973,4.422701947105528,0.12764079868793488,"Sean Guenther",20045,674944
"Kevin Herget","- - -",0,0,0,7,0,13,4.1538467632949185,3.4615389694124326,0,0.26666666666666666,0.70588235,0.311111111,0,92.12067286173503,2.7692311755299457,4.394791520252335,3.3659055828342828,5.9750032675988045,0.12419453635811806,"Kevin Herget",15369,643361
"Yimi García","TOR",1,2,3,22,0,21,10.714287660560183,5.142858077068888,0.8571430128448146,0.22,0.68965517,0.411764705,0.117647058,96.1436713836478,3.857143557801666,4.745667081398961,3.849422162244133,3.8594016093667878,0.121170774102211,"Yimi Garcia",12095,554340
"Ian Gibaut","CIN",0,1,0,25,0,25.1,5.328948438332897,2.842105833777545,1.0657896876665793,0.27710843373493976,0.70469799,0.360465116,0.075,94.12875,4.61842197988851,4.047205461934374,4.437768158688162,5.3326198880263025,0.12054870277643204,"Ian Gibaut",17871,664139
"Hurston Waldrep","ATL",1,0,0,1,0,5.2,6.352941889251472,3.176470944625736,0,0.1875,0.8,0.375,0,,1.588235472312868,2.7872782611289333,2.782195102137261,4.6866968223275025,0.11794314533472061,"Hurston Waldrep",33527,694462
"Brent Headrick","NYY",0,0,0,17,0,23,11.739133355298256,2.7391311162362597,1.565217780706434,0.26,0.87628866,0.25,0.16,93.84719718215813,3.130435561412868,3.109822558800673,3.830788665187425,3.245722557452137,0.11529889702796936,"Brent Headrick",27702,687396
"Martín Pérez","CHW",0,1,0,1,0,3.1,10.80000102996836,5.40000051498418,0,0.3333333333333333,0.8,0.444444444,0,91.29340362548828,2.70000025749209,5.074012875085084,2.5351362609863233,3.4601799380820872,0.11337074637413025,"Martin Perez",6902,527048
"Zak Kent","CLE",1,0,0,12,0,17.2,8.150944569561734,4.075472284780867,0.5094340355976084,0.32,0.6504065,0.372549019,0.047619047,,4.584906320378476,3.3874106262474313,3.587966572071328,4.684751198483756,0.11124619096517563,"Zak Kent",25703,687849
"Clay Holmes","NYM",0,0,0,2,0,4.2,5.7857150739554095,0,0,0.26666666666666666,0.75,0.733333333,0,,0,1.5442812302957978,1.8494218573278074,3.1709128786191343,0.10896388441324234,"Clay Holmes",13649,605280
"Robert Stephenson","LAA",2,0,0,12,0,10,9.000000858306967,2.70000025749209,0.9000000858306967,0.2222222222222222,0.72916667,0.296296296,0.083333333,96.52473250679348,2.70000025749209,3.327898892355662,3.635136365890508,4.185223596104363,0.10729432851076126,"Robert Stephenson",13594,596112
"Dustin May","- - -",1,0,0,2,0,7.2,5.869565704143831,5.869565704143831,0,0.3333333333333333,0.92307692,0.333333333,0,95.1909745379192,1.1739131408287662,5.040279688128123,3.78731028533388,5.194985428621385,0.1056692493148148,"Dustin May",19716,669160
"Elvis Alvarado","ATH",1,1,0,37,0,42.1,10.629922537005871,4.677165916282584,1.2755907044407047,0.27184466019417475,0.8266129,0.3853211,0.136363636,98.69042713772846,3.1889767611017614,3.8247971869217294,4.316238822318551,4.0761568214486195,0.10508689284324646,"Elvis Alvarado",21662,665660
"Chase Burns","CIN",0,0,0,5,0,9,10.000001059638242,3.0000003178914727,1.0000001059638242,0.30434782608695654,0.9375,0.333333333,0.083333333,99.46418185763889,2.0000002119276483,4.603404375428127,3.357358563976526,3.96856660402407,0.1036323830485344,"Chase Burns",35333,695505
"Kai-Wei Teng","SFG",1,0,0,1,0,5,7.2,1.8,0,0.23076923076923078,1,0.461538461,0,92.85865367542614,0,1.225076990077178,2.1351363182067873,3.985223495960236,0.10322954505681992,"Kai-Wei Teng",24282,678906
"Jesse Scholtens","TBR",0,1,0,2,0,8.1,12.960000494384785,3.240000123596196,1.080000041198732,0.36363636363636365,0.47169811,0.391304347,0.125,95.05145160222457,5.40000020599366,3.1702513759829642,2.8951363090515136,2.815206048205175,0.10311102122068405,"Jesse Scholtens",19205,669947
"Bradgley Rodriguez","SDP",1,0,0,7,0,7.2,10.565219581690991,3.521739860563664,0,0.25,0.9,0.5625,0,98.36282113882211,1.1739132868545545,2.288436428850488,3.1351363182067873,4.341715162542353,0.10285652428865433,"Bradgley Rodriguez",29107,699134
"Brady Basso","ATH",1,0,0,10,0,10.1,6.967742792897722,6.0967749437855066,0,0.28125,0.8125,0.59375,0,92.9106291118421,1.7419356982244305,3.291389390524048,3.619007345491352,4.812612123178766,0.10160327702760696,"Brady Basso",25582,669620
"Easton McGee","MIL",0,0,0,9,0,14.2,7.977273073078202,3.0681819511839237,0.6136363902367847,0.32558139534883723,0.59139785,0.5,0.066666666,92.85397135416666,5.522727512131063,4.278091017025306,3.2714999604816284,3.961915198722921,0.09739084541797638,"Easton McGee",22176,668834
"Trevor Richards","- - -",0,0,0,5,0,5.2,7.94117736156434,3.176470944625736,0,0.5,0.61538462,0.333333333,0,91.31834501378677,7.94117736156434,3.463895679167373,2.429253886067735,4.87789895488376,0.09683394245803356,"Trevor Richards",19309,670950
"Randy Vásquez","SDP",0,1,0,2,0,4.2,9.64285845659235,1.9285716913184698,0,0.46153846153846156,0.42857143,0.666666666,0,94.83160400390625,7.714286765273879,3.3320575845003666,1.6351361138479774,2.295881624493641,0.09532997012138367,"Randy Vasquez",24719,681190
"Nick Martinez","CIN",1,4,0,14,0,20.2,3.9193553210049688,2.6129035473366455,0.8709678491122153,0.171875,0.67901235,0.365079365,0.076923076,93.08106465242346,2.6129035473366455,3.0161758806071948,4.393200989146655,5.074744081948836,0.09501257538795471,"Nick Martinez",12730,607259
"Bailey Falter","KCR",0,1,0,2,0,4,9,4.5,0,0.5625,0.45454545,0.25,0,92.44045840992646,13.5,4.91086715552873,2.6351363182067873,4.947745290398598,0.09387420862913132,"Bailey Falter",20070,663559
"Bryan Hoeing","SDP",1,0,0,7,0,8,5.625002011657481,3.3750012069944884,0,0.32142857142857145,0.75,0.607142857,0,92.81463623046875,3.3750012069944884,2.4489554566069867,3.0101362735032877,4.744593622937431,0.08862105756998062,"Bryan Hoeing",26304,663773
"Jose Espada","BAL",0,0,0,1,0,3,12,0,0,0.2,1,0.4,0,93.83982631138393,0,0.05058534437600371,0.4684696515401212,2.0102089663346616,0.0865260437130928,"Jose Espada",21131,664744
"Colin Selby","BAL",0,2,0,11,0,14,9.000000613076388,1.285714373296627,1.285714373296627,0.3333333333333333,0.85526316,0.477272727,0.142857142,95.73058319091797,3.214285933241567,3.5090493802559624,3.4208506233838154,3.105447059550336,0.08596513420343399,"Colin Selby",24986,681882
"Brandon Eisert","CHW",3,8,2,69,0,66.2,9.855002631569612,3.3750009012224695,1.4850003965378866,0.3388888888888889,0.7852194,0.386243386,0.146666666,89.76668272453082,4.320001153564761,4.1339511229164145,4.440136666679475,4.029593286196424,0.08379987627267838,"Brandon Eisert",27668,685126
"Justin Martinez","ARI",1,2,5,17,0,15.1,12.913045352258216,7.043479283049935,0.586956606920828,0.20689655172413793,0.67961165,0.551724137,0.111111111,99.88131975446429,4.108696248445796,3.208426814051838,4.0481799289725195,4.1052877959440135,0.08295489102602005,"Justin Martinez",24453,679885
"Ian Seymour","TBR",1,1,0,14,0,31.1,9.478723788919806,3.4468086505162927,1.1489362168387642,0.2823529411764706,0.64171123,0.375,0.105263157,91.55730574324325,4.0212767589356755,3.993764738625691,4.124498060484612,4.334692557169782,0.07959888130426407,"Ian Seymour",27932,693855
"Dedniel Núñez","NYM",0,0,0,10,0,9.2,10.241380994300348,5.5862078150729175,0.9310346358454862,0.21739130434782608,0.66037736,0.208333333,0.066666666,96.22535196940105,4.655173179227431,5.242713290198806,4.066170954052273,5.113697649250579,0.07946595549583435,"Dedniel Nunez",23055,673380
"Rafael Montero","- - -",1,2,0,59,0,60.1,8.651935251593187,5.519338005326688,0.7458564872063093,0.24183006535947713,0.625,0.484076433,0.089285714,95.20829644344391,4.475138923237855,3.575084524346439,4.129611634481867,4.483270288364953,0.07763204537332058,"Rafael Montero",12760,606160
"Easton Lucas","TOR",1,0,0,1,0,4.2,5.7857150739554095,1.9285716913184698,0,0.2857142857142857,1,0.5,0,95.0248794555664,0,4.046138806515147,2.4922790877672973,3.8137701090586242,0.0756634771823883,"Easton Lucas",26058,687922
"Nick Burdi","BOS",0,0,0,4,0,5.1,8.43750050291422,3.375000201165688,0,0.35714285714285715,1,0.571428571,0,94.8283755653783,0,4.812671054316769,2.385136273503301,2.9632885510118148,0.07523445039987564,"Nick Burdi",16074,595897
"Chase Silseth","LAA",0,0,0,10,0,11,10.636365480659741,4.909091760304496,0.8181819600507494,0.32142857142857145,0.96153846,0.535714285,0.111111111,95.54070963541666,1.6363639201014988,4.047567105007524,3.862409171585231,3.942014079311156,0.07274122536182404,"Chase Silseth",30074,681217
"Erik Miller","SFG",4,1,0,36,0,30,6.600002098084163,6.000001907349239,0,0.2891566265060241,0.89361702,0.475,0,97.25404659431138,1.5000004768373099,4.567040081595103,3.9684699164497372,5.150470433540063,0.0718797966837883,"Erik Miller",26252,669062
"Mick Abel","MIN",0,1,0,2,0,5,12.6,7.2,0,0.47058823529411764,0.33333333,0.705882352,0,96.77241955773304,12.6,4.151908475982776,2.7351363182067874,3.3518320441246034,0.07080824673175812,"Mick Abel",27756,690953
"Sean Manaea","NYM",1,1,0,3,0,9.1,11.571428965549092,0,1.9285714942581822,0.36,0.85365854,0.346153846,0.2,92.11477864583334,3.8571429885163644,2.4283006318347327,3.3494220397910297,2.215571267023596,0.06842972338199615,"Sean Manaea",15873,640455
"Ryne Stanek","NYM",4,6,3,65,0,56,9.321431111316985,5.142858544174888,1.1250003065382566,0.310126582278481,0.62659847,0.327272727,0.0875,98.61234169069193,5.303572873680353,4.461877656697794,4.40299380652768,4.980478699300598,0.06680715829133987,"Ryne Stanek",15947,592773
"Austin Warren","NYM",1,0,0,5,0,9.1,8.678572610933115,3.8571433826369397,0.9642858456592349,0.2,1,0.38095238,0.1,93.86125102796052,0.9642858456592349,4.346555750240113,3.8851364203861922,4.144142864381456,0.06618193536996841,"Austin Warren",24937,681810
"Patrick Corbin","TEX",0,1,0,1,0,1,0,0,0,0.5,0,0.666666666,0,,18,4.3990985734726324,3.1351363182067873,4.676875633001328,0.06580311059951782,"Patrick Corbin",9323,571578
"Philip Abner","ARI",0,0,0,5,0,3.2,12.272736582881329,7.363641949728797,0,0.5,0.75,0.3,0,90.43641075721153,4.909094633152532,4.003661201008114,2.862408838587202,5.385256903913248,0.06417672336101532,"Philip Abner",33821,691769
"Patrick Monteverde","MIA",0,0,0,1,0,3.2,9.818183520608992,2.454545880152248,0,0.6,0.6,0.333333333,0,90.11736591045673,9.818183520608992,4.380212988997938,1.771499718122205,4.714820738542629,0.06190361827611923,"Patrick Monteverde",29564,687287
"J.P. France","HOU",1,0,0,2,0,4,11.25,4.5,0,0.2222222222222222,0.75,0.111111111,0,92.43125180844908,2.25,4.150087173585069,2.1351363182067873,4.447745290398598,0.06137549504637718,"J.P. France",21212,641585
"Ryan Burr","TOR",1,0,0,2,0,2,13.500006437304705,4.500002145768235,0,0.25,1,0.5,0,93.88928985595703,0,2.017182864217771,1.635135602950709,3.1768756529041933,0.05930504947900772,"Ryan Burr",17536,621114
"Yennier Cano","BAL",3,7,2,65,0,58,8.224139553755311,3.7241386658514615,1.0862071108733429,0.3353658536585366,0.66919192,0.548192771,0.155555555,94.81643288352272,5.12069066554576,3.634526539132518,4.273067577216956,3.900279041001923,0.058927904814481735,"Yennier Cano",25911,666974
"Logan Allen","CLE",1,0,0,1,0,1,18,0,0,0,1,1,0,92.11250305175781,0,0.7331011459946122,-0.8648636817932127,-0.8648636817932127,0.05805104598402977,"Logan Allen",27589,671106
"Keaton Winn","SFG",0,0,0,7,0,10,8.1,1.8,0.9,0.36666666666666664,0.71428571,0.516129032,0.09090909,95.7239621184593,4.5,3.272546706813833,3.2351363182067874,3.6310495644807816,0.0577826127409935,"Keaton Winn",23499,676775
"Matt Krook","ATH",0,0,0,3,0,3.1,8.100003089905965,2.7000010299686545,0,0.45454545454545453,0.66666667,0.3,0,,5.400002059937309,4.380544107965548,2.235135974883902,4.547745829266361,0.057288412004709244,"Matt Krook",19315,640454
"Tyler Matzek","NYY",0,0,0,7,0,6.1,9.947370418221407,7.105264584443862,0,0.4782608695652174,0.8125,0.304347826,0,94.53868836241882,4.263158750666317,5.303270015239572,3.293031086749984,5.970789381647725,0.056839264929294586,"Tyler Matzek",10058,554431
"Tom Cosgrove","CHC",0,0,0,2,0,4,6.75,2.25,0,0.25,0.75,0.583333333,0,,2.25,1.499632423935464,2.3851363182067873,3.5414408043026926,0.05583610758185387,"Tom Cosgrove",23443,676680
"Chris Devenski","NYM",0,0,0,12,0,14.2,7.363636682841418,3.0681819511839237,0.6136363902367847,0.21052631578947367,0.82191781,0.487179487,0.071428571,92.3402734375,2.454545560947139,4.382316039658533,3.8169545295809924,4.402251173620435,0.05571892857551575,"Chris Devenski",12763,606965
"Zach Thompson","ATL",0,0,0,2,0,3.2,7.363637640456744,2.454545880152248,0,0,1,0.375,0,91.28299082880434,0,1.2448783845967504,2.316954358156038,4.419326515599199,0.05518478900194168,"Zach Thompson",16094,605507
"Tyler Phillips","MIA",2,1,4,53,0,75,5.880000598144592,2.7600002807617474,0.9600000976562599,0.25339366515837103,0.82262211,0.561403508,0.119402985,96.04827521829044,2.7600002807617474,3.7677012390861853,4.21513642807008,4.2057568816657325,0.053794004023075104,"Tyler Phillips",20629,663969
"Paul Blackburn","- - -",0,0,1,11,0,24.2,8.027027233923505,2.1891892456155015,1.459459497077001,0.32432432432432434,0.52816901,0.448717948,0.16,93.04434967041016,6.567567736846505,3.2617089948074725,4.189190399429066,3.643655907119147,0.05349010042846203,"Paul Blackburn",14739,621112
"Joey Estes","ATH",0,0,0,1,0,4,2.25,0,0,0.08333333333333333,1,0.333333333,0,92.15612114800348,0,1.0833191118595176,2.6351363182067873,5.333180119097233,0.05184008926153183,"Joey Estes",26257,683155
"Joey Lucchesi","SFG",0,1,0,38,0,38.1,7.278261835282279,2.8173916781737853,0.9391305593912618,0.2672413793103448,0.73732719,0.529914529,0.111111111,92.7379042227057,3.756522237565047,3.5291088506100667,3.9699190376656865,4.061291623683473,0.05069467052817345,"Joey Lucchesi",19320,664192
"Ian Hamilton","NYY",2,0,0,35,0,39,9.692309588370609,4.8461547941853045,1.1538463795679297,0.2222222222222222,0.75,0.380434782,0.125,95.45262466242283,3.6923084146173752,4.112988323437799,4.340264759088847,4.25486916781359,0.050628673285245895,"Ian Hamilton",19261,641656
"Tanner Rainey","- - -",0,1,0,13,0,9.2,10.241382004673927,8.379312549278668,0,0.3076923076923077,0.33333333,0.48,0,95.3533613096993,11.172416732371556,5.606187323701676,3.962722742826902,4.600684006440442,0.05043074628338218,"Tanner Rainey",17610,663432
"Cristian Mena","ARI",1,0,0,3,0,6.2,10.80000102996836,4.050000386238135,1.350000128746045,0.14285714285714285,1,0.533333333,0.25,95.23683324353448,1.350000128746045,3.0522396782554115,4.035136404037484,3.010179895166739,0.050377752631902695,"Cristian Mena",27974,691441
"Ryan Bergert","SDP",1,0,0,4,0,4,4.5,0,0,0.09090909090909091,1,0.272727272,0,94.48348421663852,0,3.5683013557808763,2.8851363182067873,5.583180119097233,0.049381889402866364,"Ryan Bergert",29863,686701
"Doug Nikhazy","CLE",0,0,0,1,0,1,18,0,0,0,1,1,0,92.34529876708984,0,0.3183561279320604,-0.8648636817932127,-0.8648636817932127,0.049364712089300156,"Doug Nikhazy",30142,680951
"Hunter Strickland","LAA",1,2,1,19,0,22,5.727273720355245,4.090909800253747,0.8181819600507494,0.23076923076923078,0.74380165,0.323076923,0.066666666,93.62340353260869,3.2727278402029976,3.959698654304524,4.407863811619064,5.3284175823222535,0.04603298753499985,"Hunter Strickland",7836,519326
"Nick Sandlin","TOR",0,2,1,19,0,16.1,8.8163292760512,4.4081646380256,1.1020411595064,0.21951219512195122,0.76923077,0.372093023,0.1,91.31363118489584,2.2040823190128,4.378553594821844,4.604524530881987,4.9005319472980515,0.04581440985202789,"Nick Sandlin",20517,680704
"Lake Bachar","MIA",8,1,3,52,0,69,9.5217401832625,3.9130439109297943,1.3043479703099314,0.25,0.75,0.340782122,0.125,94.76957912071079,3.7826091138988014,4.441331749216506,4.338035001937057,4.241500863488741,0.043511971831321716,"Lake Bachar",19222,669199
"Ezequiel Duran","TEX",0,0,0,4,0,3.1,0,0,0,0.09090909090909091,1,0.363636363,0,41.5854833984375,0,2.02186853574634,3.1351363182067877,5.910267349494079,0.0433516763150692,"Ezequiel Duran",23733,677649
"Paxton Schultz","TOR",0,0,0,11,0,20,10.350000987053011,3.6000003433227867,1.350000128746045,0.3392857142857143,0.67164179,0.423728813,0.15,93.69323993929856,4.050000386238135,3.639571899106553,4.135136413574228,3.726875689433992,0.04224708303809166,"Paxton Schultz",25501,687606
"Michael Lorenzen","KCR",0,0,0,1,0,1,9,0,0,0,1,1,0,,0,1.0459290068131324,1.1351363182067873,1.1351363182067873,0.04110223054885864,"Michael Lorenzen",14843,547179
"Spencer Turnbull","TOR",1,0,0,2,0,4.1,4.153846458570514,4.153846458570514,0,0.4117647058823529,0.88888889,0.470588235,0,,2.076923229285257,4.107848652509703,3.596674813603511,5.375604922714132,0.039048101752996445,"Spencer Turnbull",16207,605513
"Jovani Morán","BOS",0,0,0,2,0,4,11.25,6.75,0,0.4166666666666667,0.625,0.416666666,0,92.22897865032327,6.75,3.984663743795464,2.8851363182067873,4.426875633001328,0.03893471509218216,"Jovani Moran",20422,663558
"Tristan Beck","SFG",1,0,2,30,0,53.2,6.7080748520406805,2.6832299408162723,1.0062112278061022,0.23225806451612904,0.65891473,0.41875,0.09375,94.6596546692607,4.360248653826442,4.187425350849091,4.104080463501552,4.48926028573286,0.038909465074539185,"Tristan Beck",21584,663941
"Tim Mayza","- - -",0,0,0,15,0,16.2,8.100001699447988,2.7000005664826627,1.080000226593065,0.3,0.80188679,0.557692307,0.117647058,94.05477469308036,3.780000793075728,3.0664358696451584,4.155136532211349,4.167710635939932,0.03864835947751999,"Tim Mayza",15042,641835
"Noah Murdock","ATH",1,1,0,14,0,17,11.117649553556904,10.588237670054193,0,0.4727272727272727,0.47916667,0.425925925,0,,13.235297087567742,5.591546028143833,4.54690134088068,6.270022138191296,0.03846634551882744,"Noah Murdock",27908,668716
"Chase Petty","CIN",0,1,0,1,0,0.2,0,0,0,0.3333333333333333,0.5,0,0,95.9366455078125,0,7.69291736469741,7.63514101207746,12.260363780944385,0.03624908998608589,"Chase Petty",30170,695534
"Joe Rock","TBR",0,0,0,3,0,7.2,12.91304454911643,2.3478262816575324,1.1739131408287662,0.3157894736842105,0.9375,0.55,0.2,93.86683238636364,2.3478262816575324,3.2887747324452112,3.5264406984830425,2.836270629157963,0.03451744467020035,"Joe Rock",30016,697812
"Walker Buehler","- - -",1,0,0,2,0,6,7.500001192093085,4.500000715255851,1.500000238418617,0.1875,0.89285714,0.352941176,0.125,93.86322457449776,3.000000476837234,5.985711218793333,5.135136636098276,5.024122371512422,0.0342271625995636,"Walker Buehler",19374,621111
"Payton Tolle","BOS",0,0,0,4,0,6,10.5,3,1.5,0.35294117647058826,0.78947368,0.5,0.25,97.46979469476744,3,3.425475645508552,3.968469651540121,2.8296291947364813,0.032929643988609314,"Payton Tolle",35466,801139
"Grant Holmes","ATL",0,0,0,1,0,1,18,0,0,0,1,1,0,95.6199951171875,0,0.4185004481259372,-0.8648636817932127,-0.8648636817932127,0.032733023166656494,"Grant Holmes",16944,656550
"Omar Cruz","SDP",0,0,0,2,0,3.2,12.272729400761241,7.363637640456744,0,0.4,0.71428571,0.3,0,93.281220703125,4.909091760304496,3.6418803425888235,2.8624089981898706,4.964781155633031,0.0319848470389843,"Omar Cruz",23875,678316
"Touki Toussaint","LAA",0,0,0,1,0,2,13.5,4.5,0,0.5714285714285714,0.6,0.428571428,0,,9,3.4749185666173465,1.6351363182067873,2.4060059756040575,0.031969279050827026,"Touki Toussaint",16929,657053
"Luis Curvelo","TEX",1,1,0,17,0,19,9.473686112591816,4.736843056295908,1.4210529168887724,0.27450980392156865,0.61403509,0.277777777,0.1,96.3050390625,5.68421166755509,3.696479498965274,4.661452414124358,5.043146145697108,0.03068869188427925,"Luis Curvelo",24710,681168
"Weston Wilson","PHI",0,0,0,2,0,3,0,0,0,0.25,1,0.166666666,0,52.54621039496528,0,4.546050900076462,3.1351363182067877,5.704701842864355,0.03021027334034443,"Weston Wilson",19358,642215
"Joey Wentz","- - -",2,1,0,26,0,37,8.270271762432984,5.108109029738019,1.2162164356519094,0.3274336283185841,0.63157895,0.370689655,0.102040816,94.14344764686561,6.324325465389928,4.824884376289121,4.83783932811946,5.122845499134431,0.030194222927093506,"Joey Wentz",19962,666214
"Logan Davidson","LAA",0,0,0,1,0,1,9,0,0,0,1,0,0,65.07537841796875,0,0.03004849684733632,1.1351363182067873,4.218614947795868,0.02976216934621334,"Logan Davidson",25844,669722
"Michael Kopech","LAD",0,0,0,14,0,11,9.818183520608992,10.636365480659741,0,0.21428571428571427,0.84210526,0.285714285,0,97.36109293193718,2.454545880152248,4.57553756688032,4.49877291829137,5.760196212757266,0.029668323695659637,"Michael Kopech",17282,656629
"Casey Lawrence","- - -",1,2,0,6,0,17.2,3.566037864182593,0.5094339805975133,1.0188679611950267,0.34782608695652173,0.51587302,0.408450704,0.08,88.31436326768663,4.075471844780107,8.212331738699707,4.154004279401813,4.86401276928529,0.029033963568508625,"Casey Lawrence",11121,596271
"Paul Sewald","- - -",1,1,2,22,0,19.2,9.152545331710987,2.745763599513296,1.8305090663421975,0.27450980392156865,0.70652174,0.145454545,0.105263157,90.59349530194257,4.576272665855494,3.7155691078253095,4.6605605401586185,4.995446782091259,0.028261259198188782,"Paul Sewald",13892,623149
"Cody Bolton","CLE",0,0,0,1,0,2,4.5,0,0,0.4444444444444444,0.25,0.333333333,0,94.60850016276042,13.5,6.430398601148714,2.1351363182067873,4.447745290398598,0.027453415095806122,"Cody Bolton",23265,675989
"Jack Little","LAD",0,0,0,2,0,3,6,3,0,0.4,0.66666667,0.3,0,93.642138671875,6,2.8442989343483376,3.8018029848734542,6.371368509531022,0.02628142200410366,"Jack Little",26152,669193
"Nick Raquet","STL",0,0,0,2,0,2,4.5,4.5,0,0,1,0.4,0,91.30806477864583,0,1.7863257677746338,3.6351363182067873,5.176875633001328,0.025604872032999992,"Nick Raquet",20333,675919
"Gerson Garabito","TEX",0,0,0,3,0,8,9.000001072883734,1.1250001341104667,1.1250001341104667,0.4827586206896552,0.36144578,0.433333333,0.166666666,93.883515625,9.000001072883734,5.979388491863813,3.885136407613765,3.4164408378368045,0.02549225650727749,"Gerson Garabito",19835,642520
"Jacob Stallings","COL",0,0,0,1,0,2,4.5,0,0,0.2857142857142857,0.5,0.428571428,0,72.5720955984933,4.5,4.494857576266232,2.1351363182067873,4.447745290398598,0.025257950648665428,"Jacob Stallings",13723,607732
"Scott Effross","NYY",0,0,0,11,0,10.2,5.062500301748532,2.531250150874266,0.843750050291422,0.36585365853658536,0.51136364,0.5,0.09090909,89.2533671061198,8.43750050291422,5.005882276823844,4.072636374086145,4.443805064591393,0.02351122908294201,"Scott Effross",18384,664123
"Ryan Gusto","HOU",1,0,0,10,0,20,8.550000815391618,3.6000003433227867,1.350000128746045,0.29310344827586204,0.75630252,0.278688524,0.083333333,94.01126302083334,3.1500003004074384,4.706887449806698,4.385136437416088,5.21026728273687,0.02321542054414749,"Ryan Gusto",26440,687473
"Clayton Kershaw","LAD",0,0,0,1,0,1,0,0,0,0,1,0.666666666,0,90.50533040364583,0,3.9140596779101284,3.1351363182067873,4.676875633001328,0.02296365611255169,"Clayton Kershaw",2036,477132
"Jose Trevino","CIN",0,0,0,2,0,2.1,3.8571433826369397,3.8571433826369397,0,0.4,0.8,0.1,0,56.152352792245374,3.8571433826369397,9.62781297885975,3.5637078051664473,7.528180869040428,0.02260509319603443,"Jose Trevino",16725,624431
"Jose Herrera","ARI",0,0,0,2,0,2,0,0,0,0.4,0.75,0.5,0,43.64741120515046,4.5,7.730075913857469,3.1351363182067873,3.9060059756040575,0.0221725907176733,"Jose Herrera",17040,645444
"Reiver Sanmartin","CIN",0,0,0,1,0,1.2,10.800004119874618,5.400002059937309,0,0.4,0.66666667,0.6,0,92.81376139322917,0,2.5579397064155502,2.535136089324864,4.385223972830832,0.021655071526765823,"Reiver Sanmartin",19754,665665
"Christian Montes De Oca","ARI",0,0,0,1,0,2.2,6.750001609325793,3.3750008046628963,0,0,1,0.5,0,95.88252258300781,0,0.6944985565492594,2.760136228799799,4.494593371470464,0.020498575642704964,"Christian Montes De Oca",30206,801216
"Jhonathan Díaz","SEA",0,0,0,1,0,1.1,6.750001609325793,0,0,0.25,1,0.25,0,90.01812744140625,0,2.820876352185373,1.6351359605788334,3.9477454841397206,0.020374450832605362,"Jhonathan Diaz",20298,646242
"Logan Evans","SEA",0,0,0,1,0,3,3,3,0,0.2,0.66666667,0.5,0,93.00340270996094,3,1.9711947655949298,3.468469651540121,5.524122071266175,0.02017454244196415,"Logan Evans",33699,688138
"Christian Koss","SFG",0,0,0,4,0,4,0,0,0,0.25,1,0.375,0,83.52696736653645,0,5.810163540227249,3.1351363182067873,5.447745290398598,0.020038489252328873,"Christian Koss",27653,683766
"Joel Peguero","SFG",3,1,0,17,0,22.1,6.850747828867403,3.2238813312317194,0.8059703328079298,0.22033898305084745,0.79207921,0.533333333,0.086956521,99.92913348858173,2.4179109984237894,3.4258502969804745,3.851554391813836,4.275136767697081,0.019762089475989342,"Joel Peguero",21951,666711
"Nathan Wiles","ATL",0,0,0,1,0,1,9,0,0,0.6666666666666666,0.25,0.166666666,0,93.91670057508681,27,8.344391917746101,1.1351363182067873,2.6768756330013277,0.01974187046289444,"Nathan Wiles",25474,686249
"Chris Bassitt","TOR",0,0,0,1,0,1,9,0,0,0,1,1,0,,0,0.5394263445399904,1.1351363182067873,1.1351363182067873,0.018922265619039536,"Chris Bassitt",12304,605135
"Connor Seabold","- - -",0,0,0,7,0,10.1,8.709678491122153,5.225807094673291,0.8709678491122153,0.3548387096774194,0.78313253,0.34375,0.058823529,92.34122548204788,4.3548392455610765,4.451051673890457,4.199652578232829,5.477998059878718,0.01787734031677246,"Connor Seabold",19695,657756
"Ali Sánchez","TOR",0,0,0,1,0,1,9,0,0,0.6,0.33333333,0.2,0,54.80084228515625,18,5.898993044825104,1.1351363182067873,7.302093577384949,0.01780962385237217,"Ali Sanchez",18551,645305
"Michael Stefanic","TOR",0,0,0,1,0,1,0,0,0,0,1,0,0,61.37197004045759,0,0.43123565731247404,3.1351363182067873,7.7603542625904085,0.01780962385237217,"Michael Stefanic",25353,683021
"Justin Bruihl","TOR",0,0,0,15,0,13.2,11.853661569508745,4.6097572770311785,1.3170735077231939,0.4594594594594595,0.70247934,0.461538461,0.2,,5.2682940308927755,3.666574124833964,4.159526824213716,3.3851895393531017,0.01780243217945099,"Justin Bruihl",23779,677865
"Andre Granillo","STL",1,0,1,14,0,21,7.714287816262331,3.000000817435351,1.285714636043722,0.3064516129032258,0.73643411,0.28125,0.09375,94.4965587797619,4.714286998826981,3.8929608522722075,4.4208509542505094,4.913025282330004,0.01708897389471531,"Andre Granillo",29542,701552
"Niko Kavadas","LAA",0,0,0,1,0,1.2,5.400002059937309,5.400002059937309,0,0.42857142857142855,1,0.428571428,0,55.8117822265625,0,8.211513486642277,3.7351365470887106,4.660180488841695,0.016222771257162094,"Niko Kavadas",29782,694359
"José Quijada","LAA",0,0,0,2,0,1.1,20.250004827977378,13.500003218651585,0,0.3333333333333333,1,0.333333333,0,95.31878167229729,0,7.08023670885252,3.1351363182067873,3.1351363182067873,0.016210263594985008,"Jose Quijada",19200,650671
"Brooks Kriske","- - -",0,1,0,16,0,18,9.000000476837183,7.500000397364319,0.5000000264909547,0.35185185185185186,0.5952381,0.388888888,0.05,93.3585195899906,7.500000397364319,4.575543718081196,4.357358605184676,5.348180118563112,0.01605823915451765,"Brooks Kriske",21189,621139
"Isiah Kiner-Falefa","TOR",0,0,0,1,0,0.2,0,0,0,0,1,0,0,68.77761404854911,0,0.057623709351546676,3.1351363182067877,7.760359087073711,0.01565585471689701,"Isiah Kiner-Falefa",16512,643396
"Freddy Tarnok","MIA",1,0,1,5,0,7.1,12.272727804735695,4.909091121894278,1.2272727804735695,0,0.86956522,0.692307692,0.333333333,95.2817715731534,2.454545560947139,2.5108432945250936,4.226045456405516,3.0840296720436857,0.01351338904350996,"Freddy Tarnok",23324,676206
"Michael Soroka","CHC",0,0,0,5,0,6.1,7.105264584443862,5.68421166755509,0,0.16666666666666666,0.5,0.666666666,0,94.6537577311198,0,3.6280029767318336,3.924610160922772,5.141773022239927,0.013140460476279259,"Michael Soroka",18383,647336
"Ryan Borucki","- - -",1,3,0,39,0,35,8.22857367067982,4.11428683533991,1.0285717088349775,0.2717391304347826,0.64356436,0.544444444,0.16,,4.628572689757399,4.932217250725725,4.249422336111346,3.8649503133471343,0.013096671551465988,"Ryan Borucki",16350,621366
"Nolan Hoffman","PHI",0,0,0,1,0,1,18,9,0,0.75,0.25,0.5,0,94.43245152064732,27,2.0076604700769285,2.1351363182067873,2.1351363182067873,0.012630937620997429,"Nolan Hoffman",23381,676510
"Willie MacIver","ATH",0,0,0,2,0,2,0,0,0,0.4,1,0.7,0,41.21321275499132,0,3.8975485004785653,3.1351363182067873,4.676875633001328,0.012610062025487423,"Willie MacIver",24641,680862
"Chad Patrick","MIL",0,0,0,4,0,4,15.75,4.5,2.25,0.2857142857142857,0.83333333,0.375,0.25,95.12958084909539,4.5,3.8233112986689326,4.385136318206787,2.6768756330013277,0.012536691501736641,"Chad Patrick",30113,694477
"Ryan Fitzgerald","MIN",0,0,0,2,0,2,0,0,0,0.25,1,0.125,0,50.16455078125,0,15.06462965662695,3.1351363182067873,6.218614947795868,0.011917841620743275,"Ryan Fitzgerald",24622,680837
"Austin Hedges","CLE",0,0,0,3,0,3,3,3,0,0.42857142857142855,0.71428571,0.357142857,0,70.63630022321429,6,9.962503960815356,3.468469651540121,5.524122071266175,0.011791403405368328,"Austin Hedges",12976,595978
"Fraser Ellard","CHW",1,2,0,15,0,13.1,11.475002735853847,8.10000193119095,0.6750001609325793,0.21739130434782608,0.625,0.375,0.1,94.75051353717673,5.4000012874606345,5.5948850414436455,4.485136640071946,4.666441169394219,0.011641987599432468,"Fraser Ellard",29530,686642
"John Curtiss","ARI",3,2,1,30,0,36.2,5.890910112365395,1.227272940076124,1.227272940076124,0.22429906542056074,0.59259259,0.29090909,0.1,94.24855696950172,3.9272734082435967,4.277508905200564,4.00786374226092,4.337508319594123,0.010215927846729755,"John Curtiss",16128,595928
"Luke Williams","ATL",0,0,0,6,0,6,6.000000953674468,1.500000238418617,1.500000238418617,0.2631578947368421,0.89285714,0.25,0.09090909,63.015164227552816,3.000000476837234,3.885755277085869,4.46846986346778,5.128325378805647,0.009064296260476112,"Luke Williams",19931,663897
"Brian Van Belle","TBR",1,0,0,4,0,8.1,6.480000247192392,0,2.160000082397464,0.39285714285714285,0.78431373,0.333333333,0.166666666,90.806591796875,5.40000020599366,3.5245256812554566,4.815136382293704,3.9152409612695562,0.008833475410938263,"Brian Van Belle",27695,687003
"Luis Vázquez","BAL",0,0,0,4,0,4.1,0,2.076923229285257,0,0.23076923076923078,1,0.692307692,0,35.89384608114919,0,6.5548844955157275,3.8274440613018728,4.894802126768245,0.00799758080393076,"Luis Vazquez",23442,676679
"Jake Palisch","CHW",0,0,0,1,0,1,0,0,0,0.5,0.33333333,0.5,0,91.9954605102539,18,9.582997090497077,3.1351363182067873,4.676875633001328,0.007967152632772923,"Jake Palisch",31598,669449
"Trevor McDonald","SFG",0,0,0,1,0,2,4.5,4.5,0,0.375,0.5,0.714285714,0,,9,6.876697562648879,3.6351363182067873,5.176875633001328,0.007492854725569487,"Trevor McDonald",26448,686790
"Kyle Harrison","- - -",0,0,0,5,0,8.1,9.720000370788588,3.240000123596196,1.080000041198732,0.2,0.92105263,0.333333333,0.09090909,95.58470458984375,2.160000082397464,2.684261090852219,3.9751363502502457,4.45023226390251,0.007282335311174393,"Kyle Harrison",27758,690986
"Alan Trejo","COL",0,0,0,1,0,1,0,0,0,0.3333333333333333,1,1,0,82.95139723557692,0,4.639818690623258,3.1351363182067873,3.1351363182067873,0.0068894317373633385,"Alan Trejo",20056,676701
"Jacob Amaya","CHW",0,0,0,1,0,1,0,0,0,0,1,0,0,48.265848795572914,0,0.2603869089761358,3.1351363182067873,7.7603542625904085,0.0065490067936480045,"Jacob Amaya",23296,676070
"Nate Eaton","BOS",0,0,0,1,0,1,0,0,0,0.5,1,0.5,0,,0,6.797024933269507,3.1351363182067873,4.676875633001328,0.006034383550286293,"Nate Eaton",25055,681987
"Willi Castro","MIN",0,0,0,1,0,1,0,0,0,0.25,1,0,0,54.64143371582031,0,1.7540393069754199,3.1351363182067873,7.7603542625904085,0.005958920810371637,"Willi Castro",17338,650489
"Anthony Seigler","MIL",0,0,0,1,0,1,0,0,0,0.25,1,0.25,0,69.72774436257102,0,0.3580140596490219,3.1351363182067873,7.7603542625904085,0.005860093981027603,"Anthony Seigler",23802,678011
"Jacob Barnes","TOR",0,1,0,6,0,8,5.625000670552334,3.3750004023314,1.1250001341104667,0.3333333333333333,0.34482759,0.392857142,0.1,94.03932472511575,9.000001072883734,6.2251167755083205,4.635136497020743,4.937310676535888,0.005687764845788479,"Jacob Barnes",12323,606930
"Garrett Hampson","STL",0,0,0,1,0,1,0,0,0,0,1,0.666666666,0,46.928131103515625,0,1.2641265119029022,3.1351363182067873,4.676875633001328,0.005371824372559786,"Garrett Hampson",19262,641658
"Carlos Rodriguez","MIL",1,0,0,4,0,9.2,10.241379983926969,8.379310895940248,0.9310345439933608,0.41379310344827586,0.72815534,0.3,0.0625,93.92912688078704,6.517241807953526,3.9644461204133514,4.997205406193509,6.204222282481092,0.0050191087648272514,"Carlos Rodriguez",30161,692230
"Justin Garza","NYM",0,0,0,5,0,6.2,4.050000386238135,1.350000128746045,1.350000128746045,0.30434782608695654,0.65789474,0.375,0.111111111,95.96263122558594,5.40000051498418,6.1275578930733285,4.635136461257948,4.7664845487569085,0.005003815051168203,"Justin Garza",19784,621057
"Jake Rogers","DET",0,0,0,4,0,3.2,0,0,0,0.3333333333333333,0.83333333,0.4,0,75.82619018554688,2.454545880152248,9.278789011677608,3.9533182782575365,6.055690435700697,0.004288629628717899,"Jake Rogers",19452,668670
"Tomás Nido","DET",0,0,0,1,0,1.2,0,0,0,0,1,0.4,0,54.164767795138886,0,1.4750229746463008,4.935137004852557,7.7102688301115085,0.004248898010700941,"Tomas Nido",13755,621512
"Austin Slater","NYY",0,0,0,1,0,0.2,0,0,0,0.3333333333333333,1,1,0,38.47423095703125,0,4.006741990999732,3.1351363182067877,3.1351363182067877,0.004225842654705048,"Austin Slater",16153,596103
"Austin Pope","ARI",0,0,0,1,0,2,4.5,4.5,0,0.2857142857142857,1,0.571428571,0,94.0700619346217,0,6.441254520879534,3.6351363182067873,4.4060059756040575,0.003874937305226922,"Austin Pope",26136,687166
"Zach McKinstry","DET",0,0,0,1,0,0.1,0,0,0,0,1,1,0,35.68804931640625,0,0.13045833496424797,3.1351363182067877,3.1351363182067877,0.001985555747523904,"Zach McKinstry",19392,656716
"Christian Roa","MIA",0,0,0,2,0,3,9,9,0,0.16666666666666666,1,0.5,0,96.90166558159723,0,11.210564013345278,4.135136318206788,5.162962528069815,0.00036632505361922085,"Christian Roa",27662,685005
"Alex Lange","DET",0,0,0,1,0,1,9,9,0,0.5,1,0.25,0,96.15384674072266,0,3.856936068870915,4.135136318206787,7.218614947795868,0.0002799195935949683,"Alex Lange",19883,656638
"Craig Kimbrel","- - -",0,1,0,14,0,12,12.750002026558244,5.250000834465159,1.500000238418617,0.34782608695652173,0.91549296,0.28,0.153846153,93.37671430958997,2.2500003576279255,4.098575239688799,4.218469823731344,3.7220206691836286,0.00018568156519904733,"Craig Kimbrel",6655,518886
"César Salazar","HOU",0,0,0,1,0,1,0,0,0,0,1,0,0,57.90902432528409,0,1.7232515421739532,6.135136318206787,10.760354262590408,0.00013243786816019565,"Cesar Salazar",21587,663967
"Davis Daniel","ATL",0,0,0,1,0,1,9,0,0,0,1,0.5,0,92.72547258649554,0,3.507673408774301,4.135136318206787,5.676875633001328,-0.00020881963428109884,"Davis Daniel",27582,669721
"Joey Gerber","TBR",0,0,0,2,0,4.1,8.307692917141027,0,2.076923229285257,0.2,1,0.454545454,0.166666666,93.70131293402778,2.076923229285257,1.2603430097940151,4.288982556698596,3.4236984675526365,-0.000898956845048815,"Joey Gerber",24591,680702
"Cade Horton","CHC",1,0,0,1,0,4,11.25,0,2.25,0.2727272727272727,0.55555556,0.272727272,0.2,,6.75,3.0670492608011806,4.635136318206787,3.312310461699963,-0.0010223784483969212,"Cade Horton",31872,690990
"Carson Fulmer","LAA",0,0,0,13,0,29.1,7.977273073078202,3.375000146302316,1.5340909755919618,0.24691358024691357,0.5862069,0.423529411,0.138888888,92.70651771282327,5.829545707249455,3.951647492656682,4.703318204367459,4.379543713034604,-0.0013945294776931405,"Carson Fulmer",18311,608334
"A.J. Puk","ARI",0,0,4,8,0,8,13.5,2.25,2.25,0.3333333333333333,0.97560976,0.3,0.222222222,96.52531008376289,3.375,2.8564904461139626,4.510136318206787,2.9945930473506452,-0.0015935521805658937,"A.J. Puk",19343,640462
"Brandon Waddell","NYM",0,0,0,10,0,28.1,6.352941889251472,3.176470944625736,0.9529412833877208,0.25882352941176473,0.8490566,0.356321839,0.081081081,90.7564617406542,2.8588238501631626,4.895816735337413,4.264548209629272,4.901407856873517,-0.0018157477024942636,"Brandon Waddell",18347,663399
"Korey Lee","CHW",0,0,0,2,0,3,0,6,0,0.3333333333333333,0.83333333,0.333333333,0,74.3985262784091,3,8.01208486507506,5.135136318206788,8.732528052727382,-0.0020041405223309994,"Korey Lee",25543,686676
"Alan Rangel","PHI",0,0,1,5,0,11,6.545454545454546,4.909090909090909,0.8181818181818182,0.2903225806451613,0.89041096,0.28125,0.058823529,92.67022383840461,2.4545454545454546,5.761030103824759,4.498772681843151,5.699642531980167,-0.002295450773090124,"Alan Rangel",19524,660604
"Dylan Smith","DET",1,0,0,7,0,13,2.7692309723803428,3.4615387154754282,0,0.16666666666666666,0.85714286,0.527777777,0,94.90848894817073,1.3846154861901714,3.9253074383345545,4.365905639264717,5.551859045338464,-0.00324193574488163,"Dylan Smith",30145,681916
"Luis Morales","ATH",0,0,0,1,0,2,0,4.5,0,0.375,0.75,0.25,0,96.17912946428571,4.5,6.987168888680393,4.635136318206787,8.489484605193137,-0.004437002819031477,"Luis Morales",32227,806960
"Tucker Barnhart","TEX",0,0,0,1,0,2,0,0,0,0.5,0.5,0.6,0,44.07731767134233,13.5,7.10799145398474,4.635136318206787,6.947745290398598,-0.004659363068640232,"Tucker Barnhart",10200,571466
"Carlos Carrasco","NYY",0,0,0,2,0,5,9,1.8,1.8,0.47368421052631576,0.625,0.421052631,0.125,90.9079059103261,9,3.2767385293717908,4.3351363182067875,4.201919221878052,-0.00517967389896512,"Carlos Carrasco",6632,471911
"Jake Woodford","ARI",0,4,3,22,0,36.1,5.6972485039735155,3.2201839370285086,0.743119370083502,0.328125,0.58098592,0.4453125,0.073170731,92.97108644859813,6.440367874057017,5.034549636748852,4.263576843148401,4.929943319182108,-0.0052587613463401794,"Jake Woodford",18674,663765
"José Urquidy","DET",0,0,0,2,0,2.1,11.571430147910819,11.571430147910819,0,0.5,0.71428571,0.25,0,93.04116482204861,7.714286765273879,8.593688874709,4.420850779085767,6.403087311022757,-0.005838701967149973,"Jose Urquidy",18413,664353
"Lance McCullers Jr.","HOU",0,1,0,3,0,4,6.75,9,0,0.375,0.54545455,0.5,0,,4.5,6.4096761608746045,5.385136318206787,7.697745290398598,-0.005956070031970739,"Lance McCullers Jr.",14120,621121
"Yaramil Hiraldo","BAL",0,0,0,18,0,19.2,9.610171666264993,4.118644999827854,1.8305088888123795,0.26,0.6372549,0.37735849,0.148148148,94.76703287760417,4.576272222030949,2.6081201014202904,5.016492676152843,4.489049921173814,-0.00799820851534605,"Yaramil Hiraldo",25215,682274
"Jacob Misiorowski","MIL",0,0,0,1,0,2.1,11.571430147910819,11.571430147910819,0,0.42857142857142855,0.66666667,0.428571428,0,99.60317993164062,3.8571433826369397,5.5126669807847986,4.420850779085767,6.403087311022757,-0.008775919675827026,"Jacob Misiorowski",31623,694819
"Cody Poteet","BAL",0,0,0,1,0,2.2,3.3750008046628963,6.750001609325793,0,0.46153846153846156,0.375,0.384615384,0,92.43247680664062,16.87500402331448,5.492060606178748,4.635136675834741,9.260355722956515,-0.009831415489315987,"Cody Poteet",18769,547001
"Owen White","CHW",0,0,0,3,0,7,7.714286765273879,3.8571433826369397,1.28571446087898,0.52,0.64102564,0.423076923,0.166666666,92.0927670127467,9.00000122615286,6.5770743557376,4.563707941405655,4.028055852538455,-0.010027335025370121,"Owen White",22273,669391
"Jake Bauers","MIL",0,0,0,5,0,5,1.8,5.4,0,0.34782608695652173,0.69230769,0.260869565,0,79.36506652832031,3.6,7.13316312955152,5.735136318206788,9.743658536672593,-0.010063506662845612,"Jake Bauers",15194,641343
"Matt Bowman","BAL",0,1,0,20,0,24.2,6.567568752520311,2.189189584173437,1.4594597227822912,0.32142857142857145,0.62874251,0.348837209,0.108108108,90.54564412434895,6.202703821824738,5.16765640314911,4.756758232409333,4.961259133390084,-0.010354077443480492,"Matt Bowman",13528,621199
"Michael Darrell-Hicks","- - -",1,0,0,7,0,9.2,7.448276351946887,3.7241381759734433,0.9310345439933608,0.3103448275862069,0.51470588,0.333333333,0.09090909,94.62471226283482,7.448276351946887,7.4606183090703615,4.3765157101979355,4.786081164315313,-0.010356444865465164,"Michael Darrell-Hicks",31501,690382
"Abraham Toro","BOS",0,0,0,1,0,1,0,9,0,0.5714285714285714,0.6,0.428571428,0,43.900634765625,18,6.311969073651978,6.135136318206787,9.218614947795867,-0.010736167430877686,"Abraham Toro",19844,647351
"Luke Maile","KCR",0,0,0,1,0,1,0,9,0,0,1,0.333333333,0,67.17869215745192,0,2.4896757555528293,6.135136318206787,9.218614947795867,-0.01097555086016655,"Luke Maile",13355,571912
"Grant Holman","ATH",4,2,0,20,0,20.2,7.40322740070564,3.4838717179791243,1.3064518942421717,0.3384615384615385,0.67114094,0.455882352,0.12,94.76808763586956,5.661291541716077,5.155776500941322,4.683523748419732,4.661434205107849,-0.011207847855985165,"Grant Holman",30002,680880
"Tyler Wade","SDP",0,0,0,1,0,1,0,9,0,0.4,0.66666667,0.6,0,52.486239963107636,9,8.35718767979739,6.135136318206787,7.676875633001328,-0.011383757926523685,"Tyler Wade",15730,642180
"Alec Burleson","STL",0,0,0,1,0,1,0,0,0,0.3333333333333333,1,0.333333333,0,51.36757114955357,0,9.96678409369381,6.135136318206787,7.676875633001328,-0.011837515980005264,"Alec Burleson",27615,676475
"Luis Guerrero","BOS",0,1,0,13,0,17.1,5.192308644571423,7.269232102399991,0,0.1875,0.65217391,0.458333333,0,96.56098090277777,4.153846915657138,6.315276181890046,4.404367320213135,5.91645807934665,-0.011946147307753563,"Luis Guerrero",31184,692285
"Leo Rivas","SEA",0,0,0,1,0,1,0,9,0,0.6,1,0.4,0,42.70837741427951,0,17.15527706043285,6.135136318206787,7.676875633001328,-0.01247958093881607,"Leo Rivas",21009,660844
"Nick Anderson","COL",0,0,0,12,0,14.2,6.136364301374208,1.2272728602748415,1.8409092904122624,0.30434782608695654,0.60810811,0.354166666,0.15,95.1110162815126,6.136364301374208,4.447764113779935,4.839681957477401,4.282962780955321,-0.012930787168443203,"Nick Anderson",18337,623433
"Casey Kelly","ARI",0,0,0,2,0,1.2,0,5.400002059937309,0,0.2,1,0.4,0,91.51065063476562,0,3.83879221143988,4.935137004852557,6.785224888358524,-0.013631325215101242,"Casey Kelly",9174,543391
"Nicky Lopez","LAA",0,0,0,1,0,0.1,0,27.000028163224034,0,0,1,0,0,64.7232894897461,0,5.492735977445581,12.135145705948133,16.760368474815056,-0.013905122876167297,"Nicky Lopez",19339,670032
"Jared Young","NYM",0,0,0,1,0,0.1,0,27.000028163224034,0,0.5,1,0.5,0,63.06363747336648,0,6.094793925362128,12.135145705948133,16.760368474815056,-0.014943215064704418,"Jared Young",20404,676724
"Jordan Weems","HOU",0,1,0,4,0,4.1,0,6.230769687855771,0,0.45,0.41666667,0.25,0,95.61150801809211,14.538462604996798,10.883865099560317,5.212059547492045,7.702561700246912,-0.01535276509821415,"Jordan Weems",13190,607179
"Dom Hamel","NYM",0,0,0,1,0,1,0,0,0,0.6,1,0.4,0,91.9030990600586,0,10.204240568351711,6.135136318206787,7.676875633001328,-0.015600432641804218,"Dom Hamel",30153,687589
"Javier Assad","CHC",1,0,0,1,0,2.1,3.8571433826369397,7.714286765273879,0,0.2857142857142857,1,0.428571428,0,93.34532165527344,0,5.90464338258092,4.849422266045427,6.170913287336754,-0.01630098931491375,"Javier Assad",21741,665871
"Michael Fulmer","- - -",0,0,0,3,0,5.2,4.764706416938604,3.176470944625736,1.588235472312868,0.29411764705882354,0.75757576,0.222222222,0.09090909,93.52734375,4.764706416938604,9.757325655329382,5.429254222658708,6.127924735648595,-0.01686139777302742,"Michael Fulmer",13218,605242
"Victor Mederos","LAA",0,0,0,2,0,4,9,9,0,0.2222222222222222,0.71428571,0.666666666,0,,4.5,3.320300200785359,4.885136318206787,5.6560059756040575,-0.017014238983392715,"Victor Mederos",31533,682989
"Calvin Faucher","MIA",4,4,15,65,0,60.1,8.801105714332683,3.580110799050583,1.1933702663501944,0.2795031055900621,0.77034884,0.458333333,0.145454545,95.99041581284153,3.281768232463034,4.302006605447967,4.245633649393774,3.927329683007951,-0.017164716497063637,"Calvin Faucher",20116,676534
"Isaiah Campbell","BOS",0,0,0,6,0,7.2,3.521739422486299,1.1739131408287662,1.1739131408287662,0.41379310344827586,0.66176471,0.633333333,0.2,96.05614013671875,7.043478844972598,5.009201974538222,4.830788632737227,4.140618563412148,-0.018218912184238434,"Isaiah Campbell",25551,663462
"Seth Johnson","PHI",1,1,0,10,0,12.2,12.07894797470434,2.8421054058127857,2.131579054359589,0.26666666666666666,0.64814815,0.515151515,0.25,96.9535245028409,4.263158108719178,2.231855940333808,4.477241648729493,2.8588893394095285,-0.019216297194361687,"Seth Johnson",26020,686751
"Jonathan Pintaro","NYM",0,0,0,1,0,0.2,13.500014081612017,27.000028163224034,0,0.6666666666666666,0.5,0.666666666,0,96.46514892578125,27.000028163224034,12.542712692932337,9.135142576701018,9.135142576701018,-0.0197425726801157,"Jonathan Pintaro",33980,702752
"Tim Hill","NYY",4,4,0,70,0,67,4.970150385648901,2.1492542208211463,1.0746271104105731,0.2403846153846154,0.74840764,0.647887323,0.156862745,89.90287341101696,3.0895529424303976,3.3920004224816243,4.2993156878182415,3.9206395576149933,-0.02042071707546711,"Tim Hill",16814,657612
"AJ Blubaugh","HOU",3,0,0,8,0,21,8.571428571428571,2.142857142857143,1.7142857142857142,0.10416666666666667,1,0.372549019,0.129032258,94.9184716504491,1.7142857142857142,2.911640464626023,4.420850603921073,4.220561020998728,-0.02066791243851185,"AJ Blubaugh",31764,805123
"Randy Wynne","CIN",0,0,1,1,0,3,9,3,3,0.25,1,0.333333333,0.166666666,90.66257934570312,3,4.608974313162747,6.468469651540121,5.218614947795869,-0.021796323359012604,"Randy Wynne",25804,691094
"Mike Burrows","PIT",1,0,0,4,0,9.1,4.821428735645456,1.9285714942581822,0.9642857471290911,0.27586206896551724,0.94339623,0.333333333,0.083333333,96.15348583156779,1.9285714942581822,6.009343488800384,4.420850647712242,5.010229786807928,-0.022053876891732216,"Mike Burrows",24728,681347
"Marc Church","TEX",0,0,0,5,0,4.2,9.64285845659235,11.571430147910819,0,0.3333333333333333,0.8,0.416666666,0,96.45143159906915,3.8571433826369397,7.990034282170894,4.849422266045427,6.831658797982417,-0.022725757211446762,"Marc Church",26353,687847
"Carl Edwards Jr.","- - -",0,0,0,4,0,6,9,4.5,1.5,0.21428571428571427,0.71428571,0.4,0.142857142,,4.5,3.2815496639945914,4.801802984873454,4.433832185467085,-0.023156318813562393,"Carl Edwards Jr.",13607,605218
"Tanner Scott","LAD",1,4,23,61,0,57,9.473685478569898,2.8421056435709695,1.7368423377378146,0.296551724137931,0.70957096,0.392156862,0.177419354,96.53583170572917,4.736842739284949,4.177118438902456,4.696540035971085,3.864747600377907,-0.02339387685060501,"Tanner Scott",17586,656945
"Carson Ragsdale","BAL",0,0,0,2,0,5,7.2,1.8,1.8,0.47368421052631576,0.3125,0.3,0.1,93.79875578703704,14.4,4.784587059010577,4.735136318206788,5.218614947795868,-0.023667993023991585,"Carson Ragsdale",27508,685068
"Bailey Horn","DET",0,1,0,10,0,11.1,7.94117802979655,5.558824620857585,0.7941178029796551,0.3125,0.96385542,0.393939393,0.125,95.55168071546052,1.5882356059593101,5.7860477261043455,4.370430678397362,4.311658418477415,-0.023806100711226463,"Bailey Horn",27753,690544
"Tyler Owens","DET",0,0,0,3,0,3,3,9,0,0.2727272727272727,0.83333333,0.454545454,0,95.31130052649456,3,7.160453750438549,5.468469651540121,6.496295861403148,-0.0241717342287302,"Tyler Owens",26030,687074
"Hunter Dobbins","BOS",0,0,0,2,0,8,5.625,4.5,1.125,0.25,0.83333333,0.36,0.111111111,96.3052288552989,3.375,6.545802026019039,5.010136318206787,5.119593047350645,-0.024382032454013824,"Hunter Dobbins",30240,690928
"Joey Cantillo","CLE",1,0,1,21,0,28.1,11.435296170456143,4.447059621844056,1.5882355792300198,0.29411764705882354,0.6875,0.410958904,0.208333333,91.90887566332547,3.8117653901520474,4.20190117133155,4.370430657607914,3.3822567233357876,-0.024619674310088158,"Joey Cantillo",23335,676282
"Hayden Harris","ATL",0,0,0,3,0,2.2,0,6.750001609325793,0,0.3,0.8,0.4,0,91.93297758556548,3.3750008046628963,11.208151515584678,5.385136854648718,7.119593997319384,-0.02617711015045643,"Hayden Harris",31913,802686
"Sauryn Lao","- - -",1,0,0,8,0,11,7.363638278867101,1.6363640619704667,1.6363640619704667,0.34285714285714286,0.70422535,0.472222222,0.153846153,92.96751990685097,4.9090921859114,5.152442096301512,4.680591265623339,4.139010314973657,-0.02620419696904719,"Sauryn Lao",21922,666659
"Alex Jackson","BAL",0,0,0,1,0,1,0,18,0,0.5,0.4,0.166666666,0,62.0361328125,27,14.17754871412963,9.135136318206786,12.218614947795867,-0.02671143040060997,"Alex Jackson",17276,656577
"Bobby Miller","LAD",0,0,0,1,0,2,0,4.5,0,0.375,0.8,0.375,0,98.22515106201172,4.5,10.880299458038117,6.135136318206787,9.218614947795867,-0.02691621147096157,"Bobby Miller",27483,676272
"Bryce Jarvis","ARI",0,0,1,12,0,22,8.590910580532869,4.090909800253747,1.227272940076124,0.31746031746031744,0.67114094,0.318181818,0.096774193,94.01539450698758,5.727273720355245,4.09262660947655,4.49877291829137,4.898496567539345,-0.02707516774535179,"Bryce Jarvis",27477,686826
"Travis Jankowski","NYM",0,0,0,1,0,1,0,9,0,0.5,0.5,0.25,0,44.14247013972356,18,25.785009730925744,9.135136318206786,10.676875633001327,-0.027432043105363846,"Travis Jankowski",13768,608671
"Adam Ottavino","NYY",0,0,0,3,0,1.2,16.200016608255247,21.60002214434033,0,0,1,0,0,93.90928955078125,0,5.521689968775423,6.735140008930175,8.58522908339474,-0.02886117994785309,"Adam Ottavino",1247,493603
"Mike Yastrzemski","SFG",0,0,0,1,0,1,0,9,0,0.4,0.5,0.6,0,75.14469909667969,18,10.814790730000393,9.135136318206786,12.218614947795867,-0.029040539637207985,"Mike Yastrzemski",14854,573262
"Miles Mastrobuoni","SEA",0,0,0,1,0,1,0,18,0,0.25,1,0.5,0,52.30771802819294,0,5.045020871381304,9.135136318206786,12.218614947795867,-0.029088027775287628,"Miles Mastrobuoni",20017,670156
"Brent Suter","CIN",1,2,0,45,0,59.2,7.391062240074439,2.564246083291132,1.5083800489947834,0.27624309392265195,0.67692308,0.43315508,0.138888888,,4.826816156783307,4.134000752710993,4.626756588879406,4.308408465547631,-0.029199054464697838,"Brent Suter",13942,608718
"Michael Petersen","- - -",0,0,0,15,0,18,8.500001801385201,3.500000741746848,1.5000003178915062,0.28846153846153844,0.67307692,0.277777777,0.125,97.4435451341712,4.000000847710683,6.233307083673391,4.579581068768978,4.468566798301374,-0.030083482153713703,"Michael Petersen",20827,656848
"Liam Hendriks","BOS",0,2,0,14,0,13.2,7.902439943457806,4.609756633683721,1.3170733239096344,0.2702702702702703,0.52325581,0.282051282,0.111111111,95.14739990234375,6.5853666195481715,6.123006369777902,5.037575563854038,5.165720042145395,-0.030498933047056198,"Liam Hendriks",3548,521230
"Tyler Holton","DET",6,3,0,64,0,70.1,6.781991747452388,2.175355843522464,1.4075831928674767,0.22727272727272727,0.79861111,0.470588235,0.177419354,92.13882396260246,3.1990527110624467,3.725936090108211,4.386321378533433,3.7122146810768206,-0.030846737325191498,"Tyler Holton",26231,663947
"Yilber Díaz","ARI",0,0,0,1,0,3,3,9,0,0.36363636363636365,0.57142857,0.363636363,0,94.59352022058823,9,13.146822772124793,5.468469651540121,7.524122071266175,-0.031100982800126076,"Yilber Diaz",29271,700270
"Gavin Hollowell","CHC",0,0,0,7,0,9.1,9.64285845659235,6.750000919614645,0.9642858456592349,0.32,0.75342466,0.423076923,0.125,94.59233012952302,4.821429228296175,5.108450851104982,4.635136522565597,4.56377021123803,-0.03352326899766922,"Gavin Hollowell",25427,668970
"Angel Perdomo","ATH",0,0,0,4,0,3.1,5.400002059937309,8.100003089905965,0,0.2,0.66666667,0.6,0,93.01161702473958,5.400002059937309,7.938150737255195,5.53513723373448,6.922703146363956,-0.03355323150753975,"Angel Perdomo",17759,622780
"Aaron Civale","CHC",1,0,1,5,0,13,9.692307692307692,0,2.076923076923077,0.13333333333333333,1,0.393939393,0.214285714,92.56513129340277,2.076923076923077,3.3595545897932673,4.673597856668326,3.3339325033701384,-0.03371099755167961,"Aaron Civale",19479,650644
"Brett de Geus","PHI",0,0,0,1,0,2,0,13.5,0,0.14285714285714285,0.75,0.714285714,0,,4.5,5.165196806552304,7.635136318206787,9.176875633001327,-0.034643836319446564,"Brett de Geus",23592,676969
"Ty Adcock","NYM",0,0,0,3,0,3,15.000004768373097,6.000001907349239,3.0000009536746197,0.16666666666666666,1,0.166666666,0.2,97.22447294347427,3.0000009536746197,2.036402799434379,6.135137271881407,4.3713689025187765,-0.03684980049729347,"Ty Adcock",25651,686654
"Chas McCormick","HOU",0,0,0,3,0,3,3,6,0,0.3,0.71428571,0.4,0,68.46773726851852,6,7.170653634879946,6.468469651540121,8.524122071266175,-0.0371120385825634,"Chas McCormick",19599,676801
"Jon Berti","CHC",0,0,0,4,0,3.2,0,9.818183520608992,0,0.26666666666666666,0.625,0.133333333,0,56.036295572916664,7.363637640456744,16.40025047276015,6.407864158409785,9.35118517883021,-0.0378059558570385,"Jon Berti",12037,542932
"Lucas Gilbreath","COL",0,0,0,1,0,1,18,0,9,0,1,0,1,88.92369733537946,9,31.175790194203817,12.135136318206786,0.6768756330013277,-0.038343656808137894,"Lucas Gilbreath",21290,656458
"Lou Trivino","- - -",3,2,0,45,0,45.2,7.0948919432136535,3.5474459716068267,1.1824819905356088,0.2835820895522388,0.76791809,0.330882352,0.092307692,94.71013919890873,3.941606635118696,5.085384802829081,4.777472416172911,5.263889787250021,-0.03908398747444153,"Lou Trivino",15043,642152
"Nick Lodolo","CIN",0,0,0,1,0,1,0,18,0,0.4,0.75,0.6,0,95.69923231336806,9,18.874580761977736,9.135136318206786,9.135136318206786,-0.03969854488968849,"Nick Lodolo",26378,666157
"Garrett Acton","TBR",0,0,0,1,0,1,0,18,0,0,1,0,0,93.83528406479779,0,3.329839607112616,9.135136318206786,13.760354262590408,-0.0399162620306015,"Garrett Acton",27583,670183
"Vinny Capra","CHW",0,0,0,3,0,3,3,0,3,0.3076923076923077,0.27777778,0.214285714,0.125,52.2341194152832,6,5.935210482700478,6.801802984873454,6.579774490992229,-0.0401616208255291,"Vinny Capra",25040,681962
"Allan Winans","NYY",0,0,0,2,0,5,9,5.4,1.8,0.3888888888888889,0.41666667,0.5,0.166666666,89.3101473721591,9,7.915236261473241,5.535136318206787,4.785223495960236,-0.040549471974372864,"Allan Winans",21238,642216
"Yosver Zulueta","CIN",1,0,0,7,0,7.1,6.1363647003806205,4.909091760304496,1.227272940076124,0.18181818181818182,0.52631579,0.363636363,0.1,97.69314340444711,6.1363647003806205,5.542217265418292,5.18059121833366,5.510235795666864,-0.04112483188509941,"Yosver Zulueta",27765,691172
"Kyle Backhus","ARI",0,3,2,32,0,25.1,7.815792219791691,2.842106261742433,1.0657898481534123,0.31645569620253167,0.7183908,0.346153846,0.115384615,,4.618422675331454,4.497333575067592,4.240399864439956,4.2832375973066,-0.04374771565198898,"Kyle Backhus",29615,679775
"Luke Little","CHC",0,0,0,2,0,2.2,13.500003218651585,20.250004827977378,0,0.2,0.71428571,0.5,0,,3.3750008046628963,4.676483683535475,6.885137212276672,8.041441974057115,-0.044134628027677536,"Luke Little",28036,681432
"Bubba Chandler","PIT",2,0,1,3,0,12,6.75,0.75,1.5,0.21212121212121213,0.97826087,0.4,0.2,98.5223415798611,2.25,6.519983827529839,4.551802984873454,3.6699190805355713,-0.04436620697379112,"Bubba Chandler",29868,696149
"Carlos Duran","ATH",0,0,0,1,0,0.1,0,81.0000844896721,0,0.5,0.25,0,0,95.74149576822917,81.0000844896721,16.855445466167712,30.13516448143082,34.76038725029775,-0.04452674835920334,"Carlos Duran",24458,679922
"Jeff Brigham","ARI",0,0,0,4,0,3.1,8.10000077247627,2.70000025749209,2.70000025749209,0.46153846153846156,0.75757576,0.214285714,0.2,94.8535546875,8.10000077247627,11.460160964835229,6.1351366043091105,4.547745425115501,-0.045330245047807693,"Jeff Brigham",16631,656257
"Dugan Darnell","COL",1,0,0,9,0,11.2,3.8571433826369397,5.400000735691716,0.771428676527388,0.2571428571428571,0.76923077,0.428571428,0.076923076,93.86711090686275,3.8571433826369397,4.801276040036606,5.192279455613155,5.795931917196764,-0.04645712301135063,"Dugan Darnell",27812,699911
"Dean Kremer","BAL",0,1,0,2,0,8.1,10.80000041198732,3.240000123596196,2.160000082397464,0.17647058823529413,0.76923077,0.263157894,0.2,93.12833898207721,4.320000164794928,4.6205916898968855,4.93513638687134,3.6652235161814577,-0.047784946858882904,"Dean Kremer",19350,665152
"Cole Wilcox","TBR",0,0,0,1,0,1,9,27,0,0.5,0,0.375,0,95.85325792100694,27,9.725237037698308,10.135136318206786,13.218614947795867,-0.04786287993192673,"Cole Wilcox",27481,677961
"Blake Treinen","LAD",2,7,2,32,0,26.2,12.150002027750354,6.412501070201576,1.350000225305595,0.38235294117647056,0.72687225,0.333333333,0.114285714,95.18101846018145,5.40000090122238,3.640557695279329,4.747636587321804,4.821169450261758,-0.05098016560077667,"Blake Treinen",12572,595014
"Jhonny Pereda","ATH",0,0,0,3,0,3,9,6,3,0.5714285714285714,0.41666667,0.333333333,0.166666666,88.29222276475694,21,9.06564102912145,7.46846965154012,6.218614947795869,-0.05116882175207138,"Jhonny Pereda",19802,640902
"Daniel Robert","PHI",0,0,0,15,0,13,10.384616908237296,6.923077938824865,1.3846155877649728,0.28125,0.76923077,0.264705882,0.133333333,95.95473881091101,4.1538467632949185,4.259672494224062,5.135136611645081,4.914066557818962,-0.05366181954741478,"Daniel Robert",21229,642016
"T.J. McFarland","ATH",0,0,0,27,0,15.2,4.021279206802178,1.7234053743437905,1.1489369162291936,0.39344262295081966,0.66176471,0.612903225,0.142857142,87.84869384765625,6.893621497375162,5.5294195227128515,4.667052206512379,4.3852020494908155,-0.053837016224861145,"T.J. McFarland",3237,519008
"Caleb Freeman","CHW",0,0,0,5,0,3.1,8.100003089905965,2.7000010299686545,2.7000010299686545,0.36363636363636365,0.86956522,0.272727272,0.2,96.2172492532169,5.400002059937309,4.575599057357198,6.135137462616404,4.547745829266361,-0.05512339994311333,"Caleb Freeman",26255,673965
"Chris Stratton","- - -",0,0,0,15,0,21,9.428572284932118,4.285714674969144,1.7142858699876575,0.4117647058823529,0.6043956,0.486111111,0.16,91.57617334572666,7.71428641494446,5.042351980422094,4.944660292082648,4.303873703875985,-0.05684133432805538,"Chris Stratton",13761,608717
"Kyle Farmer","COL",0,0,0,1,0,1,0,0,9,0.5,1,0.2,0.5,42.271327427455354,9,24.30601666741052,16.135136318206786,6.218614947795868,-0.057782791554927826,"Kyle Farmer",14813,571657
"Will Wilson","CLE",0,0,0,1,0,2,0,0,4.5,0.14285714285714285,0,0.125,0.25,64.63127136230469,9,22.97879022323984,9.635136318206786,6.218614947795868,-0.058398034423589706,"Will Wilson",25434,669717
"Wade Miley","CIN",0,0,0,1,0,2,0,0,4.5,0.4166666666666667,0.43478261,0.333333333,0.333333333,90.79864501953125,18,8.4517804059416,9.635136318206786,5.447745290398598,-0.059195756912231445,"Wade Miley",8779,489119
"Pablo Reyes","NYY",0,0,0,1,0,1,0,0,9,0.5714285714285714,0.55555556,0.25,0.333333333,60.33860948350694,27,14.187287365376791,16.135136318206786,7.7603542625904085,-0.059893544763326645,"Pablo Reyes",16357,622569
"Antonio Senzatela","COL",0,0,0,7,0,22,5.727273223813944,3.6818185010232494,1.2272728336744165,0.2916666666666667,0.90604027,0.373333333,0.1,95.33969155844156,2.863636611906972,5.916629069146774,4.998772843416086,5.328417392169872,-0.060403354465961456,"Antonio Senzatela",15488,622608
"Luis Contreras","HOU",0,0,0,9,0,12,9.750000774860444,6.000000476837196,1.500000119209299,0.2903225806451613,0.61728395,0.242424242,0.105263157,91.09221662554825,6.750000536441846,3.50575441903607,5.135136477152519,5.409557080719532,-0.06218591332435608,"Luis Contreras",25839,664351
"Randy Dobnak","MIN",0,0,0,1,0,5.1,1.687500100582844,3.375000201165688,1.687500100582844,0.06666666666666667,1,0.5,0.2,92.4047607421875,1.687500100582844,5.72951469831068,6.322636508196604,5.330517056681558,-0.06237912178039551,"Randy Dobnak",23798,677976
"Joe Ryan","MIN",0,0,0,1,0,5,7.2,3.6,1.8,0.16666666666666666,0.55555556,0.384615384,0.142857142,91.29112830528847,5.4,4.356785958134363,5.3351363182067875,4.893571358919144,-0.0635441243648529,"Joe Ryan",21390,657746
"Logan Porter","SFG",0,0,0,1,0,1,0,0,9,0.25,1,0.6,1,,9,17.598616476736588,16.135136318206786,4.676875633001328,-0.06463860720396042,"Logan Porter",20626,682515
"Andrew Walters","CLE",0,0,0,2,0,1.1,13.500003218651585,0,6.750001609325793,0.3333333333333333,0,0.25,0.333333333,96.54503716362848,13.500003218651585,3.863264572445519,9.885137927532579,3.6040498882922103,-0.06486517190933228,"Andrew Walters",33834,689958
"Chase Shugart","PIT",4,3,0,35,0,45,6.200001051161203,3.40000057644324,1.2000002034505552,0.21428571428571427,0.77464789,0.333333333,0.096774193,95.41554236778846,3.40000057644324,4.6387000508861425,4.690692137494544,5.081533037475454,-0.0655301958322525,"Chase Shugart",21544,663767
"Roansy Contreras","- - -",0,0,0,5,0,12.2,4.263158429692724,1.4210528098975745,2.131579214846362,0.23076923076923078,0.64814815,0.357142857,0.136363636,94.98127585018382,5.684211239590298,3.4720478637733834,5.977241938001937,5.576052276512944,-0.06565295159816742,"Roansy Contreras",22810,672710
"Jared Triolo","PIT",0,0,0,1,0,1,0,9,9,0.3333333333333333,0.76923077,0.142857142,0.25,81.13271586100261,0,8.634080149882399,19.135136318206786,12.302093577384948,-0.06665774434804916,"Jared Triolo",25807,669707
"José Berríos","TOR",0,0,0,1,0,2,13.5,9,4.5,0.25,0.38461538,0.6,0.5,93.47036743164062,13.5,4.936268349864818,9.635136318206786,4.676875633001328,-0.06677870452404022,"Jose Berrios",14168,621244
"Mason Black","SFG",0,0,0,1,0,4,11.25,0,4.5,0.25,0,0.357142857,0.25,92.91758991109914,6.75,4.554715489030665,7.135136318206787,3.718614947795868,-0.0670703575015068,"Mason Black",30171,696131
"Xzavion Curry","MIA",0,1,0,3,0,3,3.0000009536746197,9.000002861023859,0,0.3333333333333333,0.42857143,0.363636363,0,90.91726539248512,6.000001907349239,4.211639140753917,5.468470393287047,8.038036734787756,-0.0675203949213028,"Xzavion Curry",25595,675540
"Rowdy Tellez","TEX",0,0,0,1,0,2,0,0,4.5,0.4444444444444444,0.65217391,0.4,0.5,56.64831012228261,13.5,15.026270912576042,11.135136318206786,6.176875633001328,-0.06927339732646942,"Rowdy Tellez",15679,642133
"Oswald Peraza","LAA",0,0,0,2,0,2.1,0,0,3.8571433826369397,0.5714285714285714,0.23255814,0.533333333,0.333333333,39.223333740234374,30.857147061095517,6.341568548211135,9.992280109561346,6.403087311022757,-0.06942731142044067,"Oswald Peraza",22823,672724
"Lazaro Estrada","TOR",0,0,0,2,0,7.1,12.272727804735695,1.2272727804735695,2.454545560947139,0.4,0.58823529,0.238095238,0.222222222,93.55357623922414,8.590909463314986,4.916419399784773,5.180590952329403,3.527270948816847,-0.07151429355144501,"Lazaro Estrada",24914,681751
"José Castillo","- - -",2,2,0,29,0,32,8.437501760200034,3.9375008214266822,1.1250002346933379,0.3711340206185567,0.76335878,0.54,0.173913043,93.24291314019098,3.9375008214266822,4.13268354804514,4.572636618092719,4.055761642772772,-0.07209351751953363,"Jose Castillo",17169,620454
"Matt Sauer","LAD",2,1,1,9,0,25.2,7.714286478640715,2.1038963123565586,1.753246926963799,0.358974358974359,0.58823529,0.414634146,0.178571428,94.34935028698979,6.6623383224624355,5.050151678147646,4.888383245170586,4.037813062747286,-0.07444696873426437,"Matt Sauer",22284,669422
"Cooper Hummel","HOU",0,0,0,1,0,1,0,0,9,0.5714285714285714,0.43478261,0.25,0.333333333,77.38908835018383,36,23.104989791409626,19.135136318206786,10.760354262590408,-0.07498741894960403,"Cooper Hummel",19458,669450
"Reese McGuire","CHC",0,0,0,1,0,1,0,9,9,0.25,1,0.2,0.5,40.485923767089844,9,15.699663870927786,19.135136318206786,9.218614947795867,-0.07685588300228119,"Reese McGuire",15674,624512
"Vidal Bruján","ATL",0,0,0,2,0,2,0,4.500002145768235,4.500002145768235,0.3333333333333333,0.55555556,0.3,0.2,54.6103349165483,13.500006437304705,6.505412204212709,11.135140132905871,8.489487158346577,-0.07712613046169281,"Vidal Brujan",20536,660644
"Joel Payamps","- - -",0,1,1,30,0,26.1,8.202533229882587,3.07594996120597,1.3670888716470977,0.34615384615384615,0.6043956,0.31707317,0.1,94.7766435731132,6.835444358235489,6.79313056000031,4.540199880732971,4.907398910838761,-0.07763884356245399,"Joel Payamps",14332,606303
"Robinson Piña","- - -",0,0,0,2,0,2.1,3.8571433826369397,3.8571433826369397,3.8571433826369397,0.36363636363636365,0.43478261,0.333333333,0.2,93.32248202237216,7.714286765273879,12.000482350508088,9.135137135642026,6.867435358394765,-0.07806402671849355,"Robinson Pina",23091,673820
"Hunter Stratton","- - -",1,1,1,15,0,19,7.578948890073453,3.315790139407136,1.4210529168887724,0.3333333333333333,0.72916667,0.322580645,0.107142857,95.95201697716347,5.210527361925499,6.223379243478264,5.082505130239549,5.301910480303345,-0.0793578289449215,"Hunter Stratton",23455,676702
"Logan VanWey","HOU",0,0,0,9,0,10.2,5.9062503520399545,2.531250150874266,1.687500100582844,0.3611111111111111,0.74074074,0.378378378,0.153846153,93.01957194010417,5.062500301748532,4.470317900007038,5.385136452317246,4.826631208933586,-0.08042832463979721,"Logan VanWey",31884,701121
"Tyler Heineman","TOR",0,0,0,3,0,3.1,0,0,2.70000025749209,0.5833333333333334,0.32051282,0.4,0.166666666,53.08968379579741,32.40000308990508,16.27846109209117,8.8351368618012,7.7102675211554725,-0.08210008591413498,"Tyler Heineman",13897,623168
"Jake Eder","LAA",0,1,0,8,0,18.1,7.363636874364463,4.418182124618678,1.4727273748728926,0.24,0.72115385,0.288461538,0.111111111,93.21921641791045,4.909091249576308,4.22002100995537,5.2624091930231875,5.405698012022483,-0.0828700065612793,"Jake Eder",27590,671109
"Simeon Woods Richardson","MIN",0,1,0,1,0,4.1,6.230769687855771,2.076923229285257,2.076923229285257,0.4,0.78947368,0.1875,0.125,94.01500447591145,6.230769687855771,11.77205407404531,6.135136538285492,5.98142449278378,-0.08292829990386963,"Simeon Woods Richardson",24494,680573
"Michael Mercado","PHI",0,0,0,3,0,3,12,12,3,0.5454545454545454,0.625,0.363636363,0.25,96.60850232712765,15,9.47233185106637,8.801802984873454,6.524122071266175,-0.08516862243413925,"Michael Mercado",23223,675650
"Jonah Bride","MIN",0,0,0,4,0,6,3,4.5,1.5,0.4482758620689655,0.51136364,0.233333333,0.0625,72.83345389660494,15,7.764389333738516,7.135136318206788,9.079774490992229,-0.08631349354982376,"Jonah Bride",24703,681146
"Sean Hjelle","SFG",1,1,0,11,0,11.1,4.764706416938604,5.558824153095038,0.794117736156434,0.3953488372093023,0.59322034,0.441860465,0.09090909,,8.735295097720774,5.64749688948389,5.0763130065891815,5.425648263084125,-0.08662959933280945,"Sean Hjelle",21481,663546
"Ben Bowden","ATH",0,0,0,11,0,10.2,5.9062508800999645,4.218750628642831,1.6875002514571327,0.21212121212121213,0.71428571,0.4,0.111111111,93.33614169034091,4.218750628642831,6.735850199276622,5.666386695392487,5.830571813573762,-0.08755988627672195,"Ben Bowden",20198,641386
"Amed Rosario","WSN",0,0,0,1,0,1,0,18,9,0.5714285714285714,0.53571429,0.5,0.5,50.059683663504465,36,18.85257169995176,22.135136318206786,12.218614947795867,-0.0881146788597107,"Amed Rosario",15518,642708
"Gary Sánchez","BAL",0,0,0,1,0,1,0,9,9,0.25,0,0.2,0.333333333,79.14365234375,36,31.72804817168969,22.135136318206786,13.760354262590408,-0.08863035589456558,"Gary Sanchez",11442,596142
"Emmanuel Rivera","BAL",0,0,0,1,0,1,0,18,9,0.7,0.23255814,0.363636363,0.2,58.276866319444444,72,17.465850757968767,22.135136318206786,16.84383289217949,-0.08863035589456558,"Emmanuel Rivera",19890,656896
"Rob Zastryzny","MIL",2,1,0,25,0,21,7.714288516921458,4.2857158427341435,1.285714752820243,0.22413793103448276,0.87719298,0.4,0.103448275,91.81221433886054,2.571429505640486,3.4270577700840854,4.849422655300446,5.1213484745228754,-0.08863788843154907,"Rob Zastryzny",15094,642239
"Dillon Tate","TOR",0,0,0,6,0,6.1,11.36842333511018,8.526317501332635,1.4210529168887724,0.3888888888888889,0.88235294,0.263157894,0.125,90.63539632161458,4.263158750666317,6.568342655207397,5.977242151984332,5.87207073903022,-0.08916573971509933,"Dillon Tate",17796,622253
"Richard Fitts","BOS",1,0,0,1,0,4,13.5,6.75,2.25,0.14285714285714285,0.65217391,0.375,0.333333333,95.99715383429276,6.75,4.749363411112096,6.385136318206787,4.291440804302693,-0.08943863958120346,"Richard Fitts",30160,690916
"Sam Moll","CIN",1,0,0,23,0,18.1,10.800005243477333,4.909093292489697,1.9636373169958787,0.26666666666666666,0.49019608,0.361702127,0.19047619,92.06289210464016,6.381821280236606,3.779923195786371,5.207864597257993,4.1374927472587935,-0.08946657925844193,"Sam Moll",14874,594580
"Chase Lee","DET",4,1,0,32,0,37.1,8.67857349770459,2.1696433744261476,1.6875004023314482,0.26595744680851063,0.78313253,0.356435643,0.162790697,89.478515625,4.0982152628049455,5.094186739372595,4.52799379314703,3.8662469533072863,-0.08993902057409286,"Chase Lee",29574,695445
"Kirby Yates","LAD",4,3,3,50,0,41.1,11.322582038458798,3.701613358726915,1.9596776605024844,0.29292929292929293,0.69124424,0.29906542,0.16981132,92.75036399147727,5.225807094673291,4.201332407919737,4.756104259610077,3.902366663040158,-0.09040607511997223,"Kirby Yates",9073,489446
"Kevin Newman","LAA",0,0,0,2,0,4,0,0,4.5,0.14285714285714285,0.83333333,0.0625,0.142857142,74.21334838867188,6.75,8.996561041137529,9.635136318206786,8.531223919987678,-0.09136925637722015,"Kevin Newman",17696,621028
"Blas Castaño","SEA",0,0,0,1,0,3,3,6,3,0.2727272727272727,0.71428571,0.25,0.142857142,93.25042114257812,9,13.646605431438902,9.801802984873454,9.065861386060716,-0.09220737218856812,"Blas Castano",26117,680604
"Charlie Morton","BAL",0,1,0,6,0,16.1,9.367347668032561,4.4081636084859115,1.653061353182217,0.23809523809523808,0.77380952,0.466666666,0.2,94.47303025265957,3.8571431574251727,4.259693764404444,4.9106466605136125,3.938774527010681,-0.09351526200771332,"Charlie Morton",4676,450203
"Dane Dunning","- - -",0,0,2,12,0,20.2,9.145161993669848,3.0483873312232825,1.7419356178418757,0.3333333333333333,0.59859155,0.40625,0.166666666,88.92060089111328,6.967742471367503,5.604229327027418,5.070620338031093,4.34489819617132,-0.09550885856151581,"Dane Dunning",19409,641540
"Taijuan Walker","PHI",1,1,1,13,0,20,9.450000901222316,4.500000429153483,1.8000001716613934,0.2,0.86956522,0.37037037,0.173913043,92.83062220982143,3.1500003004074384,4.307027302404232,5.1351365089416685,4.308136642086537,-0.0955415740609169,"Taijuan Walker",11836,592836
"Julian Merryweather","CHC",0,1,0,21,0,18.2,7.232144581420492,5.303572693041694,0.964285944189399,0.35,0.67307692,0.44262295,0.125,96.28034277921597,5.785715665136394,6.7768310177351525,4.688708117178597,4.6173417985588605,-0.0955464169383049,"Julian Merryweather",16703,657240
"Tayler Saucedo","SEA",0,0,0,10,0,13.1,8.10000077247627,4.050000386238135,1.350000128746045,0.37777777777777777,0.60344828,0.574468085,0.166666666,91.17406209309895,7.425000708103248,5.769375386934469,4.860136482715623,4.297701812392759,-0.09675804525613785,"Tayler Saucedo",17888,642048
"Kenta Maeda","DET",0,0,0,7,0,8,9.000001072883734,6.7500008046628,1.1250001341104667,0.32,0.60240964,0.4,0.111111111,90.79111328125,7.875000938773267,5.798382571372996,6.135136675834699,6.244593418026817,-0.09708980470895767,"Kenta Maeda",18498,628317
"John Rooney","HOU",0,0,0,1,0,1.1,13.500003218651585,6.750001609325793,6.750001609325793,0,1,0.333333333,0.5,90.92974853515625,6.750001609325793,7.308413212195151,12.13513846397451,4.6977456629536976,-0.09768060594797134,"John Rooney",24590,680701
"Zach Maxwell","CIN",0,0,0,8,0,10,11.700001115799056,3.6000003433227867,2.70000025749209,0.30434782608695654,0.91836735,0.307692307,0.333333333,99.47866981907895,4.500000429153483,3.8811055907745367,5.635136556625389,3.122701700336016,-0.0979810282588005,"Zach Maxwell",31610,687209
"Michael Tonkin","MIN",2,1,0,21,0,24,7.125001132488431,3.000000476837234,1.1250001788139627,0.25,0.69444444,0.323943661,0.1,92.36401583241151,4.8750007748605055,5.409355757706087,4.8018032497830285,5.103977441305498,-0.09892753511667252,"Michael Tonkin",10315,543859
"Bryan Hudson","- - -",0,1,0,16,0,15,11.400002174377857,7.800001487732217,1.2000002288818796,0.3333333333333333,0.73529412,0.425,0.133333333,90.63607700892857,4.8000009155275185,4.649574309085612,5.335136737823566,5.143542682741108,-0.09944728948175907,"Bryan Hudson",19924,663542
"Frankie Montas","NYM",0,0,0,2,0,5,5.4,7.2,1.8,0.2777777777777778,0.69767442,0.368421052,0.111111111,95.32510811941964,3.6,6.056262802203659,6.935136318206787,7.11026708483696,-0.0998261347413063,"Frankie Montas",14309,593423
"Jorge Mateo","BAL",0,0,0,1,0,1,0,18,9,0.5714285714285714,0.45454545,0.125,0.333333333,65.79702845982143,45,39.927222113796546,25.135136318206786,16.760354262590408,-0.10116728395223618,"Jorge Mateo",17273,622761
"Cooper Criswell","BOS",1,0,1,6,0,10.2,4.218750628642831,2.531250377185699,1.6875002514571327,0.32558139534883723,0.61728395,0.533333333,0.142857142,,5.062500754371398,3.634031543462881,5.478886667452805,5.064919456434718,-0.10126115381717682,"Cooper Criswell",24975,681867
"Julian Fernández","- - -",1,0,0,4,0,5,9,3.6,3.6,0.09090909090909091,0.90909091,0.461538461,0.4,97.03688401442308,5.4,8.455213546300184,7.535136318206788,3.876875633001328,-0.10260465741157532,"Julian Fernandez",18341,642759
"Austin Nola","COL",0,0,0,1,0,1,0,0,18,0.6666666666666666,0,0.09090909,0.25,53.96361462823276,72,37.93225310591062,29.135136318206786,15.46905083656311,-0.10278909653425217,"Austin Nola",15941,543592
"Scott Kingery","LAA",0,0,0,1,0,2,4.5,0,9,0.6666666666666666,0.43478261,0.235294117,0.222222222,38.90773179796007,36,10.826443800320371,15.135136318206786,9.072963234782218,-0.10338827967643738,"Scott Kingery",17975,664068
"Jayvien Sandridge","NYY",0,0,0,1,0,0.2,27.000028163224034,27.000028163224034,13.500014081612017,0,0.76923077,0,1,95.34421608664773,27.000028163224034,33.30932195180687,30.13516448143082,12.947755525758037,-0.10494624823331833,"Jayvien Sandridge",25158,682144
"Luarbert Arias","MIA",0,0,0,7,0,10.1,8.709677687296642,4.354838843648321,1.7419355374593284,0.4166666666666667,0.51886792,0.184210526,0.133333333,94.11583291330645,11.322580993485635,7.862099070392343,5.74803962439578,5.469919266347976,-0.10569466650485992,"Luarbert Arias",23811,678215
"Bradley Blalock","COL",0,0,0,2,0,3,6,0,6,0.3333333333333333,1,0.454545454,0.5,95.99312160326087,6,6.481244790855497,10.46846965154012,3.8574554045995084,-0.10583662241697311,"Bradley Blalock",26419,687134
"Robert Stock","BOS",0,0,0,2,0,2.2,3.3750008046628963,13.500003218651585,3.3750008046628963,0.3333333333333333,0.75757576,0.3,0.25,95.0364481608073,10.125002413988689,16.424095300549848,11.760138374567521,9.197746735837558,-0.10605541616678238,"Robert Stock",6576,476594
"Mike Clevinger","CHW",0,2,0,8,0,5.2,4.764707218817324,12.705885916846196,0,0.25,0.61538462,0.5,0,94.34542992001488,7.941178698028873,4.894004968120527,6.311607797418336,8.216109838127675,-0.10716332495212555,"Mike Clevinger",12808,605182
"Chris Roycroft","STL",1,3,0,20,0,20.2,6.532260074080213,5.22580805926417,0.8709680098773618,0.3380281690140845,0.49723757,0.478873239,0.083333333,95.62007359095982,7.838712088896256,5.751452298574386,4.828685226301657,5.361027820153852,-0.10902475565671921,"Chris Roycroft",31261,688297
"Erasmo Ramírez","MIN",0,1,1,9,0,11,4.090909445581388,1.6363637782325553,1.6363637782325553,0.24242424242424243,0.86956522,0.342857142,0.133333333,91.0925521850586,2.454545667348833,4.529162014194776,5.1351364916021325,4.873871898216384,-0.11154869943857193,"Erasmo Ramirez",10314,541640
"Jacob Lopez","ATH",0,1,0,4,0,8.2,14.538464204799983,4.153846915657138,3.1153851867428535,0.35,0.74074074,0.181818181,0.2,90.67716238839286,5.192308644571423,3.646663737142791,6.13513686840361,4.303531500402814,-0.11237017810344696,"Jacob Lopez",25098,682052
"Chris Paddack","DET",0,0,1,5,0,12.2,7.1052635145319645,0.7105263514531964,2.8421054058127857,0.23684210526315788,0.35714286,0.523809523,0.266666666,93.74849964488637,7.815789865985161,4.327919421128782,5.898294351635885,3.6187750047389433,-0.11371226608753204,"Chris Paddack",20099,663978
"Brayan Bello","BOS",1,0,0,1,0,5,5.4,1.8,1.8,0,0.76923077,0.727272727,0.333333333,95.39131164550781,3.6,2.066890154977877,6.3351363182067875,4.660179907083512,-0.1138019859790802,"Brayan Bello",23920,678394
"Mason Thompson","WSN",1,1,0,14,0,10.2,9.281252212822965,10.125002413988689,0.8437502011657241,0.4166666666666667,0.45112782,0.459459459,0.076923076,94.78155226934524,11.812502816320137,5.943941274221975,5.6663869217039595,6.326631869024467,-0.11469832062721252,"Mason Thompson",21850,666168
"Drew Sommers","DET",0,1,0,4,0,3,9.000002861023859,9.000002861023859,3.0000009536746197,0.5454545454545454,0.52083333,0.333333333,0.166666666,93.18505859375,18.000005722047717,6.98458373290287,9.468471664853206,8.218616563790718,-0.11525323987007141,"Drew Sommers",32026,805427
"David Robertson","PHI",2,0,2,20,0,17.2,11.207548783147384,4.075472284780867,2.0377361423904334,0.3181818181818182,0.83333333,0.4375,0.235294117,,4.075472284780867,4.535397519052728,4.94645733366495,3.4866213698320645,-0.1156901940703392,"David Robertson",8241,502085
"Kody Clemens","MIN",0,0,0,1,0,1,0,0,18,0.25,1,0.333333333,0.5,62.05961303710937,18,25.63338266895386,29.135136318206786,9.302093577384948,-0.11635494977235794,"Kody Clemens",20572,665019
"Triston McKenzie","CLE",0,0,0,4,0,5.2,6.352941889251472,11.117648306190077,1.588235472312868,0.3333333333333333,0.55555556,0.210526315,0.125,94.00918363320707,11.117648306190077,11.635515070864495,7.723372127110628,7.60582761716184,-0.12151969969272614,"Triston McKenzie",18000,663474
"Daniel Lynch IV","KCR",6,2,1,55,0,63.1,5.542106375866212,3.1263164171552993,0.9947370418221407,0.28061224489795916,0.83541147,0.482587064,0.104477611,94.29505565068493,3.1263164171552993,4.5400227995598215,4.666715573075797,4.860871413497693,-0.12175758183002472,"Daniel Lynch IV",21537,663738
"José Suarez","ATL",1,0,1,6,0,12.1,5.1081082397695035,5.837837988308004,0.7297297485385005,0.2222222222222222,0.8974359,0.5,0.083333333,93.32127796519886,1.459459497077001,5.829935546181914,5.000001231138511,5.446017873245486,-0.12184562534093857,"Jose Suarez",19911,660761
"Andry Lara","WSN",0,0,0,9,0,14.1,6.279070324482614,5.023256259586091,1.2558140648965228,0.43859649122807015,0.63253012,0.526315789,0.153846153,94.21168619791666,8.79069845427566,6.936542312226149,5.437462103850413,5.021830282721982,-0.12522582709789276,"Andry Lara",27967,691251
"José Caballero","TBR",0,0,0,1,0,1,0,9,18,0.5,0,0.25,0.4,72.46510968889508,54,26.00665917291952,32.13513631820679,13.843832892179488,-0.12526458501815796,"Jose Caballero",23401,676609
"Penn Murfee","CHW",0,1,0,15,0,12.2,9.23684395977702,3.552632292221931,2.1315793753331587,0.3902439024390244,0.67307692,0.34090909,0.15,88.71352009600903,7.815791042888248,6.334092942114048,5.58250523062634,4.93788296666831,-0.12733465433120728,"Penn Murfee",25174,682171
"Travis Adams","MIN",1,3,0,16,0,26.1,7.5189882494513895,4.4430385110394575,1.025316579470644,0.32941176470588235,0.56074766,0.313953488,0.083333333,94.53622213224085,7.5189882494513895,6.848573418165942,4.768047907734109,5.394729578295027,-0.13231143355369568,"Travis Adams",30180,701519
"Drey Jameson","ARI",0,1,1,3,0,3,0,9,0,0.4,0.71428571,0.4,0,98.46729736328125,3,11.020667577314192,6.135136318206788,7.676875633001329,-0.1323206126689911,"Drey Jameson",26260,686753
"Miguel Castro","CHW",0,0,0,6,0,6,6.000001907349239,7.500002384186549,1.5000004768373099,0.23529411764705882,0.625,0.5,0.125,95.31077991832386,7.500002384186549,5.134868291568159,6.9684708701243565,6.857456587893254,-0.1330704689025879,"Miguel Castro",15684,612434
"Scott McGough","- - -",0,0,0,13,0,16,9,3.9375,2.25,0.2978723404255319,0.68627451,0.333333333,0.148148148,92.32073400774573,6.75,6.239099513975558,5.885136318206787,5.236821411922574,-0.13358134403824806,"Scott McGough",12056,543518
"Héctor Neris","- - -",3,2,0,35,0,26.2,11.81250239387203,5.4000010943414996,2.0250004103780626,0.3484848484848485,0.55851064,0.260869565,0.166666666,92.37486633024604,6.750001367926875,4.590198885396951,5.347636766582818,4.503984670584464,-0.13369397819042206,"Hector Neris",11804,593576
"Casey Legumina","SEA",4,6,0,47,0,48.2,9.986302674476764,4.438356744211895,1.2945207170618027,0.30708661417322836,0.57877814,0.39849624,0.122807017,94.41443407012196,5.732877461273698,3.83959928741787,4.38856113948885,4.32443389021992,-0.1343051940202713,"Casey Legumina",25921,668984
"Ian Anderson","LAA",0,1,0,7,0,9.1,7.714285977032729,6.7500002299036375,1.9285714942581822,0.4411764705882353,0.51886792,0.411764705,0.153846153,93.95607346754808,11.571428965549092,5.466489557443333,6.456565002762545,5.818273312343427,-0.13925153017044067,"Ian Anderson",19951,666120
"Enrique Hernández","LAD",0,0,0,5,0,5.1,1.6875004023314482,13.500003218651585,1.6875004023314482,0.37037037037037035,0.45454545,0.464285714,0.1,84.18043823242188,15.187503620983033,9.34115142681419,9.697637882829085,10.15089920613477,-0.1404625028371811,"Enrique Hernandez",10472,571771
"Elvin Rodríguez","- - -",0,0,0,5,0,10.2,10.968750653788486,4.21875025145711,3.375000201165688,0.3076923076923077,0.70175439,0.333333333,0.266666666,95.0757924860174,7.593750452622798,6.7270102679447685,6.978886547312154,4.271957297396421,-0.14159055054187775,"Elvin Rodriguez",20962,660730
"Shawn Dubin","- - -",2,0,0,30,0,33.2,7.485150352458285,2.940594781322898,1.6039607898124897,0.3163265306122449,0.74519231,0.490384615,0.171428571,94.18029407619201,5.079209167739551,3.7480980765401997,4.947017951143119,4.232984390238015,-0.142269566655159,"Shawn Dubin",24977,681869
"Elvis Peguero","- - -",0,0,0,7,0,7.2,5.869566457089306,7.043479748507167,1.1739132914178612,0.2962962962962963,0.54794521,0.464285714,0.1,,7.043479748507167,5.672909248538104,6.265571761987751,6.580883978316147,-0.14376701787114143,"Elvis Peguero",21652,665625
"Luis Torrens","NYM",0,0,0,2,0,0.2,0,13.500014081612017,27.000028163224034,0.6,0.625,0,0.4,62.90599524456522,54.00005632644807,23.042005275920307,46.635181692289954,19.198197934244767,-0.14501944184303284,"Luis Torrens",15905,620443
"Hayden Birdsong","SFG",1,0,0,11,0,23.1,9.642857668351182,3.857143067340473,1.5428572269361893,0.26666666666666666,0.83333333,0.317460317,0.137931034,96.18215689689491,2.314285840404284,4.5263698891707564,4.76370783552832,4.4512981097479845,-0.14518395066261292,"Hayden Birdsong",31635,806185
"Seth Martinez","MIA",0,0,0,6,0,6.2,5.4000012874606345,4.050000965595475,2.7000006437303172,0.1111111111111111,0.71428571,0.2,0.153846153,90.08931732177734,5.4000012874606345,6.365497515697774,7.185137283802263,6.291528734598736,-0.14977799355983734,"Seth Martinez",21045,661527
"Ryan Johnson","LAA",1,1,1,14,0,14.2,9.818183520608992,3.0681823501903103,2.454545880152248,0.425531914893617,0.5982906,0.490196078,0.210526315,94.95939636230469,7.363637640456744,3.535215311351104,5.521500368354806,3.973298757705895,-0.14998219907283783,"Ryan Johnson",35325,696270
"Craig Yoho","MIL",0,0,0,8,0,8.2,7.269232102399991,9.34615556022856,1.0384617289142846,0.30434782608695654,0.6626506,0.434782608,0.1,92.93670563199628,7.269232102399991,4.415823025134492,6.4812907780417035,6.760220807806252,-0.15047289431095123,"Craig Yoho",33248,684974
"Ben Joyce","LAA",1,0,0,5,0,4.1,2.076923686371931,2.076923686371931,2.076923686371931,0.23529411764705882,0.43478261,0.388888888,0.125,101.55207375919117,6.230771059115794,6.116352821254243,6.365906497007569,6.212194417677102,-0.15549089014530182,"Ben Joyce",31461,690829
"Geoff Hartlieb","- - -",0,0,0,4,0,3.1,13.50000128746045,16.20000154495254,5.40000051498418,0.5454545454545454,0.53571429,0.307692307,0.333333333,94.91085111177884,21.60000205993672,18.491294281999703,13.335137290954684,8.310267578375937,-0.15694907307624817,"Geoff Hartlieb",19558,664129
"Michael Kelly","ATH",4,4,2,42,0,39.2,6.579833620172996,4.310925475285756,1.13445407244362,0.24107142857142858,0.77777778,0.417391304,0.1,95.8491847826087,3.176471402842136,4.8363388277916854,4.824212381622844,5.128925881776618,-0.15872891247272491,"Michael Kelly",12791,547184
"Kyle Nelson","ARI",0,0,1,3,0,2,9,18,4.5,0,0.83333333,0,0.2,89.81915283203125,9,6.947676187144189,13.635136318206786,10.989484605193137,-0.16111581027507782,"Kyle Nelson",20515,669459
"Caden Dana","LAA",0,0,0,2,0,6,9,7.5,3,0.3125,0.76086957,0.333333333,0.222222222,94.29295324900794,7.5,4.711599742965509,7.96846965154012,5.947745290398599,-0.1612359583377838,"Caden Dana",31508,702674
"Chris Flexen","CHC",5,0,1,20,0,39.2,4.537815416981379,2.0420169376416206,1.3613446250944137,0.232,0.81460674,0.3671875,0.111111111,92.2966119260204,2.7226892501888273,5.130007295494792,4.773791885450063,4.906243734250424,-0.16157731413841248,"Chris Flexen",13896,623167
"Forrest Whitley","- - -",0,0,0,10,0,12,9.000001430511702,6.000000953674468,2.2500003576279255,0.38095238095238093,0.33613445,0.288888888,0.142857142,96.09976267260174,13.500002145767553,7.7452240062266515,6.635136874516894,6.08318058767625,-0.1621884349733591,"Forrest Whitley",19586,666215
"Thomas Harrington","PIT",0,0,1,2,0,4.2,9.64285845659235,5.7857150739554095,3.8571433826369397,0.5294117647058824,0.44642857,0.315789473,0.222222222,92.51217130335365,17.35714522186623,7.695980456918051,8.492279905202537,5.8942053726324435,-0.16332226991653442,"Thomas Harrington",31989,802419
"Luke Jackson","- - -",2,5,9,52,0,51,6.70588360690764,4.941177394563525,0.7058824849376464,0.2534246575342466,0.63253012,0.517006802,0.083333333,94.24668890035377,4.058824288391467,4.303786654135149,4.488077747670609,4.919518752076099,-0.1636361413402483,"Luke Jackson",11752,592426
"Tommy Henry","ARI",0,0,0,2,0,6.2,10.80000102996836,1.350000128746045,4.050000386238135,0.23076923076923078,1,0.6,0.75,88.92490571120689,4.050000386238135,8.098738608718346,7.485136733055155,2.5601798522513906,-0.16526973247528076,"Tommy Henry",26285,674072
"Sean Reynolds","SDP",0,0,0,18,0,24.1,8.87671488001219,6.2876730400086345,1.1095893600015239,0.19298245614035087,0.69444444,0.258620689,0.103448275,96.03491522606383,4.808220560006603,5.591849845733135,5.107739624876163,5.342415314065436,-0.1654597669839859,"Sean Reynolds",22253,669308
"Logan Gillaspie","SDP",0,0,0,3,0,7,5.14285784351592,5.14285784351592,1.28571446087898,0.2857142857142857,0.94339623,0.454545454,0.166666666,95.50745913856908,2.57142892175796,7.131511119910298,5.992279564604521,5.456627475737321,-0.16994941234588623,"Logan Gillaspie",22461,670810
"Tyler Zuber","- - -",0,1,0,10,0,12,10.500001668930318,4.500000715255851,2.2500003576279255,0.3888888888888889,0.42553191,0.282051282,0.1875,94.5308442957261,11.250001788139627,6.644770617454685,5.551803368992337,4.357455598881925,-0.1709197834134102,"Tyler Zuber",20379,676604
"Nick Hernandez","HOU",0,0,0,10,0,10.2,9.281250553205643,6.750000402331376,2.531250150874266,0.3,0.88607595,0.242424242,0.142857142,91.27475328947368,5.062500301748532,5.104709754722859,6.978886547312154,6.357935786302356,-0.17102913558483124,"Nick Hernandez",19281,663321
"Colton Gordon","HOU",2,0,1,6,0,16,6.1875,3.375,2.25,0.2127659574468085,0.69444444,0.36,0.16,90.66310307017544,5.0625,5.44021762594153,6.135136318206787,5.294103997573257,-0.1710367649793625,"Colton Gordon",31312,676467
"Carson Spiers","CIN",0,0,0,1,0,4,6.75,9,4.5,0.25,0.80645161,0.214285714,0.2,93.32943960336539,9,9.746166511177615,11.135136318206786,8.489484605193137,-0.17137739062309265,"Carson Spiers",27685,686730
"Troy Taylor","SEA",0,0,0,8,0,6.2,2.70000025749209,4.050000386238135,2.70000025749209,0.41379310344827586,0.59210526,0.233333333,0.133333333,96.86347198486328,12.150001158714405,11.405201974170382,8.235136804580735,7.804050221756832,-0.17353098094463348,"Troy Taylor",31883,700187
"Cam Sanders","PIT",0,0,0,6,0,6.2,5.4000012874606345,6.750001609325793,2.7000006437303172,0.30434782608695654,0.71428571,0.24,0.153846153,95.49338600852273,8.10000193119095,9.300217010840122,8.085137498379035,7.191528949175509,-0.1742100864648819,"Cam Sanders",23479,676742
"Sam Aldegheri","LAA",0,0,0,2,0,4.1,8.307692917141027,10.384616146426286,2.076923229285257,0.35714285714285715,0.47169811,0.4,0.125,91.25345284598214,10.384616146426286,7.85416889683695,8.442829015269112,8.289116969767399,-0.17693743109703064,"Sam Aldegheri",26443,691951
"Luis Mey","CIN",2,0,0,23,0,21,9.000001634870554,7.285715609180924,1.285714519267222,0.25925925925925924,0.87662338,0.5,0.1875,98.12550354003906,3.4285720513792586,5.3253922901363735,5.563708187933762,4.881223732373813,-0.17804986238479614,"Luis Mey",25620,682825
"Nate Pearson","CHC",0,1,0,11,0,14.2,4.295454731657493,6.136363902367847,1.2272727804735695,0.36363636363636365,0.59602649,0.350877192,0.074074074,97.66384475295608,9.204545853551771,6.0648617743978805,6.203318269390711,7.268792963267745,-0.1788475513458252,"Nate Pearson",20160,663878
"Anthony Molina","COL",1,0,0,16,0,29.2,6.6741578755031865,1.5168540626143605,2.1235956876601048,0.36,0.67164179,0.413461538,0.184210526,95.60161488266283,6.370787062980314,6.385704249234677,5.427271346157377,4.334667678187412,-0.18817654252052307,"Anthony Molina",26952,683627
"Erick Fedde","- - -",0,1,0,8,0,20.1,3.540983994075712,3.983606993335176,1.327868997778392,0.2676056338028169,0.67164179,0.408450704,0.115384615,,5.311475991113568,4.928162604046454,5.5941529807593655,5.647524569452282,-0.18825212121009827,"Erick Fedde",17425,607200
"José Ruiz","- - -",1,0,0,18,0,16.1,8.265308213701186,4.959184928220711,1.6530616427402371,0.38461538461538464,0.53956835,0.444444444,0.166666666,95.74361413043478,8.816328761281264,4.364106770206535,5.339218508527103,4.650522885274407,-0.18875464797019958,"Jose Ruiz",14552,614179
"Codi Heuer","- - -",0,0,0,3,0,4.2,9.642860427195831,3.8571441708783323,5.785716256317499,0.09090909090909091,1,0.5,0.5,94.6059820713141,5.785716256317499,4.645933577849645,10.635138872692433,4.260230106147286,-0.1890256144106388,"Codi Heuer",23293,676051
"Colin Poche","- - -",1,2,0,14,0,9.1,10.607147621487183,13.500006063710961,0.9642861474079257,0.4230769230769231,0.48780488,0.222222222,0.076923076,92.32161969866071,12.535719916303036,5.820606805243507,6.670852192035849,7.425418005137435,-0.19195498153567314,"Colin Poche",19403,621363
"Carson Palmquist","COL",0,0,0,2,0,3.2,12.272729400761241,17.181821161065738,4.909091760304496,0.5714285714285714,0.63380282,0.5,0.4,91.29723086599576,19.636367041217984,6.020739852254659,13.226047158832696,8.237508995836029,-0.19547666609287262,"Carson Palmquist",31612,687223
"Eduarniel Núñez","- - -",1,0,0,10,0,12.2,7.815791631339925,7.815791631339925,1.4210530238799863,0.3333333333333333,0.70247934,0.2,0.125,97.97759261592742,7.105265119399932,5.520905458269816,6.766716268122307,6.6615448472498295,-0.19693053513765335,"Eduarniel Nunez",23162,674384
"Anthony Misiewicz","MIN",0,0,0,5,0,4.2,9.64285845659235,7.714286765273879,3.8571433826369397,0.25,0.64516129,0.214285714,0.25,91.95558384486607,9.64285845659235,10.53388862538721,9.135137135642026,6.206689847749101,-0.197532057762146,"Anthony Misiewicz",18152,664948
"Rolddy Muñoz","ATL",0,0,0,3,0,3.2,12.272729400761241,12.272729400761241,2.454545880152248,0.375,0.625,0.555555555,0.5,,12.272729400761241,7.763110625727117,9.680591998612783,6.976085701370133,-0.19797134399414062,"Rolddy Munoz",27407,691548
"Anthony Maldonado","ATH",0,0,0,6,0,6,10.500001668930318,7.500001192093085,4.500000715255851,0.3888888888888889,0.64814815,0.19047619,0.3,92.44857295866936,12.000001907348937,7.191901936271473,9.801804044511751,5.871368944443485,-0.20052237808704376,"Anthony Maldonado",26034,687424
"Chris Murphy","BOS",3,0,0,23,0,34.2,7.788462109819713,5.192308073213143,1.0384616146426284,0.19101123595505617,0.84158416,0.54347826,0.137931034,94.29417990572625,3.1153848439278855,3.9976785053575377,5.0678287676805684,4.857552986746415,-0.2026168406009674,"Chris Murphy",26214,669684
"Max Lazar","PHI",1,1,1,36,0,41.1,5.661291019229399,2.6129035473366455,1.5241937359463766,0.272,0.69444444,0.369230769,0.142857142,94.32404318820225,4.790323170117184,5.9995997857929035,4.949652670523903,4.57574681221299,-0.20277881622314453,"Max Lazar",23426,676661
"David Festa","MIN",0,1,0,1,0,4.2,5.7857150739554095,5.7857150739554095,3.8571433826369397,0.5,0.57377049,0.666666666,0.333333333,93.40857421875,15.428573530547759,4.206709061517757,9.349422879121857,5.760230080583268,-0.2031414657831192,"David Festa",30056,701581
"Dan Altavilla","CHW",0,1,2,28,0,29,6.517242665240057,4.655173332314327,1.2413795552838205,0.19736842105263158,0.89506173,0.512820512,0.166666666,96.13321273053279,2.482759110567641,4.656948424936625,5.445481601651675,4.928300242883865,-0.20493334531784058,"Dan Altavilla",16507,656186
"Joe Ross","PHI",2,1,0,36,0,49,6.795919425484704,3.1224494657632422,1.4693879838885846,0.2987012987012987,0.71656051,0.465408805,0.142857142,94.16836721362876,5.142857943610046,5.970776234201492,4.971871298067518,4.6114100506877875,-0.2055457979440689,"Joe Ross",12972,605452
"Ryan Yarbrough","NYY",0,0,1,11,0,24,8.250001311302393,3.000000476837234,2.2500003576279255,0.2727272727272727,0.77235772,0.388888888,0.222222222,88.1270918412642,5.250000834465159,4.782539668299087,5.676803388860555,4.161259877115259,-0.20991626381874084,"Ryan Yarbrough",16502,642232
"Paul Gervase","- - -",0,0,0,6,0,8.1,8.640001318359577,6.480000988769683,3.2400004943848413,0.22727272727272727,1,0.166666666,0.1875,93.68565673828125,4.320000659179788,4.139365232981559,8.055137068939324,6.335276290914912,-0.2114146649837494,"Paul Gervase",31571,801434
"Miguel Rojas","LAD",0,0,0,4,0,5,0,3.6,5.4,0.36363636363636365,0.71428571,0.36,0.3,57.46554432744565,12.6,12.68112774490943,12.735136318206788,8.018614947795868,-0.21338750422000885,"Miguel Rojas",7802,500743
"J.P. Feyereisen","- - -",0,2,0,4,0,4,9,2.25,4.5,0.5625,0.54347826,0.444444444,0.25,91.4081551688058,11.25,7.690239830625922,8.385136318206786,4.968614947795868,-0.21386248618364334,"J.P. Feyereisen",16610,656420
"Wander Suero","ATL",0,0,0,5,0,6.1,9.94736892034475,5.684210811625571,4.263158108719178,0.3888888888888889,0.6122449,0.333333333,0.23076923,,11.368421623251143,4.043753257210919,8.977241874599736,5.983969791567124,-0.21530979871749878,"Wander Suero",15855,593833
"Corbin Martin","BAL",1,0,2,17,0,18,11.500002437168215,4.500000953674519,2.0000004238553415,0.35294117647058826,0.65693431,0.442307692,0.25,95.78481079931973,6.000001271566025,4.87089857886581,5.3018034440500745,3.783349179842814,-0.2163078635931015,"Corbin Martin",19884,656686
"Jose Corniell","TEX",0,1,0,1,0,1.2,5.400002059937309,5.400002059937309,5.400002059937309,0.3333333333333333,0,0.428571428,0.25,95.91178588867187,16.20000617981193,9.668184899270829,11.535139522553713,7.435312314100646,-0.21688124537467957,"Jose Corniell",27984,692030
"Hunter Bigge","TBR",0,0,0,13,0,15,7.2,3,2.4,0.18421052631578946,1,0.38095238,0.222222222,97.52581727851941,2.4,5.968775743084232,6.201802984873455,4.585223495960236,-0.2179257720708847,"Hunter Bigge",26259,685801
"Cionel Pérez","BAL",0,0,0,19,0,21.2,8.723078714856397,7.476924612734055,1.2461541021223426,0.3787878787878788,0.59360731,0.582089552,0.176470588,95.69408203125,8.30769401414895,3.926953423031132,5.765906089353955,5.175578353550815,-0.2194371223449707,"Cionel Perez",19614,672335
"Jason Alexander","- - -",0,0,1,5,0,9,7.000000741746769,7.000000741746769,3.0000003178914727,0.34375,0.47619048,0.371428571,0.2,92.42628696986607,12.00000127156589,6.913827627074099,8.246247970910778,6.482479975339429,-0.22956944908946753,"Jason Alexander",19666,669920
"Gregory Santos","SEA",1,1,0,8,0,7,0,10.28571568703184,0,0.2857142857142857,0.625,0.629629629,0,,5.14285784351592,6.775382730887846,6.563708213884068,7.885199235175394,-0.2317146211862564,"Gregory Santos",21894,666619
"Jesse Hahn","SEA",0,1,0,3,0,5,5.4,9,1.8,0.3333333333333333,0.75471698,0.733333333,1,95.42062377929688,5.4,6.3201580504988994,8.135136318206786,5.843484181165696,-0.23180732131004333,"Jesse Hahn",13287,534910
"Connor Thomas","MIL",0,0,0,2,0,5.1,8.43750050291422,3.375000201165688,5.062500301748532,0.45,0.27777778,0.318181818,0.428571428,90.09473876953125,20.250001206994128,11.896016485453142,10.260136742889907,4.971169278310714,-0.2341744303703308,"Connor Thomas",25873,671162
"Kendall Graveman","ARI",1,0,0,19,0,17.2,4.58490582537762,6.11320776717016,1.0188679611950267,0.3620689655172414,0.6626506,0.423728813,0.095238095,94.11212277879902,7.132075728365186,6.969545037980232,5.795513772438246,6.156449197353071,-0.2351895570755005,"Kendall Graveman",15514,608665
"Ethan Roberts","CHC",1,0,0,10,0,9,6.000001271566025,2.0000004238553415,3.0000006357830125,0.25925925925925924,0.79545455,0.3,0.214285714,,6.000001271566025,6.345912911415243,7.13513716591747,5.20006457883586,-0.2361467182636261,"Ethan Roberts",24930,681799
"Jackson Kowar","SEA",2,0,0,15,0,17,7.94117736156434,3.7058827687300253,2.1176472964171573,0.22727272727272727,0.85365854,0.3125,0.148148148,97.33852597891567,4.235294592834315,5.153016302587052,5.841018974739821,5.230840170953286,-0.2408677190542221,"Jackson Kowar",21549,663804
"Erik Swanson","TOR",1,0,0,6,0,5.1,5.0625012069943445,8.43750201165724,3.3750008046628963,0.3157894736842105,0.44642857,0.238095238,0.153846153,92.78456038135593,15.187503620983033,6.435828421157806,10.260138016939568,9.14312733043516,-0.24168382585048676,"Erik Swanson",16587,657024
"John Brebbia","- - -",1,1,0,22,0,23.1,10.028572794856043,4.628572059164328,1.9285716913184698,0.3382352941176471,0.56756757,0.319444444,0.138888888,92.80091579861111,7.714286765273879,4.478761041303168,5.749422388660713,5.342391561747312,-0.24184251576662064,"John Brebbia",12777,605154
"Blade Tidwell","NYM",1,0,0,2,0,7.2,4.695652563315065,4.695652563315065,3.521739422486299,0.25925925925925924,0.71428571,0.4,0.214285714,95.57263397752193,8.217391985801363,4.965572103976033,8.743832435499781,6.4722257784834705,-0.24239079654216766,"Blade Tidwell",31701,694918
"Andrew Hoffmann","- - -",1,1,0,11,0,12,9.000002145767724,7.50000178813977,1.500000357627954,0.32432432432432434,0.56603774,0.333333333,0.1,94.6039488549326,6.000001430511816,6.105888808673571,5.801803620656482,6.20470257470598,-0.24379625171422958,"Andrew Hoffmann",29633,694851
"Nabil Crismatt","ARI",1,0,0,3,0,8,9,5.625,3.375,0.35714285714285715,0.79710145,0.548387096,0.333333333,88.87473060344827,5.625,6.126631011497239,7.885136318206787,4.744593047350645,-0.24389544129371643,"Nabil Crismatt",17732,622503
"Sawyer Gipson-Long","DET",0,0,0,5,0,18.1,7.363636874364463,0.49090912495763084,2.454545624788154,0.2830188679245283,0.5625,0.465517241,0.227272727,92.97520282451923,6.381818624449201,5.397038618296642,5.535136484666316,3.839768999377697,-0.24517375230789185,"Sawyer Gipson-Long",26048,687830
"Tommy Kahnle","DET",1,5,9,66,0,63,7.142858440373455,4.4285722330315425,1.1428573504597528,0.24293785310734464,0.71030641,0.475675675,0.123076923,93.68476019965277,4.4285722330315425,4.518497981926995,4.722438193845333,4.662327952158634,-0.2465735375881195,"Tommy Kahnle",11384,592454
"Roddery Muñoz","STL",0,0,0,9,0,11,11.454546447627887,7.363637002046499,3.2727275564651106,0.20833333333333334,0.64516129,0.222222222,0.333333333,96.11581260279605,8.181818891162775,8.059752696197576,7.771500356532361,4.7261247995539994,-0.2550390362739563,"Roddery Munoz",25311,682610
"Yoendrys Gómez","- - -",1,1,1,12,0,17.2,6.622642105268272,6.622642105268272,1.5283020242926781,0.30357142857142855,0.67114094,0.372881355,0.115384615,93.152149401213,6.622642105268272,8.153943879946702,6.24834414546965,6.309771821825954,-0.25528161134570837,"Yoendrys Gomez",22872,672782
"Seth Halvorsen","COL",1,2,11,42,0,39.2,8.168068536080199,4.764706646046782,1.5882355486822608,0.3119266055045872,0.68965517,0.543859649,0.194444444,100.07485836988305,4.991597438715677,4.372935002647092,5.2023635403011586,4.307471346428018,-0.2561160922050476,"Seth Halvorsen",33294,678020
"José Leclerc","ATH",0,1,0,10,0,9,8.000002543132318,5.0000015894577,3.0000009536746197,0.3333333333333333,0.86956522,0.333333333,0.214285714,94.66269654865506,6.000001907349239,6.760628147734094,7.357359882637733,5.422287090508389,-0.25670936703681946,"Jose Leclerc",14524,600917
"Michel Otañez","ATH",0,0,0,6,0,5.1,10.125002413988689,8.43750201165724,3.3750008046628963,0.35714285714285715,0.49019608,0.375,0.25,97.27781288296569,13.500003218651585,7.593201024141811,9.135137748718602,6.57274610998864,-0.26020923256874084,"Michel Otanez",22533,671305
"Cole Henry","WSN",1,2,2,57,0,52.2,8.886078309333449,5.468355882666738,1.196202849333349,0.2589928057553957,0.77427822,0.317241379,0.1,94.48448799070248,4.272153033333389,4.461812187590992,5.337668548725334,5.658967723339913,-0.26651182770729065,"Cole Henry",27570,669371
"Eli Morgan","CHC",0,1,0,7,0,7.1,4.90909239871488,3.6818192990361602,3.6818192990361602,0.36,0.46296296,0.428571428,0.23076923,92.08852288661859,12.2727309967872,5.3483384807778585,8.589683427889987,6.004584156053061,-0.2722642421722412,"Eli Morgan",20203,669212
"Javier Sanoja","MIA",0,0,0,8,0,9.1,0.9642858456592349,4.821429228296175,3.8571433826369397,0.45454545454545453,0.51282051,0.229166666,0.166666666,62.453423713235296,16.392859376206996,8.731777678072135,10.099422981301263,8.492466714699663,-0.27710676193237305,"Javier Sanoja",28253,691594
"Garrett McDaniels","LAA",0,0,0,10,0,10.2,5.0625012069943445,6.750001609325793,1.6875004023314482,0.3333333333333333,0.72916667,0.742857142,0.4,93.66802215576172,5.9062514081600686,5.99190714895871,6.978887234628419,5.264077129595771,-0.27859073877334595,"Garrett McDaniels",31751,680729
"Chayce McDermott","BAL",0,1,0,3,0,5.2,6.352942958423098,14.29412165645197,3.176471479211549,0.3,0.42253521,0.38095238,0.2,93.77537407309322,17.47059313566352,11.119107803824399,11.076315016235661,9.208795636165652,-0.2796751856803894,"Chayce McDermott",29866,694646
"Scott Blewett","- - -",3,0,0,24,0,38.2,7.681035366835225,3.724138359677685,1.6293105323589872,0.2857142857142857,0.67099567,0.474137931,0.159090909,93.45980460183662,5.353448892036672,4.553781275978885,5.100653785814455,4.501598454388832,-0.28291743621230125,"Scott Blewett",16427,656240
"Richard Lovelady","- - -",0,1,0,10,0,11.2,9.2571448750403,4.62857243752015,2.314286218760075,0.28125,0.56179775,0.514285714,0.3,91.48218712439903,8.485716135453607,5.804221719881848,6.992280016140246,4.970913273912584,-0.2843080461025238,"Richard Lovelady",19337,663992
"Anthony Veneziano","- - -",0,0,0,25,0,23,9.000002985416241,4.304349253894724,1.5652179105071724,0.3088235294117647,0.77160494,0.507042253,0.173913043,94.10444641113281,5.08695820914831,5.45927246378625,5.091658706340753,4.37252821737311,-0.2872658595442772,"Anthony Veneziano",27453,685107
"Trent Thornton","SEA",2,0,0,33,0,42.1,6.803150423683758,2.9763783103616444,1.2755907044407047,0.28225806451612906,0.71146245,0.434108527,0.117647058,94.49817230504587,4.677165916282584,4.8533476219055025,4.741435723798785,4.7562870260836485,-0.2875175476074219,"Trent Thornton",17948,663423
"Connor Brogdon","LAA",3,2,0,43,0,47,9.382981008078637,3.4468093499064385,2.10638349160949,0.2809917355371901,0.67226891,0.297709923,0.161764705,95.52049671519886,5.553192841515928,3.8451187082305065,5.241519809816277,4.429567982454096,-0.29811832308769226,"Connor Brogdon",21205,641401
"Ryan Fernandez","STL",0,4,1,32,0,30.1,10.08791377944339,4.747253543267478,1.780220078725304,0.3614457831325301,0.51569507,0.449438202,0.157894736,95.29318576388889,7.71428700780965,4.0666985059746805,5.1461256663964825,4.506106678711459,-0.3030291795730591,"Ryan Fernandez",24862,681676
"Jesse Chavez","ATL",0,1,0,4,0,8,9,5.625,4.5,0.38461538461538464,0.82089552,0.2,0.25,,9,6.46096460555169,9.510136318206786,6.093614947795868,-0.30538293719291687,"Jesse Chavez",5448,445926
"Yuki Matsui","SDP",3,1,1,61,0,63.1,8.668422793021511,4.689474625732949,1.4210529168887724,0.25748502994011974,0.79452055,0.306818181,0.114942528,92.1051640070922,3.978948167288563,4.068216733837945,4.871978772181953,4.937210159812243,-0.316012978553772,"Yuki Matsui",33826,673513
"Kaleb Ort","HOU",2,2,1,49,0,46,9.586958111797518,5.282609571806796,1.5652176509057172,0.24545454545454545,0.70866142,0.405172413,0.142857142,96.30725211740655,4.891305159080366,3.3995156225835634,5.0264409797178615,4.642471386218704,-0.3171200454235077,"Kaleb Ort",20061,672391
"Orlando Ribalta","WSN",0,0,0,22,0,24.1,9.246577275227017,6.287672547154371,2.2191785460544837,0.30985915492957744,0.71808511,0.376623376,0.162162162,96.41562917780749,7.027398729172533,5.454458648159348,6.505000036289522,5.643808951378028,-0.32434388995170593,"Orlando Ribalta",26247,687377
"Juan Burgos","- - -",1,1,0,13,0,13.1,9.450002253056109,5.4000012874606345,1.3500003218651586,0.375,0.68965517,0.404761904,0.133333333,,6.0750014483932135,5.737146981598596,5.01013676524173,4.794593442996055,-0.3327283412218094,"Juan Burgos",27271,686228
"Zach Brzykcy","WSN",0,1,0,26,0,23,9.391305905434303,4.695652952717151,2.3478264763585757,0.3333333333333333,0.56547619,0.291666666,0.166666666,94.83249362244898,9.000001492707874,5.8482318359148415,6.265571620018221,5.2874242983342015,-0.33538493514060974,"Zach Brzykcy",27783,694350
"Osvaldo Bido","ATH",0,1,1,16,0,33.1,9.18000140075705,4.050000617981051,2.160000329589894,0.3333333333333333,0.76419214,0.319587628,0.16,94.9297311452514,5.400000823974735,5.223562438556876,5.925136743927068,5.117745592920765,-0.3370928466320038,"Osvaldo Bido",23150,674370
"Ryan Pressly","CHC",2,3,5,44,0,41.1,6.096774381107649,3.701613017101073,1.3064516530944963,0.31007751937984496,0.72438163,0.515151515,0.162162162,93.47545680526859,4.354838843648321,5.212815239711732,5.046426699585773,4.53943526416783,-0.34585535526275635,"Ryan Pressly",7005,519151
"Daysbel Hernández","ATL",4,3,0,39,0,37,8.027028682199155,7.297298801999232,0.7297298801999231,0.25,0.78467153,0.463917525,0.073170731,97.71250497611464,3.4054061075996414,4.217253944351326,5.000001567606591,5.6543614837943235,-0.35122784972190857,"Daysbel Hernandez",20271,678226
"Sam Long","KCR",2,3,0,39,0,40.1,7.36363729223296,4.909091528155307,1.5619836680494157,0.328,0.65916399,0.396946564,0.145833333,93.36464914259928,5.355372576169426,4.952204721501,5.54009529917176,5.118694100001032,-0.3634489178657532,"Sam Long",25379,669674
"Quinn Priester","MIL",3,0,0,5,0,26.2,5.062500120699409,3.3750000804662723,1.6875000402331362,0.189873417721519,0.65217391,0.638554216,0.277777777,,5.062500120699409,4.213141256757144,5.572636376321317,4.175810380504705,-0.36893758177757263,"Quinn Priester",25977,682990
"Jordan Romano","PHI",2,4,8,49,0,42.2,9.914063977310654,3.5859380343464067,2.1093753143214156,0.3181818181818182,0.49019608,0.37815126,0.181818181,95.37512112403101,8.226563725853522,4.080618091065739,5.385136653482965,4.325659831085953,-0.37020063400268555,"Jordan Romano",16122,605447
"Zach Agnos","COL",1,3,4,30,0,31.1,5.457447694404714,4.882979516046324,1.4361704458959776,0.26804123711340205,0.56097561,0.405940594,0.116279069,95.77554915787337,6.606384051121497,6.493879323387671,5.624498424426482,5.6658215333524,-0.37271127104759216,"Zach Agnos",31552,688642
"Joe La Sorsa","CIN",0,1,0,5,0,6.2,2.70000025749209,2.70000025749209,5.40000051498418,0.36,0.63829787,0.296296296,0.285714285,92.23270089285714,10.80000102996836,5.4705505795346285,11.235137090683057,6.672789216652193,-0.3763221800327301,"Joe La Sorsa",25481,686747
"Jeff Hoffman","TOR",9,7,33,71,0,68,11.117648306190077,3.573529812703953,1.985294340391085,0.2484076433121019,0.796875,0.394117647,0.2,96.35514322916667,4.367647548860387,3.7462716722675578,4.899842398554418,3.7326429824450904,-0.37737658619880676,"Jeff Hoffman",17432,656546
"Ryan Loutos","- - -",1,0,0,12,0,12,6.000000476837196,6.000000476837196,3.000000238418598,0.34782608695652173,0.36885246,0.4375,0.25,95.42671103789428,12.750001013279041,7.547399796288187,8.635136755307549,6.3574556606864405,-0.38940247148275375,"Ryan Loutos",29521,702795
"Carson Seymour","SFG",0,1,0,13,0,26.2,7.087500168979172,3.3750000804662723,2.025000048279763,0.24324324324324326,0.86466165,0.531645569,0.260869565,96.71469514266305,3.3750000804662723,5.580478891167319,5.722636379897596,4.127386500874167,-0.397887259721756,"Carson Seymour",30084,693313
"Bryse Wilson","CHW",0,1,0,15,0,25.2,4.909091395498637,3.155844468534838,2.4545456977493183,0.32941176470588235,0.70175439,0.318681318,0.184210526,92.88642810639881,7.012987707855196,7.771191206830305,6.641630172134385,5.378750590985957,-0.4026555120944977,"Bryse Wilson",19990,669060
"Troy Melton","DET",1,1,0,12,0,25,6.120000933838033,3.960000604248139,1.800000274658245,0.16417910447761194,0.95238095,0.436619718,0.166666666,97.27761670225155,2.520000384521543,4.2663747109513395,5.815136727142397,5.065223790468211,-0.4113682806491852,"Troy Melton",31807,675512
"Zach Pop","- - -",0,1,0,5,0,6.2,4.050000386238135,2.70000025749209,5.40000051498418,0.3793103448275862,0.48387097,0.545454545,0.8,96.05870056152344,14.850001416206496,10.710360856472477,11.385137104988173,4.74144095749184,-0.4151224419474602,"Zach Pop",20185,647315
"Josh Simpson","MIA",4,2,0,31,0,30.2,10.565219581690991,6.456523077700051,1.4673916085681933,0.3411764705882353,0.59615385,0.539325842,0.208333333,94.41427791819854,7.336958042840966,4.666879404857196,5.3525280822653905,4.439541269780232,-0.41820821166038513,"Josh Simpson",25957,681006
"Andrew Heaney","- - -",0,0,0,4,0,5.1,5.0625012069943445,5.0625012069943445,6.750001609325793,0.4090909090909091,0.38461538,0.384615384,0.5,90.57912125126008,20.250004827977378,10.415931032024114,13.44763877689897,6.010245975878157,-0.42718909680843353,"Andrew Heaney",15423,571760
"John King","STL",2,1,0,51,0,48.1,5.2137944751067264,2.6068972375533632,1.4896555643162075,0.3313953488372093,0.72271386,0.59217877,0.210526315,93.40836958451705,4.655173638488148,4.798455480311924,4.9972057736020465,4.057607470455473,-0.4313054084777832,"John King",22051,667463
"Alek Jacob","SDP",1,0,0,29,0,33.1,6.210001658249344,3.780001009369166,1.6200004325867854,0.28846153846153844,0.75630252,0.363636363,0.125,85.4579369329637,5.130001369858154,5.023590595363376,5.8951370552064954,5.775241636495103,-0.4324561655521393,"Alek Jacob",29628,689690
"Jordan Hicks","- - -",1,2,2,25,0,22,6.954546961902913,6.545455964143919,1.2272729932769848,0.3333333333333333,0.58411215,0.492957746,0.157894736,98.10609475160257,7.772728957420903,5.980121417836632,6.089682413132861,5.648457180276971,-0.43245699256658554,"Jordan Hicks",19618,663855
"Jon Gray","TEX",1,1,0,6,0,14,7.714286239779761,3.8571431198898805,3.214285933241567,0.25,0.64285714,0.177777777,0.178571428,94.80679845328282,7.714286239779761,6.236934745762563,7.349422319567953,5.790043700075652,-0.4368956685066223,"Jon Gray",14916,592351
"Tim Herrin","CLE",5,4,0,54,0,42.2,9.492190611782572,6.328127074521715,1.054687845753619,0.2962962962962963,0.75757576,0.419642857,0.108695652,94.74771118164062,4.851564090466648,4.4024320029762825,5.080449455930129,5.2191997001788675,-0.4419720470905304,"Tim Herrin",25139,682120
"Thomas Hatch","- - -",1,1,0,11,0,29,5.586206896551724,4.344827586206897,2.1724137931034484,0.3225806451612903,0.7038835,0.46,0.194444444,93.32357295866936,6.517241379310345,5.162049286274101,6.479963904413683,5.255916157262079,-0.44231581315398216,"Thomas Hatch",19264,641672
"Lucas Sims","WSN",1,0,0,18,0,12.1,9.486489665169733,10.216219639413557,1.4594599484876511,0.3333333333333333,0.49689441,0.405405405,0.153846153,95.06122967479675,13.864869510632687,7.567371616768077,8.243246137913566,7.760214443007434,-0.45076772570610046,"Lucas Sims",13470,608371
"Keider Montero","DET",1,0,0,8,0,32.2,7.163265863789606,2.7551022553036946,2.4795920297733254,0.29,0.79096045,0.444444444,0.214285714,94.44429154829545,5.510204510607389,4.234648518304617,6.043299809916243,4.443903294219152,-0.45254015922546387,"Keider Montero",22630,672456
"Colin Holderman","PIT",0,2,1,24,0,25.2,6.311689875141955,5.6103910001261825,1.4025977500315456,0.35294117647058826,0.66810345,0.534090909,0.16,97.11348100142045,7.012988750157728,5.730551292439157,5.862409721045904,5.338129702990615,-0.45517227053642273,"Colin Holderman",22361,670059
"Joe Mantiply","ARI",0,1,0,10,0,9.2,7.448277086763889,2.7931039075364588,4.655173179227431,0.5121951219512195,0.56521739,0.431818181,0.294117647,88.34922790527344,15.827588809373266,5.586865656430531,9.445482183381749,5.432678249588001,-0.4646260440349579,"Joe Mantiply",14857,573009
"Konnor Pilkington","WSN",2,0,0,32,0,28.1,10.800001938764135,5.400000969382067,2.223529810922028,0.23809523809523808,0.80128205,0.271428571,0.2,94.38483845338983,4.447059621844056,6.433426854017897,5.958666236837933,4.651402802792872,-0.46482113003730774,"Konnor Pilkington",21453,663455
"Valente Bellozo","MIA",1,1,0,26,0,56.1,5.751479419764218,1.9171598065880726,1.9171598065880726,0.2833333333333333,0.73089701,0.333333333,0.127659574,90.73442861519608,5.112426150901527,5.564487230905259,5.371822759226205,5.1751984161611055,-0.47175493836402893,"Valente Bellozo",23899,678368
"Alex Carrillo","NYM",0,1,0,3,0,4.2,7.714286765273879,3.8571433826369397,7.714286765273879,0.18181818181818182,0.58823529,0.133333333,0.363636363,97.79629603794643,13.50000183922929,15.428939591157702,14.492280722637776,6.9835223702377665,-0.4834936261177063,"Alex Carrillo",26463,692024
"Eduardo Salazar","WSN",0,1,0,30,0,29,7.137931973415503,4.965517894549915,2.1724140788655877,0.3883495145631068,0.64575646,0.509259259,0.21875,95.32836126512096,8.37931144705298,5.906022338082309,6.445481581240064,5.008779946510529,-0.48647627234458923,"Eduardo Salazar",23135,674285
"Jackson Rutledge","WSN",4,2,0,63,0,73.1,7.977274110494807,2.9454550561826975,1.9636367041217984,0.3256880733944954,0.72175732,0.405172413,0.163265306,95.73334661989796,5.768182818357783,4.72665309155768,5.466954904351423,4.69091549046979,-0.49069443345069885,"Jackson Rutledge",26215,671131
"Beau Brieske","DET",1,3,1,21,0,20.2,6.0967749437855066,4.790323170117184,2.1774196227805382,0.27941176470588236,0.53571429,0.375,0.15625,96.01463793682795,6.967742792897722,4.303712460458104,6.5222335091987365,5.764281387223899,-0.5020399689674377,"Beau Brieske",26079,689225
"Shaun Anderson","LAA",1,0,0,7,0,11.1,8.73529656783176,2.382353609408662,4.764707218817324,0.3888888888888889,0.68493151,0.31707317,0.315789473,92.24088541666667,10.323532307437533,6.183722173184397,8.870432044560973,4.5727585138986235,-0.5029946565628052,"Shaun Anderson",19453,641312
"Jorge Alcala","- - -",0,2,0,56,0,55,9.981819739539018,4.909091675183124,2.1272730592460203,0.34868421052631576,0.67258883,0.333333333,0.164556962,97.41342673788266,6.218182788565291,4.485206292611448,5.680591260894333,4.822362142758498,-0.5071176439523697,"Jorge Alcala",19459,660896
"Shinnosuke Ogasawara","WSN",1,0,0,21,0,32,7.312501307577128,4.500000804662848,2.250000402331424,0.26666666666666666,0.68783069,0.322916666,0.177777777,91.03288477422907,6.468751156702845,5.302530853005637,6.353886893764241,5.271957611730032,-0.5145236849784851,"Shinnosuke Ogasawara",35324,829272
"Kevin Kelly","TBR",2,5,0,41,0,39.2,7.941178507105341,2.042017330398516,2.495798959375964,0.29310344827586204,0.64766839,0.42519685,0.239130434,92.16632453762755,5.899161176706825,6.373920451380056,5.656145368081498,3.839002258727211,-0.5165374875068665,"Kevin Kelly",25679,687330
"José Fermin","LAA",3,2,0,40,0,34.1,10.223302485390448,6.029127106768725,2.097087689310861,0.20987654320987653,0.74074074,0.303370786,0.163265306,96.95427605799372,4.45631133978558,4.0905659674646575,5.989505673102126,5.1607257374576525,-0.5329080820083618,"Jose Fermin",33908,820862
"Jonathan Loáisiga","NYY",0,1,1,30,0,29.2,7.584271775910733,3.033708710364293,2.1235960972550054,0.3,0.86021505,0.505263157,0.259259259,96.71810477120536,4.247192194510011,3.6165122574052257,5.831766282975048,4.167506094572134,-0.5360051393508911,"Jonathan Loaisiga",19753,642528
"Ryan Zeferjahn","LAA",6,5,2,61,0,56,11.410715840300947,5.625000766345537,1.7678573837085974,0.2803030303030303,0.79608939,0.35971223,0.180327868,97.44396362304687,4.660714920686302,4.333212927054463,5.242279462425116,4.36810252551487,-0.5383986830711365,"Ryan Zeferjahn",25420,666171
"Scott Alexander","- - -",1,1,0,21,0,17.2,4.075473192282736,4.584907341318078,2.54717074517671,0.3103448275862069,0.80769231,0.507936507,0.25,,6.113209788424104,9.04836097683692,7.606836070850345,5.672955340854404,-0.5522335395216942,"Scott Alexander",10591,518397
"Tayler Scott","- - -",1,2,0,24,0,27.1,7.902440770618795,5.926830577964096,1.9756101926546987,0.32941176470588235,0.62780269,0.431818181,0.171428571,92.09987378026186,7.902440770618795,6.437618863536388,6.318063850817135,5.438583510785529,-0.5656270384788513,"Tayler Scott",13652,605463
"Cam Booser","CHW",2,4,1,39,0,31,10.16129344856922,5.516130729223291,2.3225813596729648,0.25316455696202533,0.71428571,0.321428571,0.166666666,95.83457848146388,5.516130729223291,4.431048597695534,6.26416953887731,5.296539793138651,-0.5678555965423584,"Cam Booser",16061,592155
"Anthony DeSclafani","ARI",1,0,2,9,0,25,8.28,2.52,2.88,0.2153846153846154,0.90909091,0.450704225,0.258064516,94.29062810019842,4.32,3.861662941076106,6.535136318206787,4.2868930685520175,-0.5706945657730103,"Anthony DeSclafani",13050,543101
"Carlos Vargas","SEA",5,5,1,70,0,77,6.311689562451164,2.6883122210440145,1.1688314004539193,0.29957805907172996,0.74226804,0.561475409,0.149253731,96.51284993489584,3.9740267615433256,3.6070661499137175,4.589682060993887,4.242883733714818,-0.5852479934692383,"Carlos Vargas",22915,672841
"Austin Cox","ATL",0,0,0,12,0,21,9.000000817435202,3.0000002724784007,3.85714320747223,0.29508196721311475,0.65420561,0.428571428,0.333333333,92.7888739224138,8.571429349938288,6.239177780091735,7.70656530484054,4.117372669298204,-0.6014180779457092,"Austin Cox",24604,680735
"Alexis Díaz","- - -",1,0,0,18,0,17.2,8.660379072660227,6.1132087571719245,3.0566043785859622,0.2,0.63559322,0.274509803,0.24,93.58284581264603,8.150945009562566,6.521559566595025,8.512495873126536,6.279107668983439,-0.6126448698341846,"Alexis Diaz",21132,664747
"Porter Hodge","CHC",2,2,2,36,0,33,10.909092170148002,4.909091476566601,2.4545457382833007,0.3125,0.7106599,0.382022471,0.25,,6.272727997835101,4.167216547398847,5.892712394549754,4.0291550679951005,-0.6411134600639343,"Porter Hodge",26413,687863
"Keegan Akin","BAL",5,4,8,61,0,59.2,8.145252785326191,4.525140436292329,1.5083801454307761,0.2721518987341772,0.8,0.379518072,0.142857142,93.65495553118909,3.620112349033863,4.7146508264035205,5.062510948479446,4.69248438319754,-0.6493656635284424,"Keegan Akin",19362,669211
"George Soriano","MIA",2,0,1,24,0,36.2,8.836364249237356,4.663636687097493,2.454545624788154,0.33962264150943394,0.58490566,0.44347826,0.285714285,96.04307196392277,8.345455124279724,7.307676678268203,6.435136547088639,4.361342112830737,-0.6867486834526062,"George Soriano",21863,666277
"Angel Chivilli","COL",1,5,0,43,0,58.2,6.596592481841116,3.5284099321475733,1.9943186573008023,0.33157894736842103,0.64516129,0.507389162,0.2,97.12702792553192,7.0568198642951465,5.455852593823885,6.032864281806244,4.8603592658100325,-0.7012470960617065,"Angel Chivilli",26790,683409
"Ryan Rolison","COL",1,0,0,30,0,41.1,5.225807094673291,4.3548392455610765,2.395161585058592,0.3208955223880597,0.66552901,0.482517482,0.234042553,92.78031479030945,7.185484755175776,5.771581775639032,6.885136779662159,5.178565951805917,-0.7240006327629089,"Ryan Rolison",22200,669020
"Noah Davis","- - -",0,2,0,9,0,11,12.272728336744164,4.909091334697666,5.727273223813944,0.5,0.43650794,0.378378378,0.583333333,94.58228824013158,18.000001560558108,12.606263343624148,12.226046197276538,5.635215787460975,-0.7393521666526794,"Noah Davis",25862,663562
"Luis Peralta","COL",1,3,0,22,0,19,7.578949650899882,8.526318357262367,2.8421061190874557,0.3389830508474576,0.63829787,0.307692307,0.214285714,94.67532467532467,9.473687063624853,9.078677129776597,8.714085366785866,6.880858541756346,-0.7490718364715576,"Luis Peralta",24203,678821
"Génesis Cabrera","- - -",0,1,1,40,0,42.2,7.382814260200086,3.7968759052457584,2.5312506034971722,0.2833333333333333,0.69105691,0.386363636,0.193548387,95.68270405962423,6.539064059034362,4.666662870010513,6.557012134045557,5.14110173827703,-0.9244322781451046,"Genesis Cabrera",17490,650893
"Chad Green","TOR",3,2,1,45,0,43.2,7.2137421385186205,2.6793899371640593,2.8854968554074483,0.29365079365079366,0.81896552,0.330935251,0.20289855,95.22635460434174,5.5648867925715075,5.966381302371616,6.730557003119243,4.998801165817531,-0.9372482299804688,"Chad Green",15552,643338